0,水利
1,水资源
2,水利科学
3,水利资源
4,水能资源
5,水科学
6,水危机
7,水安全
8,水利普查
9,水利系统
10,城市水利
11,牧区水利
12,水利渔业
13,水务管理
14,水域
15,湿地
16,流域规划
17,长江流域综合规划
18,河流综合利用
19,海洋开发利用
20,跨流域开发
21,跨流域调水
22,红水河梯级开发
23,黄河断流
24,黄河治理
25,黄河调水调沙
26,淮河治理
27,水利工程
28,水利枢纽
29,水库
30,串联水库
31,调蓄水库
32,注入式水库
33,平原水库
34,地下水库
35,水库库区综合利用开发
36,水库特征水位
37,水库正常蓄水位
38,水库死水位
39,水库设计洪水位
40,水库防洪限制水位
41,水库校核洪水位
42,水库防洪高水位
43,水库消落深度
44,库容
45,兴利库容
46,死库容
47,有效库容
48,防洪库容
49,拦洪库容
50,调洪库容
51,共用库容
52,径流调节
53,水库调节周期
54,多年调节
55,年调节
56,日调节
57,反调节
58,调节系数
59,调节流量
60,补偿调节
61,水库调度
62,水库调度图
63,蓄放水次序
64,水量利用系数
65,水量累积曲线
66,库区防渗
67,库盘防渗
68,库岸加固
69,共工
70,鲧
71,禹
72,孙叔敖
73,伍子胥
74,西门豹
75,李冰
76,郑国
77,监禄
78,徐伯
79,兒宽
80,召信臣
81,王延世
82,贾让
83,张戎
84,杜诗
85,王景
86,马臻
87,陈登
88,邓艾
89,马钧
90,杜预
91,桓温
92,宇文恺
93,姜师度
94,钱镠
95,范仲淹
96,侯叔献
97,沈括
98,郏亶
99,郭守敬
100,贾鲁
101,夏原吉
102,潘季驯
103,徐光启
104,靳辅
105,陈潢
106,禹贡
107,管子
108,史记·河渠书
109,汉书·沟洫志
110,宋史·河渠志
111,元史·河渠志
112,新元史·河渠志
113,明史·河渠志
114,清史稿·河渠志
115,水经
116,水经注
117,水部式
118,吴中水利书
119,至正河防记
120,治河图略
121,河防通议
122,治水筌蹄
123,浙西水利书
124,问水集
125,三吴水利录
126,河防一览
127,泰西水法
128,治河方略
129,河防述言
130,禹贡锥指
131,今水经
132,水经注释
133,钦定河源纪略
134,行水金鉴
135,续行水金鉴
136,河工蠡测
137,河干问答
138,筑圩图说
139,山东运河备览
140,两浙海塘通志
141,河渠纪闻
142,水道提纲
143,中衢一勺
144,江南水利全书
145,畿辅河道水利丛书
146,畿辅水利议
147,西域水道记
148,河工器具图说
149,荆州万城堤志
150,历代黄河变迁图考
151,黄河概况及治本探讨
152,芍陂
153,胥溪
154,胥浦
155,京杭运河
156,邗沟
157,西门豹渠
158,引漳十二渠
159,鸿沟
160,狼汤渠
161,都江堰
162,郑国渠
163,秦渠
164,白起渠
165,灵渠
166,兴安运河
167,湘桂运河
168,金堤
169,山河堰
170,汉延渠
171,漕渠
172,昆明池
173,白渠
174,六门陂
175,龙首渠
176,钳卢陂
177,汴水
178,八激堤
179,鉴湖
180,洪泽湖大堤
181,高家堰
182,天井堰
183,白沟
184,利漕渠
185,赤山湖
186,破岗渎
187,车箱渠
188,练湖
189,荻塘
190,艾山渠
191,浮山堰
192,通济堰
193,广通渠
194,通济渠
195,永济渠
196,江南运河
197,江南河
198,广济渠
199,东钱湖
200,唐徕渠
201,里运河
202,它山堰
203,楚州西河闸
204,长渠
205,范公堤
206,万春圩
207,芙蓉湖
208,木兰陂
209,永丰圩
210,桑园围
211,松花坝
212,胶莱河
213,济州河
214,会通河
215,通惠河
216,荆江大堤
217,海塘
218,浙江海塘
219,江南海塘
220,钱塘江海塘
221,三江闸
222,泇河
223,八堡圳
224,察布查尔渠
225,后套八大渠
226,大清渠
227,惠农渠
228,昌润渠
229,嘉南大圳
230,民生渠
231,泾惠渠
232,洛惠渠
233,渭惠渠
234,陕西八惠
235,吴江水则碑
236,涪陵石鱼
237,水文学
238,工程水文学
239,城市水文学
240,农业水文学
241,森林水文学
242,水文气象学
243,地下水水文学
244,随机水文学
245,系统水文学
246,同位素水文学
247,水圈
248,水文循环
249,水汽输送
250,水量平衡
251,热量平衡
252,温室效应
253,热岛效应
254,雨岛效应
255,水文年度
256,水文资料
257,水文年鉴
258,水文图集
259,水文手册
260,水文调查
261,水文实验
262,水文区划
263,分水线
264,流域
265,流域面积
266,数字高程模型
267,数字流域
268,河流
269,内流河
270,外流河
271,间歇河
272,水系
273,河网密度
274,瀑布
275,河源
276,河口
277,上游
278,中游
279,下游
280,干流
281,支流
282,河床
283,河槽
284,深泓线
285,湖泊
286,湖盆
287,淡水湖
288,咸水湖
289,内陆湖
290,外流湖
291,冰川湖
292,冰蚀湖
293,冰碛湖
294,喀斯特湖
295,断层湖
296,构造湖
297,堰塞湖
298,内流区
299,外流区
300,无流区
301,湖流
302,波漾
303,沼泽
304,草甸沼泽
305,森林沼泽
306,泥炭沼泽
307,盐沼
308,沮洳地
309,冰川
310,大陆冰川
311,高山冰川
312,降水
313,降水量
314,气旋雨
315,地形雨
316,台风雨
317,对流雨
318,雷雨
319,梅雨
320,阵雨
321,暴雨
322,淫雨
323,人工降水
324,水情
325,丰水年
326,中水年
327,枯水年
328,汛期
329,春汛
330,桃汛
331,伏汛
332,秋汛
333,涨水
334,退水
335,墒情
336,河流冰情
337,凌汛
338,冰盖
339,封冻
340,冻结
341,解冻
342,文开河
343,武开河
344,淌凌
345,冰隙
346,冰塞
347,冰坝
348,雪
349,雪线
350,雪崩
351,水文站
352,水文测验
353,水文信息
354,水文遥感
355,雨量
356,雨量器
357,自记雨量计
358,雷达测雨
359,水位
360,水尺
361,自记水位计
362,平均水位
363,测深仪
364,流速
365,流速仪
366,流量
367,水位流量关系
368,水面比降
369,水面蒸发器
370,土壤蒸发器
371,降水强度
372,降水历时
373,历时曲线
374,等雨量线
375,截留
376,填洼
377,下渗
378,蒸发
379,水面蒸发
380,土壤蒸发
381,植物散发
382,潜水蒸发
383,流域总蒸发
384,径流
385,地面径流
386,壤中径流
387,地下径流
388,暴雨径流
389,枯水径流
390,融雪径流
391,流域产沙
392,河流泥沙
393,输沙率
394,输沙量
395,水文预报
396,径流预报
397,洪水预报
398,实时洪水预报
399,概率水文预报
400,地下水预报
401,枯水预报
402,冰情预报
403,施工水文预报
404,中长期水文预报
405,流域产流
406,蓄满产流
407,超渗产流
408,降雨径流关系
409,径流系数
410,流域汇流
411,流域汇流时间
412,单位线
413,等流时线
414,洪水波
415,洪水演算
416,水文模型
417,新安江模型
418,水文自动测报系统
419,水文计算
420,水文特征值
421,模比系数
422,水文不确定性
423,水文统计
424,均值@@@@
425,变差系数
426,偏态系数
427,水文频率
428,重现期
429,频率曲线
430,设计标准
431,水文极值
432,正常降水量
433,径流量
434,正常径流量
435,设计年径流
436,径流模数
437,暴雨频率
438,设计暴雨
439,暴雨移置
440,可能最大降水
441,洪水总量
442,洪水频率
443,设计洪水
444,历史洪水
445,古洪水
446,可能最大洪水
447,水文风险
448,洪水风险
449,水利计算
450,调洪演算
451,世界水资源
452,中国水资源
453,淡水
454,咸水
455,水资源总量
456,水资源开发
457,水资源利用
458,水资源可持续利用
459,可供水量
460,用水定额
461,重复利用率
462,河道内需水
463,环境需水
464,生态需水
465,水资源供需平衡分析
466,水资源评价
467,水资源系统
468,水资源规划
469,基准年
470,水平年
471,水资源配置
472,水资源调度
473,水资源保护
474,水资源管理
475,资源型缺水
476,工程型缺水
477,水质型缺水
478,非常规水资源
479,洪水资源化
480,雨水利用
481,海水淡化
482,中水回用
483,污水资源化
484,地下含水层
485,地下水容许开采量
486,地下水超采
487,地下水回灌
488,水资源承载能力
489,水功能区
490,地质学
491,工程地质学
492,土质学
493,水文地质学
494,地貌学
495,地质作用
496,矿物
497,岩石
498,基岩
499,覆盖层
500,岩浆岩
501,火成岩
502,沉积岩
503,变质岩
504,岩脉
505,层面
506,透镜体
507,花岗岩
508,玄武岩
509,凝灰岩
510,砾岩
511,砂岩
512,页岩
513,黏土岩
514,石灰岩
515,白云岩
516,第四纪
517,第四纪地质学
518,片麻岩
519,片岩
520,板岩
521,石英岩
522,大理岩
523,糜棱岩
524,构造岩
525,高岭石
526,地质构造
527,新构造运动
528,地质年代
529,化石
530,褶皱
531,岩层产状
532,走向
533,倾向
534,倾角
535,断层
536,断层带
537,裂隙
538,裂隙率
539,裂隙等密图
540,裂隙极点图
541,裂隙玫瑰图
542,卸荷裂隙
543,地应力
544,结构面
545,河谷
546,流水侵蚀作用
547,泥石流
548,古河床
549,河谷阶地
550,喀斯特
551,喀斯特率
552,溶洞
553,落水洞
554,溶蚀洼地
555,地震
556,震源
557,震中
558,震域
559,地震波
560,地震震级
561,地震烈度
562,地震效应
563,水库诱发地震
564,水库渗漏
565,水库影响区
566,水库塌岸
567,水库浸没
568,地质图
569,工程地质图
570,水文地质图
571,地貌图
572,地下水
573,透水层
574,岩石水理性质
575,软化系数
576,抗冻系数
577,容水性
578,持水度
579,透水性
580,渗透系数
581,毛管水上升高度
582,含水层
583,不透水层
584,弱透水层
585,多孔介质
586,典型单元体
587,含水层系统
588,地下水流系统
589,水文地质单元
590,区域地下水流
591,局部地下水流
592,含水构造
593,断裂含水带
594,饱水带
595,地下水面
596,承压水面
597,地下水位
598,包气带水
599,上层滞水
600,潜水
601,潜水面
602,地下水埋藏深度
603,潜水溢出带
604,地下水等水位线图
605,承压水
606,承压水盆地
607,地下水等水压线图
608,层间水
609,孔隙水
610,裂隙水
611,喀斯特水
612,地下热水
613,肥水
614,泉
615,水文地质条件
616,地下水补给条件
617,地下水径流条件
618,地下水排泄条件
619,地下水稳定运动
620,地下水非稳定运动
621,导水系数
622,贮水系数
623,越流
624,降水入渗补给系数
625,地下水化学成分
626,地下水污染
627,湿润性
628,水动力弥散
629,水-岩相互作用
630,渗水析出物
631,地下水资源
632,地下水储量
633,水文地质勘探
634,水文地质钻探
635,分层止水
636,沉淀管
637,渗水试验
638,注水试验
639,抽水试验
640,微水试验
641,单位涌水量
642,降落漏斗
643,影响半径
644,水位降深
645,井群干扰
646,观测孔
647,压水试验
648,高压压水试验
649,透水率
650,地质体
651,地质建模
652,地质模型
653,工程地质力学模型
654,水文地质概念模型
655,岩体
656,岩块
657,岩体结构
658,岩石质量指标
659,赤平极射投影
660,红土
661,黄土
662,湿陷性
663,冻土
664,岩石风化
665,风化壳
666,风化带
667,夹层风化
668,潜在不稳定体
669,地质工程
670,岩体卸荷带
671,崩塌
672,倾倒
673,蠕动
674,岩爆
675,工程地质勘察
676,工程地质测绘
677,勘探工程
678,原型监测
679,综合测井
680,工程地质勘探
681,山地工作
682,地球物理勘探
683,地震勘探
684,声波探测
685,电法勘探
686,钻探
687,工程地质试验
688,连通试验
689,工程地质条件
690,区域稳定性
691,工程动力地质作用
692,地质灾害
693,地面沉降
694,地面下沉
695,软土
696,软弱结构面
697,滑坡
698,位移
699,速度
700,加速度
701,相对运动
702,绝对运动
703,牵连运动
704,科氏加速度
705,摩擦力
706,达朗贝尔原理
707,惯性力
708,自由度
709,自由振动
710,强迫振动
711,振动频率
712,振动周期
713,振型
714,阻尼
715,阻尼振动
716,临界转速
717,动力系数
718,随机振动
719,计算简图
720,支座
721,静定结构
722,超静定结构
723,杆
724,梁
725,柱
726,板
727,壳
728,桁架
729,刚架
730,内力
731,轴力
732,剪力
733,扭矩
734,弯矩
735,变形
736,拉压
737,剪切
738,扭转
739,弯曲
740,组合变形
741,应变
742,主应变
743,广义应变
744,应力
745,正应力
746,切应力
747,主应力
748,刚度
749,挠度
750,截面核心
751,惯性矩
752,截面模量
753,主轴
754,弯曲中心
755,切应力互等定理
756,主应力轨迹线
757,应力状态
758,应力圆
759,八面体应力
760,广义应力
761,强度
762,强度理论
763,最大拉应力理论
764,最大伸长线应变理论
765,最大切应力理论
766,八面体剪应变
767,应变能
768,余能
769,形状改变比能
770,形状改变比能理论
771,莫尔-库仑强度理论
772,格里菲斯强度理论
773,应力集中
774,接触应力
775,温度应力
776,残余应力
777,装配应力
778,交变应力
779,动应力
780,徐变
781,徐变应力
782,断裂
783,应力强度因子
784,断裂韧度
785,裂纹张开位移
786,能量释放率
787,J积分
788,应力腐蚀断裂
789,张拉型裂缝
790,剪切型裂缝
791,撕开型裂缝
792,复合型裂缝
793,断裂判据
794,断裂能
795,断裂模型
796,裂缝稳定
797,裂缝扩展
798,损伤
799,损伤变量
800,损伤张量
801,损伤准则
802,损伤演化方程
803,损伤模型
804,损伤区
805,结构稳定性
806,临界荷载
807,极限荷载
808,疲劳
809,疲劳强度
810,疲劳极限
811,疲劳破坏
812,应力松弛
813,弹性
814,弹性模量
815,泊松比
816,胡克定律
817,圣维南原理
818,各向同性材料
819,各向异性材料
820,塑性
821,黏性
822,黏弹性
823,黏塑性
824,简单加载
825,全量理论
826,增量理论
827,塑性区
828,应力张量
829,应变张量
830,平衡方程
831,几何方程
832,本构方程
833,边界条件
834,屈服条件
835,流动法则
836,强化模型
837,应变软化
838,理想弹塑性材料
839,刚塑性材料
840,塑性极限定理
841,力法
842,位移法
843,混合法
844,矩阵位移法
845,叠加原理
846,最小势能原理
847,最小余能原理
848,虚功原理
849,虚位移原理
850,虚力原理
851,变分法
852,有限元法
853,边界元法
854,子结构分析法
855,有限条法
856,有限差分法
857,加权余量法
858,无网格法
859,结构优化设计
860,设计变量
861,目标函数
862,约束条件
863,结构安全寿命
864,作用效应
865,原型试验
866,模型试验
867,相似定理
868,方程分析法
869,量纲分析法
870,电阻应变计
871,电桥测量电路
872,应变仪
873,传感器
874,激振系统
875,拾振系统
876,结构动力特性实验
877,实验模态分析
878,模态参数识别
879,模拟信号
880,数字信号
881,模数转换
882,采样定理
883,实验数据采集
884,实验数据处理分析
885,光弹性法
886,云纹法
887,全息干涉法
888,云纹干涉法
889,数字全息
890,数字图像相关
891,全息光弹法
892,散斑干涉法
893,栅线投影法
894,光学引伸计
895,超载安全系数
896,强度折减安全系数
897,抗震设计
898,地震基本烈度
899,超越概率
900,设计烈度
901,地震地面运动
902,地震动幅值
903,地震动频谱
904,地震动持时
905,地震动峰值加速度
906,设计地震加速度
907,地震作用效应
908,反应谱
909,设计反应谱
910,场地特征周期
911,拟静力法
912,动力法
913,振型叠加法
914,反应谱法
915,平方和方根
916,完全二次型方根
917,动力相互作用
918,水力学
919,水静力学
920,水动力学
921,黏滞性
922,牛顿内摩擦定律
923,黏性系数
924,黏性流体
925,理想流体
926,牛顿流体
927,非牛顿流体
928,宾厄姆流体
929,表面力
930,质量力
931,体积力
932,静水压力
933,静水压强
934,等压面
935,大气压
936,相对压强
937,绝对压强
938,真空
939,测压管
940,测压管水头
941,压差计
942,位置水头
943,单位势能
944,压力中心
945,潜体
946,潜体平衡稳定性
947,浮体
948,浮力
949,浮心
950,浮轴
951,浮面
952,定倾中心
953,定倾半径
954,流体运动要素
955,流线
956,迹线
957,恒定流
958,非恒定流
959,流管
960,流束
961,过水断面
962,元流
963,总流
964,湿周
965,水力半径
966,一元流
967,二元流
968,三元流
969,连续性方程
970,单位动能
971,流速水头
972,总水头
973,单位机械能
974,水头损失
975,能量方程
976,伯努利方程
977,动量方程
978,总水头线
979,测压管水头线
980,水力坡度
981,皮托管
982,文丘里流量计
983,测压管坡度
984,射流
985,层流
986,紊流
987,雷诺数
988,临界雷诺数
989,时间平均值
990,水流脉动
991,流体力学
992,有旋运动
993,无旋运动
994,边界层
995,驻点
996,尾流
997,涡线
998,涡管
999,势流
1000,源流
1001,汇流
1002,水跃
1003,水跃长度
1004,共轭水深
1005,临界流
1006,水力指数
1007,谢才公式
1008,边坡坡度
1009,允许流速
1010,弗劳德数
1011,缓流
1012,急流
1013,陡坡
1014,缓坡
1015,临界底坡
1016,水面曲线
1017,回水曲线
1018,谢才系数
1019,局部阻力系数
1020,沿程阻力系数
1021,局部水头损失
1022,沿程水头损失
1023,无压流
1024, 
1025,有压流
1026,短管
1027,长管
1028,流量模数
1029,串联管道
1030,并联管道
1031,管网
1032,枝状管网
1033,闭合管网
1034,巴甫洛夫斯基公式
1035,曼宁公式
1036,莫迪图
1037,摩阻流速
1038,紊流混合长度
1039,正常水深
1040,虹吸管
1041,水力最佳断面
1042,棱柱形渠道
1043,非棱柱形渠道
1044,渠道底坡
1045,堰
1046,堰流
1047,堰上水头
1048,薄壁堰
1049,实用堰
1050,宽顶堰
1051,淹没堰流
1052,自由堰流
1053,侧收缩系数
1054,侧堰
1055,淹没系数
1056,渗流
1057,浸润线
1058,渗流量
1059,达西定律
1060,渗流图解法
1061,等势线
1062,平面渗流
1063,渗透压力
1064,非恒定流波动
1065,顺涨波
1066,顺落波
1067,逆涨波
1068,逆落波
1069,连续波
1070,非连续波
1071,波速
1072,波流量
1073,圣维南方程组
1074,明渠非恒定流基本方程组
1075,淹没水跃
1076,临界水跃
1077,远驱水跃
1078,自由水跃
1079,强迫水跃
1080,闸孔出流
1081,高速水流
1082,空化
1083,空蚀
1084,空化数
1085,临界空化数
1086,空蚀强度
1087,阴极保护法
1088,超空穴
1089,减压箱
1090,循环水洞
1091,磁电振荡仪
1092,掺气水流
1093,明渠自掺气水流
1094,掺气浓度
1095,非均匀掺气水流
1096,均匀掺气水流
1097,均匀掺气断面
1098,冲击波
1099,单相流
1100,二相流
1101,多相流
1102,孔口
1103,管嘴
1104,跟踪水位计
1105,激光测速仪
1106,热丝流速仪
1107,热膜流速仪
1108,强迫掺气
1109,减压模型
1110,常压模型
1111,河流动力学
1112,河床横断面
1113,河床纵剖面
1114,比降
1115,弯道环流
1116,螺旋流
1117,副流
1118,异重流
1119,密度流
1120,紊动扩散
1121,水流动力轴线
1122,等容粒径
1123,泥沙粒径
1124,河流泥沙分类
1125,泥沙沉降速度
1126,泥沙平均粒径
1127,泥沙中值粒径
1128,推移质
1129,悬移质
1130,床沙
1131,造床泥沙
1132,非造床泥沙
1133,床沙质
1134,冲泻质
1135,河流泥沙运动
1136,泥沙起动
1137,泥沙起动推移力
1138,起动拖曳力
1139,泥沙起动上举力
1140,起动功率
1141,动床阻力
1142,定床阻力
1143,起动流速
1144,止动流速
1145,扬动流速
1146,沙波
1147,沙浪
1148,沙纹
1149,沙垄
1150,带状沙波
1151,断续蛇曲状沙波
1152,堆状沙波
1153,推移质输沙率
1154,悬移质输沙率
1155,总输沙率
1156,水流挟沙力
1157,含沙量
1158,河床演变
1159,河床形态要素
1160,河床演变分析
1161,河床变形计算
1162,凹岸
1163,凸岸
1164,河床纵向变形
1165,河床横向变形
1166,输沙平衡
1167,泥沙连续方程
1168,冲淤平衡状态
1169,淤积
1170,粗化
1171,细化
1172,冲刷
1173,局部冲刷
1174,顺直型河段
1175,弯曲型河段
1176,蜿蜒型河段
1177,分汊型河段
1178,游荡型河段
1179,弯道摆幅
1180,弯距
1181,河湾蠕动
1182,撇弯切滩
1183,心滩
1184,潜洲
1185,江心洲
1186,顶冲点
1187,分流点
1188,汇流点
1189,分流比
1190,分流角
1191,分沙比
1192,串沟
1193,河相关系
1194,平滩水位
1195,河床稳定性指标
1196,河道整治
1197,泥沙级配曲线
1198,泥沙休止角
1199,泥沙絮凝
1200,造床流量
1201,河势
1202,水库淤积
1203,水库排沙
1204,河流数学模型
1205,河流比尺模型
1206,模型变率
1207,堤防工程
1208,护岸工程
1209,裁弯工程
1210,堵汊工程
1211,挑流工程
1212,导流工程
1213,疏浚工程
1214,河道整治设计水位
1215,河道整治设计流量
1216,设计河槽断面
1217,整治线曲率半径
1218,模范河段
1219,溯源冲刷
1220,高含沙水流
1221,环境泥沙
1222,泥沙淤积物干容重
1223,河工模型试验
1224,正态模型试验
1225,变态模型试验
1226,定床模型试验
1227,动床模型试验
1228,相似准则
1229,模型沙
1230,导线
1231,土
1232,土力学
1233,土的结构
1234,粒径
1235,粒组
1236,土的级配
1237,颗粒分析试验
1238,筛析法
1239,密度计法
1240,不均匀系数
1241,曲率系数
1242,颗粒级配曲线
1243,天然密度
1244,饱和密度
1245,浮密度
1246,干密度
1247,含水率
1248,孔隙比
1249,孔隙率
1250,饱和度
1251,相对密实度
1252,液限
1253,塑限
1254,缩限
1255,塑性指数
1256,液性指数
1257,塑性图
1258,最大干密度
1259,最优含水率
1260,土的工程分类
1261,砂土
1262,黏性土
1263,特殊土
1264,淤泥
1265,膨胀土
1266,土样
1267,原状土样
1268,扰动土样
1269,渗透力
1270,管涌
1271,地基
1272,基础
1273,基底压力
1274,附加应力
1275,有效应力
1276,孔隙水应力
1277,超静孔隙水应力
1278,总应力
1279,固结
1280,固结试验
1281,压缩系数
1282,压缩指数
1283,回弹指数
1284,体积压缩系数
1285,压缩模量
1286,变形模量
1287,体积模量
1288,先期固结压力
1289,正常固结
1290,超固结
1291,欠固结
1292,沉降
1293,固结系数
1294,固结度
1295,次固结
1296,次固结系数
1297,土的流变性
1298,抗剪强度
1299,凝聚力
1300,内摩擦角
1301,直接剪切试验
1302,三轴压缩试验
1303,孔隙应力系数
1304,十字板剪切试验
1305,无侧限抗压强度
1306,残余强度
1307,休止角
1308,砂土液化
1309,黏性土灵敏度
1310,黏性土触变性
1311,动剪切模量
1312,阻尼比
1313,挡土墙
1314,土压力
1315,圆弧滑动条分法
1316,地基极限承载力
1317,地基允许承载力
1318,临塑荷载
1319,静力触探试验
1320,比贯入阻力
1321,动力触探试验
1322,标准贯入击数
1323,地基处理
1324,复合地基
1325,砂垫层法
1326,黏性土垫层法
1327,砂井预压法
1328,振动水冲法
1329,强力夯实法
1330,挤密砂桩法
1331,沉井
1332,沉箱
1333,桩基
1334,支承桩
1335,摩擦桩
1336,钻孔灌注桩
1337,板桩
1338,基坑
1339,基坑支护
1340,塑料板排水法
1341,袋装砂井法
1342,井点法
1343,土工合成材料
1344,岩石力学
1345,岩石学
1346,岩石流变学
1347,岩石重度
1348,岩石比重
1349,岩石吸水率
1350,岩石饱和吸水率
1351,岩石饱水系数
1352,岩石孔隙指数
1353,岩石抗冻系数
1354,吕荣值
1355,裂隙度
1356,节理
1357,波速比
1358,电阻率
1359,莫氏硬度表
1360,应力重分布
1361,环境因素
1362,原岩应力
1363,天然应力
1364,初始应力
1365,自重应力
1366,构造应力
1367,应力解除法
1368,应力恢复法
1369,钢弦式应变计
1370,应变花
1371,钻孔变形计
1372,脆性破坏
1373,峰值强度
1374,抗拉强度
1375,抗压强度
1376,岩石软化系数
1377,现场剪切试验
1378,现场变形试验
1379,平板荷载试验
1380,压力枕
1381,狭缝法试验
1382,径向压力枕法试验
1383,围岩
1384,山岩压力
1385,围岩压力
1386,普氏理论
1387,坚固性系数
1388,弹性抗力系数
1389,塑性圈
1390,松动圈
1391,覆盖比
1392,岩石支护
1393,锚杆支护
1394,锚索支护
1395,横波
1396,S波
1397,纵波
1398,P波
1399,瑞利波
1400,勒夫波
1401,裂隙网络
1402,渗透系数张量
1403,双重介质
1404,岩石工程
1405,岩石含水率
1406,岩石密度
1407,岩石比热容
1408,岩石导热系数
1409,岩石膨胀性
1410,膨胀率
1411,耐崩解性
1412,岩石耐崩解性指数
1413,点荷载强度指数
1414,岩体渗透性
1415,岩体渗流场
1416,岩体渗透率
1417,岩体基本质量指标
1418,工程岩体质量指标
1419,岩体体积节理数
1420,岩石本构关系
1421,岩体分级
1422,岩体声学特性
1423,岩石强度理论
1424,岩体稳定性分析
1425,室内岩石物理性质试验
1426,室内岩石力学性质试验
1427,岩石流变试验
1428,岩体应力测量
1429,岩体渗透试验
1430,工程岩体观测
1431,硐室收敛观测
1432,岩体锚杆观测
1433,建筑模数
1434,建筑标准化
1435,结构可靠度
1436,结构概率设计法
1437,结构设计基准期
1438,抗震设防
1439,安全系数
1440,容许应力
1441,极限状态
1442,承载能力
1443,抗裂度
1444,荷载
1445,荷载代表值
1446,荷载标准值
1447,荷载组合值
1448,荷载频遇值
1449,荷载准永久值
1450,荷载组合
1451,荷载效应
1452,结构抗力
1453,失效概率
1454,可靠指标
1455,分项系数
1456,混凝土结构
1457,钢筋混凝土结构
1458,预应力混凝土结构
1459,先张法预应力构件
1460,后张法预应力构件
1461,全预应力混凝土结构
1462,部分预应力混凝土结构
1463,杆系混凝土结构
1464,非杆系混凝土结构
1465,叠合式结构
1466,岩锚梁
1467,肋形结构
1468,双向板
1469,单向板
1470,无梁板结构
1471,薄腹梁
1472,吊车梁
1473,深梁
1474,短梁
1475,墙梁
1476,过梁
1477,圈梁
1478,大型屋面板
1479,阶形柱
1480,双肢柱
1481,牛腿
1482,剪力墙
1483,衬砌结构
1484,收缩缝
1485,温度缝
1486,沉降缝
1487,隔震减震结构
1488,消能减震结构
1489,防震缝
1490,混凝土强度等级
1491,混凝土抗压强度
1492,混凝土抗拉强度
1493,混凝土复合应力强度
1494,混凝土徐变
1495,混凝土收缩
1496,屈服强度
1497,比例极限
1498,极限强度
1499,协定流限
1500,包辛格效应
1501,混凝土局部承压强度
1502,侧限混凝土
1503,延性
1504,钢筋
1505,钢筋骨架
1506,箍筋
1507,弯起钢筋
1508,腹筋
1509,分布钢筋
1510,架立钢筋
1511,腰筋
1512,拉筋
1513,温度钢筋
1514,配筋率
1515,钢筋接头
1516,混凝土保护层
1517,预应力损失
1518,预应力锚具
1519,装配式构件接头
1520,材料图形
1521,塑性铰
1522,塑性内力重分布
1523,钢结构
1524,预应力钢结构
1525,塔桅钢结构
1526,重型钢桁架
1527,轻型钢结构
1528,钢管结构
1529,钢管混凝土结构
1530,钢混组合结构
1531,组合梁
1532,轧成梁
1533,型钢
1534,薄壁型钢
1535,金属压型板
1536,铆钉连接
1537,焊接连接
1538,高强度螺栓连接
1539,焊缝
1540,对接焊缝剖口
1541,焊接变形
1542,焊接应力
1543,钢梁支座
1544,经济梁高
1545,最小梁高
1546,钢结构梁格
1547,钢结构梁格连接
1548,格构式钢压杆
1549,实腹式钢压杆
1550,空间联结系
1551,钢结构整体稳定性
1552,钢结构局部稳定性
1553,容许长细比
1554,节点板
1555,缀材
1556,加劲肋
1557,冷弯试验
1558,料石砌体
1559,乱毛石砌体
1560,毛石混凝土砌体
1561,小石子混凝土砌体
1562,硅酸盐块砌体
1563,砖砌体
1564,配筋砌体
1565,托换改造法
1566,增大截面加固法
1567,粘钢加固法
1568,粘贴纤维布加固法
1569,预应力加固法
1570,实验应力分析
1571,结构原型试验
1572,结构模型试验
1573,比拟法
1574,天然石料
1575,铸石
1576,砖
1577,陶粒
1578,胶凝材料
1579,石灰
1580,建筑石膏
1581,灰土
1582,三合土
1583,水玻璃
1584,水泥
1585,水泥熟料
1586,混合材料
1587,硅酸盐水泥
1588,普通硅酸盐水泥
1589,矿渣硅酸盐水泥
1590,火山灰硅酸盐水泥
1591,粉煤灰硅酸盐水泥
1592,复合硅酸盐水泥
1593,中热硅酸盐水泥
1594,低热硅酸盐水泥
1595,低热矿渣硅酸盐水泥
1596,膨胀水泥
1597,抗硫酸盐硅酸盐水泥
1598,自应力水泥
1599,水泥强度等级
1600,水泥凝结时间
1601,水泥安定性
1602,水泥细度
1603,水泥水化热
1604,耐蚀性
1605,溶出性侵蚀
1606,碳酸性侵蚀
1607,一般酸性侵蚀
1608,硫酸盐侵蚀
1609,镁盐侵蚀
1610,混凝土
1611,干硬性混凝土
1612,自密实混凝土
1613,喷射混凝土
1614,轻混凝土
1615,纤维混凝土
1616,钢纤维
1617,聚丙烯纤维
1618,碳纤维
1619,芳纶纤维
1620,玄武岩纤维
1621,无砂大孔混凝土
1622,水工混凝土
1623,水下混凝土
1624,水下不分散混凝土
1625,泵送混凝土
1626,高性能混凝土
1627,生态混凝土
1628,智能混凝土
1629,全级配混凝土
1630,聚合物混凝土
1631,沥青混凝土
1632,混凝土拌和物
1633,和易性
1634,坍落度
1635,维勃稠度
1636,保水性
1637,泌水性
1638,离析
1639,水灰比
1640,砂率
1641,混凝土极限拉伸值
1642,混凝土抗渗等级
1643,混凝土抗冻等级
1644,混凝土碳化
1645,骨料
1646,细度模数
1647,饱和面干状态
1648,超径骨料
1649,逊径骨料
1650,级配
1651,碱-骨料反应
1652,掺合料
1653,外加剂
1654,引气剂
1655,减水剂
1656,早强剂
1657,速凝剂
1658,缓凝剂
1659,泵送剂
1660,膨胀剂
1661,阻锈剂
1662,养护剂
1663,脱模剂
1664,混凝土配合比
1665,假定表观密度法
1666,绝对体积法
1667,配制强度
1668,砂浆
1669,沉入度
1670,分层度
1671,砂浆强度等级
1672,沥青
1673,煤沥青
1674,石油沥青
1675,普通石油沥青
1676,冷底子油
1677,玛缔脂
1678,乳化沥青
1679,防水卷材
1680,油毡
1681,沥青针入度
1682,沥青标准黏度
1683,沥青延伸度
1684,沥青闪点
1685,沥青燃点
1686,沥青软化点
1687,沥青脆化点
1688,沥青黏附性
1689,沥青马歇尔稳定度试验
1690,合成树脂
1691,热塑性树脂
1692,热固性树脂
1693,塑料
1694,环氧树脂
1695,聚酯树脂
1696,呋喃树脂
1697,硅树脂
1698,聚氯乙烯树脂
1699,聚氯乙烯胶泥
1700,玻璃纤维
1701,纤维增强塑料
1702,涂料
1703,水泥基渗透结晶型防水涂料
1704,灌浆材料
1705,甲基丙烯酸酯类灌浆材料
1706,丙烯酰胺类灌浆材料
1707,聚氨酯类灌浆材料
1708,环氧树脂类灌浆材料
1709,聚脲
1710,橡胶
1711,止水材料
1712,土工织物
1713,土工膜
1714,土工格栅
1715,碳素钢
1716,合金钢
1717,热喷涂
1718,等离子熔覆
1719,抗空蚀性
1720,耐腐蚀性
1721,结合强度
1722,非晶纳米晶材料
1723,防护涂层
1724,热轧钢筋
1725,冷轧带肋钢筋
1726,预应力混凝土用钢丝
1727,预应力混凝土用钢绞线
1728,球墨铸铁
1729,有色金属
1730,木材
1731,纤维板
1732,胶合板
1733,刨花板
1734,复合板材
1735,硬度
1736,磨损
1737,磨耗
1738,亲水性
1739,憎水性
1740,耐水性
1741,耐久性
1742,导热性
1743,导温系数
1744,防洪
1745,防洪工程
1746,防洪工程措施
1747,防洪非工程措施
1748,防洪应急预案
1749,水库防洪
1750,水库调洪方式
1751,防洪补偿调节
1752,防洪错峰调节
1753,防洪规划
1754,防洪标准
1755,水害
1756,洪灾
1757,涝灾
1758,冰凌灾害
1759,洪水
1760,洪水期
1761,前汛期
1762,主汛期
1763,后汛期
1764,枯水
1765,枯水期
1766,枯水位
1767,超标准洪水
1768,典型年洪水
1769,1954年洪水
1770,1998年洪水
1771,“75·8”洪水
1772,洪水风险图
1773,防洪风险率
1774,防洪调度
1775,洪水管理
1776,洪水预报系统
1777,防洪决策支持系统
1778,洪峰
1779,洪量
1780,山洪
1781,防汛
1782,防汛物资调配
1783,报汛
1784,潮汛
1785,台汛
1786,防台
1787,防潮
1788,洪潮遭遇
1789,客水
1790,防汛特征水位
1791,警戒水位
1792,设防水位
1793,保证水位
1794,分洪水位
1795,安全泄量
1796,泄洪能力
1797,蓄洪
1798,分洪
1799,泄洪
1800,滞洪
1801,行洪
1802,减河
1803,引河
1804,洪泛区
1805,蓄滞洪区
1806,行洪区
1807,分洪区
1808,分洪工程
1809,避洪工程
1810,分洪道
1811,堤
1812,埝
1813,青坎
1814,保庄圩
1815,垸
1816,庄台
1817,避洪楼
1818,戗堤
1819,导堤
1820,圩堤
1821,圩
1822,翼堤
1823,子堤
1824,干堤
1825,支堤
1826,过水堤
1827,自溃堤
1828,戗台
1829,马道
1830,迎水坡
1831,背水坡
1832,主坝
1833,副坝
1834,钢木土石组合坝
1835,平工
1836,险工
1837,险情
1838,主溜
1839,分溜
1840,挑溜
1841,夺溜
1842,巡堤查险
1843,堤防岁修
1844,堤坝隐患
1845,堤坝裂缝
1846,塌陷
1847,蛰陷
1848,锥探
1849,漏探
1850,浪窝
1851,鼓泡
1852,牛皮胀
1853,跌窝
1854,管漏
1855,散浸
1856,窨潮
1857,脱坡
1858,渗漏
1859,流土
1860,翻沙鼓水
1861,决口
1862,抢险
1863,防凌
1864,护坡
1865,水戗
1866,反滤
1867,堵口
1868,合龙
1869,闭气
1870,龙口
1871,混合堵
1872,反滤围井
1873,抽槽回填
1874,填塘固基
1875,滤水还坡
1876,河道清障
1877,隐蔽工程
1878,堤基防渗
1879,堤坡稳定
1880,抛石
1881,沉树
1882,梢工
1883,沉排
1884,梢料
1885,秸料
1886,石笼
1887,沉船
1888,埽工
1889,硬厢
1890,软厢
1891,捆厢
1892,楼厢
1893,干旱
1894,卡脖旱
1895,旱情
1896,干旱指数
1897,干旱监测
1898,旱情监测
1899,干旱等级
1900,干旱预警信号
1901,气象干旱
1902,大气干旱
1903,土壤干旱
1904,生理干旱
1905,墒情监测
1906,墒情预报
1907,湿润指数
1908,抗旱保墒
1909,抗旱天数
1910,抗旱措施
1911,抗旱预案
1912,抗旱应急水源
1913,旱地农业
1914,坐水种
1915,集雨工程
1916,抗旱保水剂
1917,土壤保水剂
1918,农田水利
1919,农村水利
1920,农田水利基本建设
1921,高标准农田建设
1922,土壤剖面
1923,土壤孔隙
1924,土壤空气
1925,土壤通气性
1926,土壤温度
1927,土壤酸碱度
1928,土壤水
1929,土壤含水量
1930,吸湿水
1931,薄膜水
1932,结合水
1933,毛管水
1934,毛管上升水
1935,毛管水强烈上升高度
1936,重力水
1937,气态水
1938,土壤水分常数
1939,吸湿系数
1940,凋萎系数
1941,最大分子持水量
1942,毛管破裂含水量
1943,田间持水量
1944,持水当量
1945,土壤有效水分
1946,饱和含水量
1947,土水势
1948,基模势
1949,溶质势
1950,压力势
1951,重力势
1952,土壤水吸力
1953,土壤水容量
1954,土壤水分运动
1955,下渗率
1956,水力传导度
1957,扩散度
1958,土壤水分特征曲线
1959,土壤水分滞后现象
1960,土壤水再分布
1961,湿润锋
1962,张力计
1963,中子测水仪
1964,γ射线测水仪
1965,时域反射仪
1966,电导率仪
1967,土壤三参数仪
1968,给水度
1969,潜水蒸发强度
1970,蒸渗仪
1971,作物灌水指标
1972,作物水分亏缺
1973,作物水分胁迫
1974,作物生理生态指标
1975,作物需水规律
1976,需水临界期
1977,作物需水量
1978,蒸发蒸腾量
1979,蒸发蒸腾率
1980,需水强度
1981,潜在蒸发蒸腾量
1982,蒸腾率
1983,蒸腾比
1984,参考作物需水量
1985,作物系数
1986,需水系数
1987,需水量模比系数
1988,作物田间耗水量
1989,灌溉
1990,灌溉制度
1991,灌水定额
1992,灌溉定额
1993,计划湿润层
1994,有效降雨量
1995,作物地下水补给量
1996,深层渗漏量
1997,泡田
1998,水田渗透量
1999,灌水模数
2000,灌水模数图
2001,灌水延续时间
2002,灌水周期
2003,灌溉用水量
2004,灌溉用水过程线
2005,储水灌溉
2006,播前灌溉
2007,冬灌
2008,节水灌溉
2009,非充分灌溉
2010,调亏灌溉
2011,分根交替灌溉
2012,控制灌溉
2013,精准灌溉
2014,智能化灌溉
2015,自流灌溉
2016,提水灌溉
2017,灌区
2018,灌溉面积
2019,灌溉设计标准
2020,灌溉临界期
2021,灌溉水源
2022,浑水灌溉
2023,放淤
2024,劣质水灌溉
2025,污水灌溉
2026,微咸水灌溉
2027,肥水灌溉
2028,磁化水灌溉
2029,灌溉回归水
2030,灌溉水质
2031,矿化度
2032,灌溉水温
2033,灌溉工程
2034,蓄水灌溉
2035,塘坝
2036,引水灌溉
2037,灌溉输水
2038,轮灌
2039,续灌
2040,灌溉渠道
2041,干渠
2042,支渠
2043,斗渠
2044,斗门
2045,农门
2046,农渠
2047,毛渠
2048,输水沟
2049,灌水沟
2050,泄水渠
2051,长藤结瓜式灌溉系统
2052,渠道输水损失
2053,渠道防渗
2054,人工淤填
2055,试渠
2056,管道灌溉系统
2057,地下渠道
2058,配水井
2059,给水栓
2060,田间工程
2061,条田
2062,格田
2063,林带
2064,灌水技术
2065,地面灌溉
2066,畦灌
2067,膜上灌
2068,封水
2069,水平畦灌
2070,沟灌
2071,涌流灌溉
2072,漫灌
2073,淹灌
2074,湿润灌溉
2075,水浆管理
2076,地下灌溉
2077,喷灌
2078,微灌
2079,微喷灌
2080,喷灌系统
2081,脉冲喷灌
2082,喷灌强度
2083,喷洒水利用系数
2084,漂移损失
2085,喷灌均匀度
2086,雾化程度
2087,灌水器
2088,喷头基本参数
2089,喷头
2090,低压喷头
2091,中压喷头
2092,高压喷头
2093,射流式喷头
2094,摇臂式喷头
2095,叶轮式喷头
2096,散水式喷头
2097,折射式喷头
2098,缝隙式喷头
2099,离心式喷头
2100,地埋式喷头
2101,自压喷灌
2102,恒压喷灌系统
2103,喷灌机组
2104,固定式喷灌系统
2105,半固定式喷灌系统
2106,移动式喷灌系统
2107,双臂式喷灌机
2108,中心支轴式喷灌机
2109,平移自走式喷灌机
2110,绞盘式喷灌机
2111,微喷头
2112,喷灌带
2113,滴灌
2114,膜下滴灌
2115,滴灌带
2116,滴头
2117,孔口式滴头
2118,长流道滴头
2119,微孔毛管
2120,土壤湿润比
2121,井灌
2122,井渠结合
2123,井灌井排
2124,筒井
2125,大口井
2126,管井
2127,滤水管
2128,筒管井
2129,真空井
2130,井群
2131,卧管井
2132,坎儿井
2133,辐射井
2134,锅锥
2135,水平钻机
2136,洗井
2137,土壤水库
2138,牧区供水
2139,农村饮水安全
2140,灌溉管理
2141,灌区计划用水
2142,灌溉预报
2143,作物水分生产函数
2144,量水槽
2145,量水喷嘴
2146,田间水利用系数
2147,渠道水利用系数
2148,渠系水利用系数
2149,灌溉水利用系数
2150,作物水分生产率
2151,排水工程
2152,自流排水
2153,提水排水
2154,农田排水
2155,地表排水
2156,地下排水
2157,控制排水
2158,涝
2159,渍
2160,冷浸田
2161,除涝
2162,除涝设计标准
2163,排涝模数
2164,排水临界期
2165,作物耐淹水深
2166,作物耐淹历时
2167,地下水适宜埋深
2168,地下排水模数
2169,除涝排水系统
2170,明沟排水
2171,浅明沟
2172,毛沟
2173,腰沟
2174,墒沟
2175,农沟
2176,容泄区
2177,截流沟
2178,截渗沟
2179,撇洪沟
2180,等高截流
2181,沟洫
2182,沟洫畦田
2183,沟洫条田
2184,沟洫台田
2185,抬田
2186,暗管排水
2187,暗沟排水
2188,暗管排水系统
2189,排水管滤层
2190,挖沟铺管机
2191,无沟铺管机
2192,排水管清洗机
2193,鼠道排水
2194,鼠道犁
2195,生物排水
2196,减压井
2197,沉沙井
2198,跌水井
2199,竖井排水
2200,排水分区
2201,圩区
2202,灌排分开
2203,分级分片控制
2204,河网
2205,梯级控制
2206,蓄洪垦殖
2207,围垦
2208,盐碱地改良
2209,盐碱土
2210,盐土
2211,碱土
2212,盐渍化
2213,碱化
2214,次生盐渍化
2215,地下水临界深度
2216,水盐运动
2217,返盐
2218,土壤改良
2219,洗盐
2220,压盐
2221,脱盐
2222,抽咸补淡
2223,蓄淡养青
2224,翻淤
2225,盖砂
2226,覆盖
2227,水土保持
2228,小流域治理
2229,水土流失
2230,风蚀
2231,水蚀
2232,面蚀
2233,沟蚀
2234,沟壑密度
2235,侵蚀模数
2236,水平埝地
2237,沟头防护
2238,水簸箕
2239,人工沙障
2240,蓄水保土耕作
2241,涝池
2242,水窖
2243,淤地坝
2244,谷坊
2245,等高沟埂
2246,鱼鳞坑
2247,水平沟
2248,梯田
2249,引水拉沙
2250,防护林
2251,戽斗
2252,水车
2253,斗式水车
2254,龙骨水车
2255,管链水车
2256,筒车
2257,桔槔
2258,辘轳
2259,风车
2260,泵站
2261,泵站效率
2262,机电排灌
2263,泵房
2264,圬工泵站
2265,泵船
2266,泵车
2267,泵站前池
2268,泵站进水池
2269,泵站出水池
2270,水泵进水流道
2271,水泵出水流道
2272,真空破坏阀
2273,大型灌区
2274,中型灌区
2275,小型灌区
2276,特大型灌区
2277,自流灌区
2278,水库灌区
2279,提水灌区
2280,都江堰灌区
2281,泾惠渠灌区
2282,洛惠渠灌区
2283,宝鸡峡引渭灌区
2284,景泰川提灌工程
2285,内蒙河套灌区
2286,红旗渠
2287,苏北灌溉总渠
2288,淠史杭灌区
2289,安丰塘水库
2290,人民胜利渠
2291,韶山灌区
2292,尼罗河灌区
2293,印度河灌区
2294,灌溉农业
2295,城市水务
2296,水务一体化
2297,城市水文效应
2298,水面率
2299,河道蓝线
2300,涉水工程
2301,最佳水力半径
2302,水域占补平衡
2303,竖向标高
2304,低影响开发
2305,分散式雨水收集利用
2306,退田还河
2307,退田还湖
2308,城市水文模型
2309,平原河网感潮区
2310,防洪风险管理
2311,分质供水
2312,联网供水
2313,应急水源地
2314,城市防洪
2315,城市内涝
2316,城市防洪体系
2317,城市治涝体系
2318,城市防洪标准
2319,城市排水小系统
2320,城市治涝大系统
2321,城市防洪圈
2322,防洪墙
2323,排涝泵站
2324,地下贮留池
2325,深隧
2326,渗透池
2327,雨水花园
2328,植物浅沟
2329,下沉式广场
2330,下凹式绿地
2331,绿色屋顶
2332,透水铺面
2333,等高绿地
2334,渗透沟渠
2335,综合径流系数
2336,地表径流系数
2337,绿地下渗率
2338,下渗曲线
2339,霍顿下渗公式
2340,洪峰模数
2341,洪水利用
2342,短历时暴雨
2343,城市暴雨公式
2344,城市设计暴雨雨型
2345,芝加哥雨型
2346,地面集水时间
2347,受纳水体
2348,凝结核
2349,初期雨水
2350,人工湖
2351,亲水平台
2352,亲水空间
2353,清水通道
2354,景观河道
2355,复式断面
2356,断头浜
2357,节水减排
2358,循环用水
2359,源头消减
2360,分流制排水系统
2361,合流制排水系统
2362,城镇水系统
2363,给水系统
2364,统一给水系统
2365,分压给水系统
2366,分质给水系统
2367,分区给水系统
2368,区域给水系统
2369,集中式供水
2370,分散式供水
2371,给水水源
2372,给水工程
2373,取水工程
2374,输配管网
2375,水质
2376,用水水质标准
2377,饮用水
2378,给水处理
2379,混凝
2380,沉淀
2381,澄清
2382,过滤
2383,消毒
2384,生物预处理
2385,化学预处理
2386,臭氧-活性炭工艺
2387,膜处理
2388,用水量
2389,工业用水重复利用率
2390,循环给水系统
2391,排水系统
2392,排水体制
2393,排放标准
2394,污水处理
2395,格栅
2396,沉砂池
2397,初次沉淀池
2398,活性污泥法
2399,生物膜法
2400,二次沉淀池
2401,自然生物处理
2402,脱氮除磷
2403,污泥处理
2404,污泥处置
2405,城市污水再生利用
2406,城镇雨洪利用
2407,落差
2408,水能
2409,水能利用
2410,水力发电
2411,水能资源理论蕴藏量
2412,水能资源技术可开发量
2413,水能资源经济可开发量
2414,十三大水电基地
2415,西电东送
2416,水力发电站
2417,水电站开发方式
2418,坝式水电站
2419,坝后式水电站
2420,河床式水电站
2421,引水式水电站
2422,混合式水电站
2423,径流式水电站
2424,蓄水式水电站
2425,工程特征值
2426,库容系数
2427,水库淹没损失
2428,水电站调节性能
2429,多年调节水电站
2430,年调节水电站
2431,日调节水电站
2432,无调节水电站
2433,电力系统负荷
2434,电力系统负荷图
2435,日负荷图
2436,日负荷图峰谷差
2437,日电能累积曲线
2438,峰荷
2439,腰荷
2440,基荷
2441,基荷指数
2442,日最小负荷率
2443,日平均负荷率
2444,年负荷图
2445,静态年负荷图
2446,动态年负荷图
2447,年负荷增长率
2448,设计负荷水平
2449,火力发电站
2450,火电站标准煤耗率
2451,火电站技术最小出力
2452,可再生能源
2453,绿色能源
2454,潮汐电站
2455,海水温差发电
2456,波浪能发电
2457,海流发电
2458,抽水蓄能电站
2459,抽水蓄能电站综合效率
2460,水能计算
2461,水电站动能指标
2462,水电站水头
2463,水电站水头损失
2464,水电站设计水头
2465,水电站效率
2466,水电站流量
2467,水电站弃水
2468,水电站出力
2469,出力过程线
2470,水电站保证出力
2471,保证电能
2472,水电站出力保证率曲线
2473,水电站设计保证率
2474,水电站预想出力
2475,水电站主要参变数
2476,水电站多年平均年发电量
2477,水电站装机容量
2478,装机容量年利用小时数
2479,必需容量
2480,水电站最大工作容量
2481,备用容量
2482,重复容量
2483,水电站工作容量
2484,水电站空闲容量
2485,水电站受阻容量
2486,可用容量
2487,旋转备用容量
2488,水库备用库容
2489,水电站运行方式
2490,调频电站
2491,调峰电站
2492,调峰能力
2493,黑启动
2494,电力电量平衡
2495,调峰容量平衡
2496,容量效益
2497,电量效益
2498,水电站水库调度
2499,水电站经济运行
2500,射流增差
2501,效益指标
2502,水电站发电耗水率
2503,季节性电能
2504,水库电能
2505,供水期不蓄电能
2506,替代电站
2507,水电站群
2508,梯级水电站
2509,河流梯级开发
2510,脱水河段
2511,水电站开发顺序
2512,梯级水库联合调度
2513,跨流域补偿调节
2514,农村水电站
2515,代燃料电站
2516,水电农村电气化
2517,水电站厂房
2518,河床式厂房
2519,坝后式厂房
2520,引水式厂房
2521,地下厂房
2522,贯流式机组厂房
2523,抽水蓄能电站厂房
2524,潮汐电站厂房
2525,露天式厂房
2526,发电机层
2527,水轮机层
2528,下部块体结构
2529,装配场
2530,机墩
2531,水电站中央控制室
2532,水电站厂房机组段
2533,水电站尾水平台
2534,母线道
2535,主变压器场
2536,高压开关站
2537,GIS开关
2538,厂房构架
2539,排冰道
2540,变顶高尾水隧洞
2541,水电站输水建筑物
2542,水电站引水建筑物
2543,动力渠道
2544,自动调节渠道
2545,非自动调节渠道
2546,动力渠道水力计算
2547,动力渠道设计流量
2548,动力渠道极限过水能力
2549,渠道经济断面
2550,压力前池
2551,日调节池
2552,沉沙池
2553,冲沙底孔
2554,水电站进水口
2555,抽水蓄能电站进出水口
2556,水电站拦污栅
2557,进水口闸门
2558,闸门旁通管
2559,充水阀
2560,进水口淹没深度
2561,引水隧洞
2562,尾水隧洞
2563,隧洞经济断面
2564,隧洞临界流速
2565,压力管道
2566,压力钢管
2567,钢筋混凝土压力管
2568,明钢管
2569,钢管加劲环
2570,钢管进人孔
2571,埋藏式钢管
2572,钢衬钢筋混凝土管
2573,钢管镇墩
2574,钢管支墩
2575,水电站岔管
2576,月牙肋岔管
2577,球形岔管
2578,钢衬钢筋混凝土岔管
2579,水锤
2580,水锤波
2581,水锤波速
2582,直接水锤
2583,间接水锤
2584,阀门相对开度
2585,第一相水锤
2586,极限水锤
2587,水锤计算解析法
2588,水锤计算特征线法
2589,水锤计算图解法
2590,水电站调压室
2591,简单式调压室
2592,阻抗式调压室
2593,水室式调压室
2594,溢流式调压室
2595,差动式调压室
2596,气垫式调压室
2597,调压室涌波
2598,单向调压室
2599,调压室波动周期
2600,调压室临界稳定断面
2601,水力振动
2602,水轮机
2603,反击式水轮机
2604,冲击式水轮机
2605,混流式水轮机
2606,轴流式水轮机
2607,轴流定桨式水轮机
2608,轴流转桨式水轮机
2609,斜流式水轮机
2610,可逆式水轮机
2611,贯流式水轮机
2612,灯泡贯流式水轮机
2613,轴伸贯流式水轮机
2614,竖井贯流式水轮机
2615,水斗式水轮机
2616,双击式水轮机
2617,斜击式水轮机
2618,导水机构
2619,蜗壳
2620,尾水管
2621,迷宫环
2622,射流折向器
2623,水轮机最优工况
2624,水轮机空蚀
2625,水轮发电机组振动
2626,比转速
2627,轮毂比
2628,水轮机飞逸转速
2629,水力机械过渡过程
2630,调节保证计算
2631,小波动稳定
2632,大波动稳定
2633,模型综合特性曲线
2634,运行特性曲线
2635,机械液压型调速器
2636,电气液压型调速器
2637,微机电液调速器
2638,反馈
2639,配压阀
2640,接力器
2641,油泵
2642,油压装置
2643,油系统
2644,压缩空气系统
2645,调压阀
2646,水轮机进水阀
2647,球阀
2648,蝴蝶阀
2649,伸缩节
2650,桥式起重机
2651,双小车桥式起重机
2652,平衡梁
2653,试重块
2654,机组制动
2655,供水系统
2656,水电站排水系统
2657,真空泵
2658,水力监测系统
2659,截止阀
2660,减压阀
2661,水轮机真空破坏阀
2662,水轮机补气装置
2663,同步电机
2664,水轮发电机
2665,发电电动机
2666,发电机励磁系统
2667,可控硅励磁
2668,永磁发电机
2669,直流电机
2670,励磁机
2671,异步电机
2672,动力系统
2673,电力系统
2674,电力网
2675,调相
2676,调频
2677,变压器
2678,三绕组变压器
2679,自耦变压器
2680,变压器冷却
2681,高压断路器
2682,隔离开关
2683,负荷开关
2684,电压互感器
2685,电流互感器
2686,电抗器
2687,避雷器
2688,母线
2689,电力电缆
2690,闸刀开关
2691,自动空气开关
2692,磁力起动器
2693,主结线
2694,配电装置
2695,成套配电装置
2696,铅酸蓄电池
2697,继电保护
2698,差动保护
2699,自动重合闸
2700,抽水机
2701,水泵
2702,离心泵
2703,自吸式离心泵
2704,轴流泵
2705,贯流泵
2706,圬工泵
2707,混流泵
2708,斜流泵
2709,潜水泵
2710,深井泵
2711,浅井泵
2712,水轮泵
2713,水锤泵
2714,射流泵
2715,螺旋泵
2716,柱塞泵
2717,扬程
2718,气蚀余量
2719,允许吸上真空高度
2720,闸阀
2721,底阀
2722,止回阀
2723,拍门
2724,套用机组
2725,水工建筑物
2726,枢纽布置
2727,水利枢纽等别
2728,水工建筑物级别
2729,坝址选择
2730,坝型选择
2731,初步设计
2732,技术设计
2733,施工详图阶段
2734,安全系数设计法
2735,极限状态设计法
2736,挡水建筑物
2737,专门性建筑物
2738,水电站建筑物
2739,过鱼建筑物
2740,过木建筑物
2741,过坝建筑物
2742,筏道
2743,鱼道
2744,鱼闸
2745,升鱼机
2746,永久性水工建筑物
2747,临时性水工建筑物
2748,取水建筑物
2749,动水压力
2750,地震作用
2751,水工建筑物抗震设计
2752,地震加速度时程曲线
2753,抗震设计标准
2754,动安全系数
2755,动力响应
2756,地震动输入
2757,动强度
2758,动弹性模量
2759,结构振动模型试验
2760,抗震工程措施
2761,扬压力
2762,温度荷载
2763,冰压力
2764,水工荷载组合
2765,稳定安全系数
2766,纯摩公式
2767,剪摩公式
2768,材料力学法
2769,边缘应力
2770,重力分析法
2771,重力坝基本剖面
2772,重力坝实用剖面
2773,混凝土强度等级分区
2774,稳定温度场
2775,非稳定温度场
2776,排水设施
2777,排水孔
2778,止水
2779,检查井
2780,迎水面
2781,背水面
2782,土坝
2783,均质土坝
2784,水力冲填坝
2785,水中倒土坝
2786,自流式水力冲填坝
2787,土石坝
2788,堆石坝
2789,碾压式土石坝
2790,坝顶高程
2791,坝顶超高
2792,坝顶宽度
2793,挡浪墙
2794,坝壳
2795,防渗体
2796,心墙
2797,斜墙
2798,斜心墙坝
2799,岸坡绕流
2800,坝基渗漏
2801,防渗墙
2802,混凝土防渗墙
2803,截水墙
2804,截水槽
2805,铺盖
2806,土坝坝坡
2807,贴坡式排水
2808,棱体排水
2809,褥垫式排水
2810,管式排水
2811,坝基排水
2812,坝坡排水
2813,反滤层
2814,干砌石坝
2815,溢流土石坝
2816,定向爆破筑坝
2817,沥青混凝土面板坝
2818,钢筋混凝土面板堆石坝
2819,面板脱空
2820,趾板
2821,垫层
2822,周边缝
2823,垂直缝
2824,柔性填料
2825,挤压式边墙
2826,连接板
2827,堆石坝分区
2828,L形挡墙
2829,土工膜防渗心墙坝
2830,土工膜防渗斜墙坝
2831,土工膜库盘防渗
2832,土工织物反滤
2833,土工织物排水
2834,胶凝砂砾石坝
2835,堆石混凝土坝
2836,重力坝
2837,溢流重力坝
2838,非溢流重力坝
2839,宽缝重力坝
2840,空腹重力坝
2841,浆砌块石坝
2842,永久缝
2843,临时缝
2844,沉陷缝
2845,横缝
2846,纵缝
2847,斜缝
2848,键槽
2849,坝基排水孔
2850,廊道
2851,廊道集水沟
2852,排水廊道
2853,基础灌浆廊道
2854,基面排水
2855,坝身排水管
2856,坝基集水井
2857,灌浆区
2858,止浆片
2859,混凝土塞
2860,拱坝
2861,等半径拱坝
2862,等中心角变半径拱坝
2863,变中心角变半径拱坝
2864,重力拱坝
2865,拱形重力坝
2866,薄拱坝
2867,单曲拱坝
2868,双曲拱坝
2869,拱坝体形
2870,空腹拱坝
2871,经济中心角
2872,试荷载法
2873,拱冠梁法
2874,纯拱法
2875,圆筒法
2876,有限元等效应力
2877,垫座
2878,封拱温度
2879,水垫塘
2880,圆弧形横缝
2881,诱导缝
2882,倒悬度
2883,推力墩
2884,重力墩
2885,断面平均温度
2886,等效线性温差
2887,混凝土置换
2888,碾压混凝土坝
2889,变态混凝土防渗
2890,金包银防渗
2891,碾压混凝土
2892,干贫混凝土
2893,切缝
2894,支墩坝
2895,连拱坝
2896,大头坝
2897,平板坝
2898,溢流平板坝
2899,水闸
2900,进水闸
2901,节制闸
2902,排水闸
2903,退水闸
2904,冲沙闸
2905,分洪闸
2906,挡潮闸
2907,涵洞式水闸
2908,桩基式水闸
2909,装配式水闸
2910,浮运式水闸
2911,橡胶坝
2912,液压升降坝
2913,套闸
2914,闸室
2915,闸底板
2916,阻滑板
2917,门槽
2918,闸墩
2919,边墩
2920,齿墙
2921,胸墙
2922,闸孔跨距
2923,岸墙
2924,翼墙
2925,工作桥
2926,公路桥
2927,边墩绕流
2928,地下轮廓线
2929,改进阻力系数法
2930,刺墙
2931,角墙式进口
2932,八字形斜降墙式进口
2933,闸门
2934,检修闸门
2935,事故闸门
2936,平面闸门
2937,双扉平板闸门
2938,护镜门
2939,有轨平面弧形双开闸门
2940,π形闸门
2941,活动坝
2942,弧形闸门
2943,圆筒闸门
2944,双曲扁壳闸门
2945,圆柱壳体弧形闸门
2946,拱形闸门
2947,升卧式闸门
2948,屋顶式闸门
2949,舌瓣闸门
2950,旋转刚架闸门
2951,浮箱式闸门
2952,自动翻倒闸门
2953,叠梁门
2954,钢丝网水泥面板
2955,闸门止水
2956,启闭机
2957,活动启闭机
2958,固定启闭机
2959,螺杆式启闭机
2960,油压式启闭机
2961,泄水建筑物
2962,设计流量
2963,校核流量
2964,泄洪量
2965,坝身泄水孔
2966,放空底孔
2967,排沙底孔
2968,通气孔
2969,溢流前缘
2970,溢流面
2971,WES
2972,克-奥型剖面堰
2973,厂房顶溢流
2974,二道坝
2975,分水墙
2976,收缩段
2977,扩散段
2978,渐变段
2979,反弧段
2980,折冲水流
2981,下游消能
2982,消能工
2983,底流式消能
2984,面流式消能
2985,挑流式消能
2986,混合式消能
2987,窄缝式挑流消能
2988,消力池
2989,辅助消能工
2990,水垫塘消能
2991,空中对撞消能
2992,宽尾墩联合消能工
2993,洞内孔板消能
2994,尾槛
2995,护坦
2996,逆坡式斜护坦
2997,顺坡式斜护坦
2998,护坦锚筋
2999,护坦排水孔
3000,海漫
3001,防冲槽
3002,挑流鼻坎
3003,差动式鼻坎
3004,连续式鼻坎
3005,扩散角
3006,挑射角
3007,挑距
3008,冲刷坑
3009,平台扩散水跃消能
3010,喷射扩散消能
3011,压力式扩散消能
3012,人工加糙
3013,掺气减蚀
3014,泄水道首部
3015,塔式首部
3016,竖井式首部
3017,斜坡式首部
3018,岸塔式首部
3019,平压管
3020,拦污栅
3021,溢洪道
3022,开敞式河岸溢洪道
3023,侧槽式河岸溢洪道
3024,竖井式溢洪道
3025,虹吸式溢洪道
3026,非常溢洪道
3027,滑雪式溢洪道
3028,溢洪道控制堰
3029,输水建筑物
3030,引水建筑物
3031,无坝引水口
3032,有坝引水口
3033,水工隧洞
3034,有压隧洞
3035,无压隧洞
3036,圆形隧洞
3037,城门洞式隧洞
3038,马蹄形隧洞
3039,内水压力
3040,外水压力
3041,喷锚支护
3042,衬砌
3043,隧洞衬砌
3044,预应力衬砌
3045,锚固自衬
3046,上埋式管道
3047,沟埋式管道
3048,钢管廊道
3049,截流环
3050,渠首工程
3051,沉沙槽式渠首
3052,引水渠式渠首
3053,人工弯道式渠首
3054,冲沙廊道式渠首
3055,两岸引水式渠首
3056,底拦栅式渠首
3057,冲沙廊道
3058,拦沙坝
3059,落差建筑物
3060,跌水
3061,倒虹吸
3062,涵洞
3063,有压式涵洞
3064,无压式涵洞
3065,管形涵洞
3066,箱形涵洞
3067,盖板式涵洞
3068,拱形涵洞
3069,水工建筑物地基处理
3070,锚索
3071,预应力锚固
3072,渡槽
3073,梁式渡槽
3074,拱式渡槽
3075,交叉工程
3076,导流屏
3077,导流建筑物
3078,栈桥式透水坝
3079,三角架透水坝
3080,透水淤沙浮坝
3081,抛石护坡
3082,砌石护坡
3083,柳栅护坡
3084,杩槎
3085,水工建筑物除险加固
3086,大坝加高
3087,裂缝处理
3088,防渗体缺陷处理
3089,水工建筑物安全监控
3090,水工建筑物安全监测
3091,大坝安全监控
3092,大坝安全监控模型
3093,大坝安全统计模型
3094,大坝安全确定性模型
3095,大坝安全混合模型
3096,监控指标
3097,变形监测
3098,外部观测
3099,内部观测
3100,渗流监测
3101,渗透压力监测
3102,渗流量监测
3103,透明度监测
3104,量水堰
3105,视准线法
3106,引张线法
3107,激光准直法
3108,坝面标石
3109,沉降观测
3110,挠度观测
3111,正锤
3112,倒锤
3113,裂缝监测
3114,倾斜仪
3115,水管倾斜仪
3116,测斜仪
3117,应力计
3118,温度监测
3119,渗压计
3120,钢筋计
3121,压力计
3122,无应力计
3123,漫顶事故
3124,漏洞事故
3125,水力劈裂
3126,水工模型试验
3127,相似律
3128,地质力学模型试验
3129,因次分析
3130,π定理
3131,比尺效应
3132,奥洛维尔土坝
3133,阿斯旺土坝
3134,努列克土坝
3135,大狄克桑斯重力坝
3136,布拉茨克宽缝重力坝
3137,胡佛坝
3138,英古里拱坝
3139,萨扬舒申斯克拱坝
3140,旦尼尔约翰逊连拱坝
3141,姆拉丁尼拱坝
3142,佛子岭连拱坝
3143,欧文瀑布水库
3144,官厅水库
3145,三门峡水库
3146,丰满水电站
3147,新安江水电站
3148,乌江渡水电站
3149,碧口水电站
3150,龙羊峡水电站
3151,丹江口水利枢纽
3152,葛洲坝水利枢纽
3153,三峡水利枢纽
3154,锦屏拱坝
3155,小湾拱坝
3156,小浪底水利枢纽
3157,水布垭混凝土面板堆石坝
3158,向家坝水利枢纽
3159,旁多水利枢纽
3160,隔河岩水利枢纽
3161,糯扎渡心墙堆石坝
3162,龙滩碾压混凝土重力坝
3163,天荒坪抽水蓄能电站
3164,沙牌碾压混凝土拱坝
3165,大伙房水库输水工程
3166,淮安枢纽
3167,临淮岗防洪枢纽
3168,曹娥江大闸
3169,南水北调工程
3170,招标
3171,投标
3172,施工组织设计
3173,施工进度计划
3174,有效施工天数
3175,设计概算
3176,施工图预算
3177,施工预算
3178,工程竣工决算
3179,直接费
3180,间接费
3181,预备费
3182,成本管理
3183,定额管理
3184,劳动定额
3185,机械定额
3186,材料定额
3187,概算定额
3188,预算定额
3189,施工定额
3190,技术管理
3191,施工调度
3192,质量管理
3193,工资管理
3194,劳动保护
3195,材料储备期
3196,设备管理
3197,设备完好率
3198,设备利用率
3199,设备折旧率
3200,机械台班费
3201,施工运输
3202,自卸汽车
3203,挂车
3204,卷扬道
3205,索道运输
3206,连续运输
3207,带式运输机
3208,螺旋运输机
3209,千斤顶
3210,绞车
3211,起重桅杆
3212,井式升降机
3213,起重机
3214,桅杆式起重机
3215,自行式起重机
3216,塔式起重机
3217,门座起重机
3218,双悬臂起重机
3219,缆索起重机
3220,龙门起重机
3221,塔带机
3222,胎带机
3223,索铲
3224,采砂船
3225,铲运机
3226,推土机
3227,装载机
3228,土石方压实机械
3229,平碾
3230,羊足碾
3231,气胎碾
3232,振动碾
3233,夯土机
3234,蛙式打夯机
3235,边墙挤压机
3236,土石方开挖工程
3237,土石方调配
3238,掌子布置
3239,切土理论
3240,难方开挖
3241,土石方填筑工程
3242,土方压实
3243,土石方压实标准
3244,压实参数
3245,压实试验
3246,堆石薄层碾压法
3247,水枪
3248,泥浆泵
3249,水力冲填
3250,进占法
3251,后退法
3252,土砂松坡接触平起法
3253,留台法
3254,削坡法
3255,斜坡碾压
3256,挤压式边墙施工法
3257,爆破
3258,爆破机理
3259,爆破作用圈
3260,爆破漏斗
3261,最小抵抗线
3262,自由面
3263,爆破作用指数
3264,松动爆破
3265,抛掷爆破
3266,炸药
3267,单位耗药量
3268,炸药威力
3269,炸药敏感度
3270,炸药氧平衡
3271,炸药殉爆距离
3272,炸药安定性
3273,装药最佳密度
3274,不耦合装药
3275,导火索
3276,导爆索
3277,导爆管
3278,雷管
3279,火花起爆
3280,电力起爆
3281,导爆管起爆
3282,导爆索起爆
3283,起爆网络
3284,浅孔爆破法
3285,深孔爆破法
3286,硐室爆破法
3287,裸露爆破法
3288,控制爆破
3289,定向爆破
3290,光面爆破
3291,预裂爆破
3292,缓冲孔爆破
3293,微差爆破
3294,岩塞爆破
3295,水下爆破
3296,静态爆破
3297,瞎炮
3298,爆破安全距离
3299,爆破公害
3300,固定式模板
3301,拆移式模板
3302,标准模板
3303,移动式模板
3304,滑升模板
3305,真空模板
3306,脱模隔离剂
3307,模板周转率
3308,钢筋加工
3309,钢筋代换
3310,套筒连接
3311,锥螺纹连接
3312,等强直螺纹连接
3313,骨料料场
3314,颚式碎石机
3315,锥式碎石机
3316,反击式碎石机
3317,棒磨机
3318,振动筛
3319,圆筒筛
3320,螺旋洗砂机
3321,水力分砂器
3322,堆取料机
3323,混凝土拌和机
3324,混凝土拌和楼
3325,混凝土搅拌运输车
3326,混凝土运输
3327,混凝土泵
3328,混凝土吊罐
3329,混凝土溜槽
3330,混凝土溜管
3331,混凝土浇筑
3332,冷缝
3333,冲毛枪
3334,仓面喷雾机
3335,混凝土真空吸水养护
3336,混凝土振捣器
3337,混凝土养护
3338,混凝土低温季节施工
3339,成熟度
3340,蒸汽养护
3341,电热养护
3342,暖棚养护
3343,混凝土真空作业
3344,混凝土水下浇筑法
3345,混凝土分部浇筑
3346,混凝土温度裂缝
3347,混凝土温度控制
3348,施工缝
3349,骨料预冷
3350,水管冷却
3351,分缝分块浇筑法
3352,通仓浇筑法
3353,凿毛
3354,冲毛
3355,VC值
3356,变态混凝土
3357,通仓薄层浇筑
3358,层面处理
3359,混凝土切缝机
3360,微膨胀混凝土
3361,钢纤维混凝土
3362,模袋混凝土
3363,地下建筑物施工
3364,硐室开挖
3365,钻孔爆破开挖法
3366,钻孔机具
3367,凿岩机
3368,潜孔钻
3369,全断面隧道掘进机
3370,盾构开挖法
3371,盾构掘进机
3372,顶管法
3373,隧洞沉埋法
3374,施工支洞
3375,全断面开挖法
3376,台阶开挖法
3377,导洞开挖法
3378,竖井导井开挖法
3379,钻孔台车
3380,掏槽孔
3381,崩落孔
3382,周边孔
3383,隧洞坍方
3384,炮眼利用率
3385,硐室支护
3386,漏斗棚架
3387,小型装岩机
3388,大型装岩机
3389,硐室照明
3390,硐室通风
3391,喷射混凝土衬砌
3392,钢模台车
3393,新奥法
3394,柔性支护
3395,支护时机
3396,封拱
3397,地下连续墙施工法
3398,钻劈法
3399,钻抓法
3400,铣削法
3401,挖槽机
3402,冲击式钻机
3403,冲抓锥
3404,冲击式挖槽机
3405,抓斗式挖槽机
3406,回转式钻机
3407,液压铣槽机
3408,泥浆固壁
3409,稳定液
3410,塑性混凝土
3411,自凝灰浆
3412,槽孔
3413,单元槽段
3414,分层开挖
3415,灌浆
3416,固结灌浆
3417,帷幕灌浆
3418,砂砾地基灌浆
3419,接触灌浆
3420,回填灌浆
3421,纵缝灌浆
3422,化学灌浆
3423,灌浆设备
3424,全孔一次灌浆法
3425,全孔分段灌浆法
3426,纯压灌浆法
3427,循环灌浆法
3428,循环钻灌法
3429,打管灌浆法
3430,套管灌浆法
3431,GIN灌浆法
3432,孔口封闭灌浆法
3433,灌浆浆液浓度
3434,灌浆试验
3435,灌浆压力
3436,可灌比
3437,预埋花管法
3438,锤击法沉桩
3439,振动法沉桩
3440,射水法沉桩
3441,压桩法沉桩
3442,打桩机
3443,打桩船
3444,打桩锤
3445,替打
3446,打桩应力
3447,打桩控制
3448,钻孔埋桩法
3449,置换法
3450,排水固结法
3451,砂井排水法
3452,石灰桩法
3453,水泥粉煤灰碎石桩
3454,固化法
3455,水下施工
3456,挖泥船
3457,吸扬式挖泥船
3458,绞吸式挖泥船
3459,耙吸式挖泥船
3460,抓斗式挖泥船
3461,铲斗式挖泥船
3462,链斗式挖泥船
3463,挖泥船纵挖法
3464,挖泥船横挖法
3465,疏浚回淤率
3466,吹填
3467,吹填土
3468,泥场
3469,基床抛石
3470,抛石船
3471,基床平整
3472,基床水下夯实
3473,潜水作业
3474,潜水用具
3475,沉箱法施工
3476,水下管道敷设
3477,水下切割
3478,海上作业平台
3479,排桩
3480,土钉墙
3481,土层锚杆
3482,内支撑体系
3483,强夯法
3484,振冲法
3485,深层搅拌法
3486,高压喷射灌浆法
3487,垂直铺塑法
3488,围堰
3489,导流方式
3490,明渠导流
3491,隧洞导流
3492,底孔导流
3493,涵管导流
3494,渡槽导流
3495,导流标准
3496,导流设计流量
3497,导流方案
3498,施工拦洪水位
3499,封孔蓄水
3500,施工通航
3501,截流
3502,截流设计流量
3503,进占
3504,平堵
3505,立堵
3506,截流戗堤
3507,单戗堤截流
3508,多戗堤截流
3509,宽戗堤截流
3510,抛投物料
3511,护底
3512,裹头
3513,龙口落差
3514,人工降低地下水位
3515,井点排水
3516,电渗排水
3517,管井排水
3518,系统工程
3519,模拟技术
3520,系统分析
3521,成本效益分析
3522,投资效果分析
3523,运筹学
3524,数学规划
3525,施工动态仿真
3526,监控与预测信息
3527,施工实时控制
3528,仿真建模
3529,数字大坝
3530,信息集成
3531,网络计划
3532,资源均衡
3533,海岸动力学
3534,海洋水文学
3535,水色
3536,波浪
3537,波浪要素
3538,波峰
3539,波谷
3540,波高
3541,波长
3542,波周期
3543,波陡
3544,海况
3545,波级
3546,风浪
3547,涌浪
3548,混合浪
3549,海啸
3550,深水波
3551,浅水波
3552,规则波
3553,不规则波
3554,拍岸浪
3555,内波
3556,前进波
3557,驻波
3558,强制波
3559,自由波
3560,孤立波
3561,船行波
3562,三维波
3563,线性波
3564,非线性波
3565,破碎波
3566,波浪反射
3567,波浪折射
3568,波浪绕射
3569,波浪变形
3570,波浪爬高
3571,波浪力
3572,波能
3573,波浪谱
3574,波浪玫瑰图
3575,部分大波
3576,有效波
3577,累积频率波高
3578,风区
3579,波群
3580,台风浪
3581,波流相互作用
3582,潮汐
3583,天文潮
3584,气象潮
3585,涨潮
3586,落潮
3587,高潮
3588,低潮
3589,潮差
3590,潮型
3591,半日潮
3592,全日潮
3593,混合潮
3594,大潮
3595,小潮
3596,寻常潮
3597,风暴潮
3598,涌潮
3599,增水
3600,减水
3601,引潮力
3602,潮汐间隙
3603,潮龄
3604,潮汐不等
3605,潮波变形
3606,静振
3607,验潮站
3608,潮位
3609,潮汐调和分析
3610,潮汐调和常数
3611,潮汐预报
3612,潮汐表
3613,同潮时线
3614,等潮差线
3615,无潮点
3616,潮区界
3617,潮流界
3618,纳潮量
3619,设计潮位
3620,乘潮水位
3621,潮升
3622,平均海面
3623,理论最低潮面
3624,平均大潮高潮面
3625,平均大潮低潮面
3626,1985国家高程基准
3627,1956黄海高程系统
3628,大沽零点
3629,废黄河零点
3630,吴淞零点
3631,珠江基面
3632,罗星塔基准点
3633,坎门零点
3634,海平面上升
3635,潮流
3636,潮流椭圆
3637,旋转流
3638,往复流
3639,涨潮流
3640,落潮流
3641,憩流
3642,潮量
3643,海流
3644,余流
3645,风海流
3646,梯度流
3647,坡度流
3648,上升流
3649,下降流
3650,沿岸流
3651,波生流
3652,优势流
3653,暖流
3654,黑潮
3655,寒流
3656,千岛寒流
3657,大洋环流
3658,厄尔尼诺现象
3659,拉尼娜现象
3660,净流程
3661,滞流点
3662,海水盐度
3663,海岸线
3664,海岸带
3665,潮间带
3666,海滩
3667,大陆架
3668,海湾
3669,拦门沙
3670,漂沙
3671,浮泥
3672,絮凝
3673,回淤率
3674,沿岸输沙
3675,骤淤
3676,冰凌
3677,冰期
3678,港
3679,港口
3680,港口工程
3681,港界
3682,港区
3683,港口总平面
3684,港口陆域
3685,港口陆域纵深
3686,码头前沿作业地带
3687,港口作业区
3688,港内泊稳条件
3689,港口水域
3690,进港航道
3691,港口口门
3692,回旋水域
3693,锚地
3694,港口水深
3695,港池
3696,码头
3697,码头前沿线
3698,泊位
3699,泊位能力
3700,泊位利用率
3701,驳岸
3702,货种
3703,件货
3704,散货
3705,液体货物
3706,集装箱
3707,集装箱码头
3708,综合性码头
3709,专业性码头
3710,滚装船码头
3711,多用途码头
3712,货主码头
3713,石油码头
3714,单点系泊
3715,多点系泊
3716,驳船
3717,港作船舶
3718,趸船
3719,设计船型
3720,船舶实载率
3721,登记吨
3722,排水量吨位
3723,船舶总载重量
3724,船舶净载重量
3725,船型尺度
3726,船舶总尺度
3727,船舶方形系数
3728,港口吞吐量
3729,吞吐量不平衡系数
3730,港口通过能力
3731,港口集疏运
3732,通航密度
3733,疏运能力
3734,港口腹地
3735,港口年营运天数
3736,港口装卸工艺
3737,港口仓库
3738,前方仓库
3739,后方仓库
3740,港区堆场
3741,库场能力
3742,单位面积货物堆存量
3743,货物平均堆存期
3744,入库系数
3745,货运不平衡系数
3746,斜坡式码头
3747,直立式码头
3748,半直立式码头
3749,半斜坡式码头
3750,双级式码头
3751,多级式码头
3752,顺岸码头
3753,突堤式码头
3754,整片式码头
3755,引桥式码头
3756,墩式码头
3757,岛式码头
3758,栈桥式码头
3759,栈桥
3760,透空式码头
3761,重力式码头
3762,阶梯形断面方块码头
3763,衡重式断面方块码头
3764,卸荷板式方块码头
3765,卸荷板
3766,整体砌筑码头
3767,沉箱码头
3768,扶壁码头
3769,板桩码头
3770,格形板桩码头
3771,锚碇墙码头
3772,高桩码头
3773,承台式高桩码头
3774,前板桩式高桩码头
3775,后板桩式高桩码头
3776,全直桩码头
3777,装配式框架梁板码头
3778,浮码头
3779,趸船码头
3780,码头结构
3781,横向排架
3782,码头胸墙
3783,码头基床
3784,码头回填
3785,减压棱体
3786,码头端部翼墙
3787,斜拉桩板桩结构
3788,主桩板桩结构
3789,主桩套板结构
3790,桩基承台
3791,刚性桩台
3792,非刚性桩台
3793,柔性桩台
3794,簇桩
3795,码头设备
3796,系船浮筒
3797,系船柱
3798,系船环
3799,防撞设备
3800,护舷
3801,靠船桩
3802,系网环
3803,防波堤
3804,突堤
3805,岛堤
3806,潜堤
3807,堤头
3808,斜坡式防波堤
3809,直墙式防波堤
3810,混成式防波堤
3811,透空式防波堤
3812,浮式防波堤
3813,活动式防波堤
3814,喷气消波设备
3815,喷水消波设备
3816,透孔式沉箱防波堤
3817,削角式防波堤
3818,密集桩防波堤
3819,双排板桩堤
3820,格形板桩堤
3821,堆石防波堤
3822,砌石堤
3823,异形块体
3824,四脚锥体
3825,四脚空心方块
3826,扭工字块体
3827,平底四脚锥体
3828,三柱体
3829,铁砧体
3830,凹槽方块
3831,船厂水工建筑物
3832,船台
3833,滑道
3834,木滑道
3835,涂油滑道
3836,龙骨墩
3837,机械化滑道
3838,纵向滑道
3839,横向滑道
3840,摇架式滑道
3841,自摇式滑道
3842,平板车纵向滑道
3843,斜架车纵向滑道
3844,高低轨滑道
3845,梳式滑道
3846,气囊下水
3847,船坞
3848,双坞室式船坞
3849,灌水船坞
3850,浮船坞
3851,分段式浮坞
3852,母子浮坞
3853,坞室
3854,坞首
3855,坞门
3856,浮坞门
3857,船坞灌水系统
3858,船坞排水系统
3859,船坞泵站
3860,船坞疏水系统
3861,修船码头
3862,舾装码头
3863,试车码头
3864,模型试验港池
3865,宁波-舟山港
3866,上海港
3867,天津港
3868,广州港
3869,南京港
3870,深圳港
3871,连云港港
3872,武汉港
3873,港口淤积
3874,港口导航
3875,防波堤口门
3876,河流流态
3877,回流
3878,泡水
3879,漩水
3880,横流
3881,滑梁水
3882,扫弯水
3883,剪刀水
3884,过渡段浅滩
3885,边滩
3886,深槽
3887,浅滩
3888,正常浅滩
3889,交错浅滩
3890,尖潭
3891,沱口
3892,沙嘴
3893,复式浅滩
3894,散乱浅滩
3895,急流滩
3896,险滩
3897,石滩
3898,沙卵石滩
3899,溪口滩
3900,优良河段
3901,航道
3902,航道网
3903,平原航道
3904,山区航道
3905,数字化航道
3906,定线制航道
3907,深水航道
3908,拖带船队
3909,顶推船队
3910,分节驳船队
3911,航道等级
3912,航道尺度
3913,通航净空尺度
3914,航道水深
3915,航道宽度
3916,航道弯曲半径
3917,航道断面系数
3918,通航期
3919,通航保证率
3920,通航设计水位
3921,最高通航水位
3922,最低通航水位
3923,航行下沉值
3924,河流渠化
3925,连续渠化
3926,局部渠化
3927,运河
3928,内陆运河
3929,海运河
3930,设闸运河
3931,开敞运河
3932,苏伊士运河
3933,巴拿马运河
3934,运河供水
3935,航道整治
3936,炸礁工程
3937,水下钻孔爆破
3938,水下排淤爆破
3939,水下挤淤爆破
3940,绞滩
3941,扫床
3942,清槽
3943,整治线
3944,整治线宽度
3945,整治水位
3946,整治流量
3947,水深改正系数
3948,疏浚
3949,基建性疏浚
3950,维修性疏浚
3951,挖槽
3952,抛泥区
3953,疏浚土
3954,疏浚量
3955,上方
3956,下方
3957,吹填造地
3958,吹填筑坝
3959,裁弯取直
3960,裁弯引河
3961,整治建筑物
3962,实体坝
3963,透水坝
3964,丁坝
3965,顺坝
3966,沙袋填心坝
3967,锁坝
3968,潜坝
3969,鱼嘴
3970,鱼骨坝
3971,丁坝间距
3972,坝头冲刷坑
3973,上挑丁坝
3974,下挑丁坝
3975,正挑丁坝
3976,削坡
3977,排水盲沟
3978,护脚
3979,镇脚棱体
3980,枯水平台
3981,软体排
3982,勾头丁坝
3983,航标
3984,内河航标
3985,过河标
3986,沿岸标
3987,导标
3988,过渡导标
3989,首尾导标
3990,侧面标
3991,左右通航标
3992,示位标
3993,泛滥标
3994,桥涵标
3995,信号标志
3996,通行信号标
3997,水深信号标
3998,专用标志
3999,内河航标配布
4000,浮标
4001,灯塔
4002,灯船
4003,灯桩
4004,航道标牌
4005,航道维护
4006,航道管理
4007,航道服务区
4008,船闸运行管理
4009,过船建筑物
4010,船闸
4011,海船闸
4012,内河船闸
4013,多级船闸
4014,多线船闸
4015,广室船闸
4016,省水船闸
4017,井式船闸
4018,船闸有效尺度
4019,门槛水深
4020,船闸闸室
4021,闸墙
4022,闸底
4023,闸首
4024,导航墙
4025,隔流堤
4026,引航道
4027,外停泊区
4028,前港
4029,靠船墩
4030,浮式系船环
4031,浮式系船柱
4032,过闸方式
4033,船闸通过能力
4034,过闸耗水量
4035,船闸渗流
4036,过闸时间
4037,输水时间
4038,输水系统
4039,分散输水系统
4040,集中输水系统
4041,长廊道输水系统
4042,短廊道输水系统
4043,等惯性输水系统
4044,闸门输水系统
4045,槛下输水系统
4046,船闸输水水力计算
4047,船舶停泊条件
4048,缆绳拉力
4049,船闸输水阀门空化
4050,船闸闸门
4051,平板闸门
4052,人字闸门
4053,横拉闸门
4054,三角闸门
4055,顶枢
4056,底枢
4057,船闸阀门
4058,反向弧形阀门
4059,推拉杆式启闭机
4060,葛洲坝船闸
4061,三峡船闸
4062,升船机
4063,垂直升船机
4064,均衡重式垂直升船机
4065,浮筒式垂直升船机
4066,斜面升船机
4067,水坡式升船机
4068,承船厢
4069,承船车
4070,升船机闸首
4071,通航隧洞
4072,通航渡槽
4073,尼德芬诺升船机
4074,克拉斯诺亚尔斯克升船机
4075,河流近口段
4076,河口段
4077,河口河流段
4078,河口过渡段
4079,河口潮流段
4080,口外海滨
4081,间接河口
4082,潮汐河口
4083,强潮河口
4084,弱潮河口
4085,三角洲河口
4086,三角港河口
4087,河口盐淡水混合
4088,缓混合型河口
4089,强混合型河口
4090,弱混合型河口
4091,河口整治工程
4092,河口航道治理工程
4093,河口防护工程
4094,河口挡潮闸工程
4095,海岸
4096,淤泥质海岸
4097,粉沙质海岸
4098,沙质海岸
4099,基岩海岸
4100,红树林海岸
4101,珊瑚礁海岸
4102,海岸防护工程
4103,海涂围垦工程
4104,围海工程
4105,蓄淡工程
4106,保滩促淤工程
4107,海岸工程
4108,海堤
4109,离岸堤
4110,连岛堤
4111,人工岛工程
4112,人工育滩工程
4113,沙丘补沙
4114,滩肩补沙
4115,剖面补沙
4116,近岸补沙
4117,人工岬角
4118,跨海通道工程
4119,跨海大桥
4120,海底隧道
4121,海岸风能工程
4122,潮汐能电站工程
4123,潮流能电站工程
4124,波浪能电站工程
4125,浅海采油采矿工程
4126,浅海海底管线
4127,滨海电厂工程
4128,滨海电厂取排水工程
4129,长江口深水航道治理工程
4130,长江口青草沙水库
4131,须德海围海工程
4132,荷兰三角洲计划
4133,杭州湾围垦工程
4134,曹妃甸围海工程
4135,香港机场填海工程
4136,迪拜人工岛工程
4137,杭州湾跨海大桥
4138,江厦潮汐试验电站
4139,朗斯潮汐能电站
4140,环境水利
4141,环境水力学
4142,环境水文学
4143,水体污染
4144,污染源
4145,点污染源
4146,非点源污染
4147,水污染物
4148,工业废水
4149,生活污水
4150,化学性污染
4151,物理性污染
4152,生物性污染
4153,易降解水污染物
4154,难降解水污染物
4155,水体中可溶性盐类
4156,悬浮固体污染物
4157,漂浮液体污染物
4158,水体放射性污染物
4159,污染物扩散
4160,水质指标
4161,溶解氧
4162,生化需氧量
4163,化学需氧量
4164,总有机碳
4165,氨氮
4166,总磷
4167,总氮
4168,电导率
4169,水质监测
4170,水质监测站网
4171,水质监测项目
4172,水质监测断面
4173,水质采样器
4174,采样点
4175,采样
4176,采样频率
4177,水质代表样
4178,水质混合样
4179,水质调查
4180,水质度量单位
4181,水质本底值
4182,污水排放量
4183,污染物降解
4184,水体自净
4185,底泥沉积物释放
4186,湖泊内源污染
4187,湖泊外源污染
4188,浅水湖泊
4189,深水湖泊
4190,污染物质复合作用
4191,氧亏
4192,河流复氧
4193,同化能力
4194,氧下垂曲线
4195,复氧系数
4196,耗氧系数
4197,热污染
4198,富营养化
4199,水库分层
4200,溶解氧超饱和
4201,生境
4202,水土交界面
4203,吸附
4204,解吸
4205,水华
4206,水质评价
4207,水质目标
4208,受损水体
4209,环境保护目标
4210,国控断面
4211,现状评价
4212,环境敏感目标
4213,水污染综合评价
4214,环境影响评价
4215,水质预测数学模型
4216,水环境容量
4217,环境承载力
4218,湿地环境效应
4219,环境累积效应
4220,环境友好社会
4221,环境可持续发展
4222,环境损益分析
4223,环境风险分析
4224,水环境质量标准
4225,水污染物排放标准
4226,排污削减量
4227,环境规划
4228,水功能区划
4229,饮用水水源保护区
4230,排污许可
4231,非点源污染物控制
4232,环境修复
4233,人工复氧
4234,水库冷害
4235,污染物总量控制
4236,水污染综合防治
4237,清洁生产
4238,生态环境调水
4239,引江济太
4240,流域水环境规划
4241,生态学
4242,种群
4243,生物群落
4244,群落演替
4245,生态系统
4246,生产者
4247,消费者
4248,分解者
4249,物质循环
4250,能量流动
4251,信息传递
4252,反馈调节
4253,生态系统类型
4254,生态系统服务功能
4255,生物多样性
4256,生态系统完整性
4257,生态系统稳定性
4258,生态平衡
4259,生态系统受损
4260,水生态系统
4261,浮游动物
4262,浮游植物
4263,挺水植物
4264,沉水植物
4265,底栖动物
4266,无脊椎动物
4267,胁迫效应
4268,环境要素
4269,河流缓冲带
4270,河岸带
4271,生态廊道
4272,河流连续体
4273,景观多样性
4274,生境破碎化
4275,空间异质性
4276,野生动物丰富度
4277,野生维管束植物丰富度
4278,外来物种入侵度
4279,生态水利
4280,生态水利工程学
4281,水利工程生态效应
4282,生态疏浚
4283,生态护坡
4284,生态工法
4285,土壤生物工程
4286,植被恢复技术
4287,前置库
4288,鱼礁
4289,白洋淀流域生态补水工程
4290,南四湖生态补水工程
4291,湿地生态恢复工程
4292,小流域综合治理
4293,生态承载力
4294,生态系统健康
4295,生态功能区划
4296,河流生态修复规划
4297,重要生态功能区
4298,生态脆弱区
4299,生态建设
4300,生态足迹
4301,生态红线
4302,湖泛
4303,生态需水量
4304,水功能区水质目标
4305,河流生态修复
4306,生态调度
4307,人工湿地
4308,污水土地处理系统
4309,生态影响
4310,生态影响评价
4311,水体生产力
4312,生态监测
4313,生态健康
4314,环境健康风险评价
4315,透明度
4316,叶绿素a
4317,微囊藻毒素
4318,水生态文明
4319,商品水
4320,水利经济
4321,水利工程经济
4322,水市场
4323,水资源价值
4324,水资源费
4325,水资源有偿使用制度
4326,排污权
4327,水权交易
4328,排污权交易
4329,水污染补偿
4330,水生态补偿
4331,水利多种经营
4332,水费
4333,水利工程投资
4334,综合利用水利工程费用分摊
4335,水电站单位千瓦投资
4336,水电站单位电能投资
4337,水电站发电成本
4338,水电站增加千瓦投资
4339,水利工程运行成本费用
4340,水利工程年运行维护成本
4341,综合利用水利工程投资分摊
4342,贷款利率
4343,折旧费
4344,折旧率
4345,水利工程经济效益
4346,防洪效益
4347,洪灾损失
4348,治涝效益
4349,灌溉效益
4350,节水灌溉效益
4351,水力发电效益
4352,梯级水电站联合调度效益
4353,城镇供水效益
4354,城镇供水缺水损失
4355,灌溉效益分摊系数
4356,水运效益
4357,水土保持效益
4358,水利旅游效益
4359,水产养殖效益
4360,水利工程生态效益
4361,水利工程环境效益
4362,水利工程社会效益
4363,流域生态系统服务价值
4364,水利工程直接经济效益
4365,水利工程间接经济效益
4366,防洪保护费
4367,洪水保险
4368,标杆电价
4369,水价
4370,水价模式
4371,完全水价
4372,两部制水价
4373,基本水价
4374,计量水价
4375,超额用水累进加价
4376,工业水价
4377,农业水价
4378,生活用水水价
4379,环境水价
4380,水利工程供水成本
4381,水利建设项目经济评价
4382,技术经济比较
4383,水利工程替代方案
4384,使用年限
4385,经济寿命
4386,经济分析期限
4387,水利工程技术经济指标
4388,净现值
4389,益本比
4390,内部报酬率
4391,投资回收期
4392,经济折现率
4393,财务基准收益率
4394,开发性移民
4395,水库移民安置规划
4396,水库移民环境容量
4397,水库淹没损失补偿
4398,水法律
4399,国际水法
4400,水法规
4401,水行政立法
4402,水行政执法
4403,水行政司法
4404,水政策
4405,水利产业政策
4406,水价改革
4407,水价管理办法
4408,水权
4409,初始水权
4410,二级水权
4411,河岸权
4412,水权制度
4413,取水许可制度
4414,水事关系
4415,水事纠纷
4416,水行政管理
4417,水行业管理
4418,水资源权属管理
4419,水资源开发利用管理
4420,水管理体系
4421,水管理制度
4422,水行政主管部门
4423,流域管理
4424,流域管理机构
4425,水区域管理
4426,水利产业管理
4427,水资源一体化管理
4428,流域综合管理
4429,数字流域管理
4430,水利信息化管理
4431,水利工程管理
4432,水利公安
4433,水利产业
4434,非经营性水利项目
4435,经营性水利项目
4436,综合利用水利项目
4437,水利特许经营项目
4438,建管合一
4439,管养分离
4440,水利项目法人责任制
4441,水利水电工程合同管理
4442,水利工程总承包
4443,平行分包
4444,水利水电工程移民监理
4445,水利水电工程移民监督评估
4446,水利调度管理
4447,大坝安全管理
4448,大坝安全鉴定
4449,堤防管理
4450,河道管理
4451,湿地管理
4452,海涂管理
4453,分滞洪区管理
4454,自主管理灌排区
4455,农民用水者协会
4456,水环境管理
4457,水量管理
4458,水质管理
4459,水污染源管理
4460,水政监察
4461,最严格水资源管理制度
4462,水资源管理“三条红线”
4463,饮用水源地管理
4464,水功能区分级管理
4465,自然保护区管理
4466,水利旅游管理
4467,水资源供给管理
4468,水资源需求管理
4469,用水定额管理
4470,水平衡测试
4471,城乡供水一体化
4472,虚拟水战略
4473,生态补偿
4474,防灾减灾预警系统
4475,水资源资产化管理
4476,水资源供需平衡
4477,跨流域调水管理
4478,小型水利工程产权制度改革
4479,河长制
4480,水利工程管理单位体制改革
4481,大中型灌区改造
4482,水利工程除险加固
4483,水利水电工程移民安置
4484,水利风景区建设与管理
4485,水利科技
4486,水利学科
4487,中国水利学会
4488,中国水利工程协会
4489,中国农业节水和农村供水技术协会
4490,中国水力发电工程学会
4491,中国航海学会
4492,中国海洋工程学会
4493,中国水运建设行业协会
4494,中国水土保持学会
4495,中国环境科学学会
4496,中国海洋湖沼学会
4497,中国水利经济研究会
4498,国际大坝委员会
4499,国际灌溉排水委员会
4500,国际水文科学协会
4501,国际水资源协会
4502,国际水利与环境工程学会
4503,世界水理事会
4504,世界水协会
4505,世界气象组织
4506,国际航运协会
4507,全球水伙伴
4508,美国地球物理联合会
4509,欧洲地球科学联合会
4510,国际水教育学院
4511,国际水文计划
4512,国家重点实验室
4513,水沙科学与水利水电工程国家重点实验室
4514,水文水资源与水利工程科学国家重点实验室
4515,水资源与水电工程科学国家重点实验室
4516,山区河流开发保护国家重点实验室
4517,水利工程仿真与安全国家重点实验室
4518,流域水循环模拟与调控国家重点实验室
4519,海岸和近海工程国家重点实验室
4520,河口海岸学国家重点实验室
4521,国家工程研究中心
4522,水资源高效利用与工程安全国家工程研究中心
4523,疏浚技术装备国家工程研究中心
4524,国家工程技术研究中心
4525,国家大坝安全工程技术研究中心
4526,国家工程实验室
4527,港口水工建筑技术国家工程实验室
4528,中国水利水电科学研究院
4529,南京水利科学研究院
4530,长江水利科学研究院
4531,黄河水利科学研究院
4532,珠江水利科学研究院
4533,水工程生态研究所
4534,天津水运工程科学研究院
4535,国际小水电中心
4536,亚太地区小水电研究培训中心
4537,美国陆军工程兵团
4538,美国田纳西河流域管理局
4539,美国水和能源服务部
4540,俄罗斯科学院水问题研究所
4541,英国水力研究中心
4542,法国地球物理及工业流体动力学实验室
4543,荷兰代尔夫特水力研究所
4544,丹麦水力研究所
4545,日本港湾空港技术研究所
4546,德国卡尔斯鲁尔联邦水工研究所
4547,印度中央水利电力研究站
4548,意大利结构模型研究所
4549,大禹水利科学技术奖
4550,水力发电科学技术奖
4551,中国航海科技奖
4552,潘家铮水电科技基金
4553,严恺教育科技基金
4554,张光斗科技教育基金
4555,水利青年科技英才奖
4556,世界气象日
4557,世界水日
4558,世界海洋日
4559,世界湿地日
4560,中国水周
4561,中国水博览会
4562,李仪祉
4563,潘镒芬
4564,郑肇经
4565,汪胡桢
4566,须恺
4567,张含英
4568,高镜莹
4569,施嘉炀
4570,李赋都
4571,张昌龄
4572,沙玉清
4573,崔宗培
4574,王化云
4575,顾兆勋
4576,黄文熙
4577,伍正诚
4578,王鹤亭
4579,张书农
4580,刘光文
4581,谢家泽
4582,徐芝纶
4583,黄万里
4584,林一山
4585,严恺
4586,张光斗
4587,张瑞瑾
4588,李鹗鼎
4589,林秉南
4590,华士乾
4591,钱宁
4592,张蔚榛
4593,赵人俊
4594,徐乾清
4595,谢鉴衡
4596,左东启
4597,陈志恺
4598,潘家铮
4599,王三一
4600,陈明致
4601,窦国仁
4602,沈珠江
4603,雷志栋
4604,丹尼尔·伯努利
4605,欧拉
4606,谢才
4607,拉格朗日
4608,达西
4609,傅汝德
4610,斯托克斯
4611,雷诺
4612,恩格司
4613,费理门
4614,普朗特
4615,萨凡奇
4616,冯·卡门
4617,太沙基
4618,巴甫洛夫斯基
4619,韦杰涅耶夫
4620,泰勒
4621,考斯加可夫
4622,泰西
4623,米勒
4624,易家训
4625,周文德
4626,水利信息
4627,水利基础信息
4628,水灾害信息
4629,水资源信息
4630,水环境信息
4631,水生态信息
4632,农村水利信息
4633,水利工程信息
4634,水利政务信息
4635,水利信息化
4636,水利信息化综合体系
4637,智慧流域
4638,水利信息化基础设施
4639,水利数据中心
4640,水利专网
4641,水利信息采集系统
4642,水利工程监控系统
4643,水信息存储和管理系统
4644,水信息集成和共享服务系统
4645,水利业务应用系统
4646,决策支持系统
4647,水利信息技术
4648,遥测
4649,遥感
4650,自动控制
4651,物联网
4652,数据通信
4653,计算机网络
4654,数据库
4655,智能数据处理
4656,大数据
4657,系统集成
4658,云计算
4659,地理信息系统
4660,系统仿真
4661,信息安全
4662,文化
4663,水文化
4664,水利文化
4665,物质形态水文化
4666,水工程文化
4667,城河
4668,垛田
4669,哈尼梯田
4670,水工具文化
4671,汲水工具
4672,渡水工具
4673,水力工具
4674,镇水工具
4675,水景观文化
4676,滨水景观
4677,水利风景区
4678,水文化遗产
4679,白鹤梁
4680,渔梁坝
4681,龙王庙
4682,嘉应观
4683,都江堰放水节
4684,行为形态水文化
4685,治水社会
4686,水利社会
4687,漕运优先
4688,围水造田
4689,人水和谐
4690,节水文化
4691,节水型社会
4692,全国城市节水宣传周
4693,世界海事日
4694,中国航海日
4695,世界防止荒漠化和干旱日
4696,精神形态水文化
4697,《老子》说水
4698,《论语》说水
4699,《孟子》说水
4700,《管子》说水
4701,《庄子》说水
4702,《荀子》说水
4703,《孙子兵法》说水
4704,《河图》与水
4705,“五行”与水
4706,“八卦”与水
4707,一水四见
4708,大禹精神
4709,水利精神
4710,红旗渠精神
4711,98抗洪精神
4712,三峡移民精神
4713,河流辩证法
4714,“水灾害双重属性”理论
4715,河流伦理
4716,地域水文化
4717,河流文化
4718,海洋文化
4719,海上丝绸之路
4720,妈祖
4721,疍民
4722,水利史
4723,地质
4724,工程力学
4725,防洪抗旱
4726,农业水利
4727,给水排水工程
4728,海洋水文学与海岸动力学
4729,水利管理
