水利,水利科学
水利,水利资源
水能,水能资源
水利,水利普查
水利,水利系统
水利,城市水利
水利,牧区水利
水利,水利渔业
流域,流域规划
流域,长江流域综合规划
河流,河流综合利用
流域,跨流域开发
流域,跨流域调水
水利,水利工程
水利,水利枢纽
水库,串联水库
水库,调蓄水库
水库,注入式水库
水库,平原水库
水库,地下水库
地下水,地下水库
水库,水库库区综合利用开发
水库,水库特征水位
水位,水库特征水位
水库,水库正常蓄水位
水位,水库正常蓄水位
水库,水库死水位
水位,水库死水位
水库,水库设计洪水位
水位,水库设计洪水位
设计洪水,水库设计洪水位
洪水,水库设计洪水位
水库,水库防洪限制水位
水位,水库防洪限制水位
防洪,水库防洪限制水位
水库防洪,水库防洪限制水位
水库,水库校核洪水位
水位,水库校核洪水位
洪水,水库校核洪水位
水库,水库防洪高水位
水位,水库防洪高水位
防洪,水库防洪高水位
水库防洪,水库防洪高水位
水库,水库消落深度
库容,兴利库容
库容,死库容
库容,有效库容
库容,防洪库容
防洪,防洪库容
库容,拦洪库容
库容,调洪库容
库容,共用库容
径流,径流调节
水库,水库调节周期
年调节,多年调节
流量,调节流量
水库,水库调度
水库,水库调度图
水库调度,水库调度图
禹,禹贡
沟洫,汉书·沟洫志
元史·河渠志,新元史·河渠志
水经,水经注
水利,吴中水利书
水利,浙西水利书
水利,三吴水利录
泰西,泰西水法
禹,禹贡锥指
禹贡,禹贡锥指
水经,今水经
水经,水经注释
水经注,水经注释
河源,钦定河源纪略
行水金鉴,续行水金鉴
圩,筑圩图说
运河,山东运河备览
海塘,两浙海塘通志
水利,江南水利全书
水利,畿辅河道水利丛书
水利,畿辅水利议
堤,荆州万城堤志
运河,京杭运河
西门豹,西门豹渠
堰,都江堰
郑国,郑国渠
运河,兴安运河
运河,湘桂运河
堤,金堤
堰,山河堰
堤,八激堤
堤,洪泽湖大堤
堰,高家堰
堰,天井堰
漕渠,利漕渠
堰,浮山堰
堰,通济堰
运河,江南运河
运河,里运河
堰,它山堰
堤,范公堤
圩,万春圩
圩,永丰圩
堤,荆江大堤
海塘,浙江海塘
海塘,江南海塘
海塘,钱塘江海塘
农渠,惠农渠
水文学,工程水文学
水文学,城市水文学
水文学,农业水文学
水文学,森林水文学
水文学,地下水水文学
地下水,地下水水文学
水文学,随机水文学
水文学,系统水文学
水文学,同位素水文学
流域,流域面积
流域,数字流域
河网,河网密度
淡水,淡水湖
咸水,咸水湖
冰川,冰川湖
喀斯特,喀斯特湖
断层,断层湖
堰,堰塞湖
沼泽,草甸沼泽
沼泽,森林沼泽
沼泽,泥炭沼泽
冰川,大陆冰川
冰川,高山冰川
降水,降水量
降水,人工降水
枯水,枯水年
河流,河流冰情
雪,雪线
雪,雪崩
遥感,水文遥感
雨量,雨量器
雨量,自记雨量计
水位,自记水位计
水位,平均水位
流速,流速仪
水位,水位流量关系
流量,水位流量关系
比降,水面比降
蒸发,水面蒸发器
水面蒸发,水面蒸发器
蒸发,土壤蒸发器
土壤蒸发,土壤蒸发器
土,土壤蒸发器
降水,降水强度
强度,降水强度
降水,降水历时
雨量,等雨量线
蒸发,水面蒸发
蒸发,土壤蒸发
土,土壤蒸发
蒸发,潜水蒸发
潜水,潜水蒸发
流域,流域总蒸发
蒸发,流域总蒸发
径流,地面径流
径流,壤中径流
径流,地下径流
暴雨,暴雨径流
径流,暴雨径流
径流,枯水径流
枯水,枯水径流
雪,融雪径流
径流,融雪径流
流域,流域产沙
河流,河流泥沙
径流,径流预报
洪水,洪水预报
洪水预报,实时洪水预报
洪水,实时洪水预报
水文预报,概率水文预报
地下水,地下水预报
枯水,枯水预报
水文预报,施工水文预报
水文预报,中长期水文预报
流域,流域产流
径流,降雨径流关系
径流,径流系数
流域,流域汇流
汇流,流域汇流
流域,流域汇流时间
流域汇流,流域汇流时间
汇流,流域汇流时间
洪水,洪水波
洪水,洪水演算
降水,正常降水量
降水量,正常降水量
流量,径流量
径流,径流量
流量,正常径流量
径流,正常径流量
径流量,正常径流量
径流,设计年径流
径流,径流模数
暴雨,暴雨频率
暴雨,设计暴雨
暴雨,暴雨移置
降水,可能最大降水
洪水,洪水总量
洪水,洪水频率
洪水,设计洪水
洪水,历史洪水
洪水,古洪水
洪水,可能最大洪水
洪水,洪水风险
水利,水利计算
水资源,世界水资源
水资源,中国水资源
水资源,水资源总量
水资源,水资源开发
水资源,水资源利用
水资源,水资源可持续利用
水资源,水资源供需平衡分析
水资源供需平衡,水资源供需平衡分析
水资源,水资源评价
水资源,水资源系统
水资源,水资源规划
水资源,水资源配置
水资源,水资源调度
水资源,水资源保护
水资源,水资源管理
水质,水质型缺水
水资源,非常规水资源
水资源,洪水资源化
洪水,洪水资源化
水利,雨水利用
水资源,污水资源化
含水层,地下含水层
地下水,地下水容许开采量
地下水,地下水超采
地下水,地下水回灌
水资源,水资源承载能力
承载能力,水资源承载能力
地质,地质学
地质学,工程地质学
地质,工程地质学
土,土质学
地质学,水文地质学
地质,水文地质学
地质,地质作用
覆盖,覆盖层
土,黏土岩
石灰,石灰岩
地质学,第四纪地质学
第四纪,第四纪地质学
地质,第四纪地质学
板,板岩
地质,地质构造
地质,地质年代
断层,断层带
裂隙,裂隙率
裂隙,裂隙等密图
裂隙,裂隙极点图
裂隙,裂隙玫瑰图
裂隙,卸荷裂隙
应力,地应力
河床,古河床
河谷,河谷阶地
喀斯特,喀斯特率
地震,地震波
地震,地震震级
地震,地震烈度
地震,地震效应
水库,水库诱发地震
地震,水库诱发地震
水库,水库渗漏
渗漏,水库渗漏
水库,水库影响区
水库,水库塌岸
水库,水库浸没
地质,地质图
地质图,工程地质图
地质,工程地质图
地质图,水文地质图
地质,水文地质图
岩石,岩石水理性质
毛管水,毛管水上升高度
透水层,不透水层
透水层,弱透水层
含水层,含水层系统
地下水,地下水流系统
地质,水文地质单元
地下水,区域地下水流
地下水,局部地下水流
断裂,断裂含水带
地下水,地下水面
承压水,承压水面
水位,地下水位
地下水,地下水位
潜水,潜水面
地下水,地下水埋藏深度
潜水,潜水溢出带
水位,地下水等水位线图
地下水,地下水等水位线图
承压水,承压水盆地
地下水,地下水等水压线图
裂隙,裂隙水
喀斯特,喀斯特水
地质,水文地质条件
地下水,地下水补给条件
径流,地下水径流条件
地下水,地下水径流条件
地下水,地下水排泄条件
地下水,地下水稳定运动
地下水,地下水非稳定运动
水系,导水系数
水系,贮水系数
降水,降水入渗补给系数
地下水,地下水化学成分
地下水,地下水污染
水资源,地下水资源
地下水,地下水资源
地下水,地下水储量
地质,水文地质勘探
钻探,水文地质钻探
地质,水文地质钻探
止水,分层止水
沉淀,沉淀管
水位,水位降深
井群,井群干扰
压水试验,高压压水试验
地质,地质体
地质,地质建模
地质,地质模型
地质,工程地质力学模型
地质,水文地质概念模型
岩体,岩体结构
岩石,岩石质量指标
土,红土
土,黄土
土,冻土
岩石,岩石风化
壳,风化壳
地质,地质工程
岩体,岩体卸荷带
地质,工程地质勘察
地质,工程地质测绘
地质,工程地质勘探
地震,地震勘探
地质,工程地质试验
地质,工程地质条件
地质作用,工程动力地质作用
地质,工程动力地质作用
地质,地质灾害
沉降,地面沉降
土,软土
结构面,软弱结构面
速度,加速度
速度,科氏加速度
加速度,科氏加速度
阻尼,阻尼振动
静定结构,超静定结构
变形,组合变形
应变,主应变
应变,广义应变
应力,正应力
应力,切应力
应力,主应力
弯曲,弯曲中心
应力,切应力互等定理
切应力,切应力互等定理
应力,主应力轨迹线
主应力,主应力轨迹线
迹线,主应力轨迹线
应力,应力状态
应力,应力圆
应力,八面体应力
应力,广义应力
强度,强度理论
应力,最大拉应力理论
应变,最大伸长线应变理论
应力,最大切应力理论
切应力,最大切应力理论
应变,八面体剪应变
应变,应变能
形状改变比能,形状改变比能理论
强度,莫尔-库仑强度理论
强度理论,莫尔-库仑强度理论
强度,格里菲斯强度理论
强度理论,格里菲斯强度理论
应力,应力集中
应力,接触应力
应力,温度应力
应力,残余应力
应力,装配应力
应力,交变应力
应力,动应力
应力,徐变应力
徐变,徐变应力
应力,应力强度因子
强度,应力强度因子
断裂,断裂韧度
位移,裂纹张开位移
应力,应力腐蚀断裂
断裂,应力腐蚀断裂
剪切,剪切型裂缝
断裂,断裂判据
断裂,断裂能
断裂,断裂模型
损伤,损伤变量
损伤,损伤张量
损伤,损伤准则
损伤,损伤演化方程
损伤,损伤模型
损伤,损伤区
荷载,临界荷载
荷载,极限荷载
强度,疲劳强度
疲劳,疲劳强度
疲劳,疲劳极限
疲劳,疲劳破坏
应力,应力松弛
弹性,弹性模量
弹性,黏弹性
塑性,黏塑性
塑性,塑性区
应力,应力张量
应变,应变张量
应变,应变软化
塑性,理想弹塑性材料
塑性,刚塑性材料
塑性,塑性极限定理
位移,位移法
位移,矩阵位移法
位移法,矩阵位移法
余能,最小余能原理
位移,虚位移原理
应变,电阻应变计
应变,应变仪
采样,采样定理
弹性,光弹性法
安全系数,超载安全系数
强度,强度折减安全系数
安全系数,强度折减安全系数
地震,地震基本烈度
地震,地震地面运动
地震,地震动幅值
地震,地震动频谱
地震,地震动持时
地震,地震动峰值加速度
速度,地震动峰值加速度
加速度,地震动峰值加速度
地震,设计地震加速度
速度,设计地震加速度
加速度,设计地震加速度
地震,地震作用效应
作用效应,地震作用效应
地震作用,地震作用效应
反应谱,设计反应谱
力法,拟静力法
力法,动力法
振型,振型叠加法
反应谱,反应谱法
黏性,黏性系数
黏性,黏性流体
牛顿流体,非牛顿流体
测压管,测压管水头
潜体,潜体平衡稳定性
恒定流,非恒定流
元流,一元流
元流,二元流
元流,三元流
流速,流速水头
总水头,总水头线
测压管,测压管水头线
测压管水头,测压管水头线
流量,文丘里流量计
测压管,测压管坡度
雷诺,雷诺数
雷诺数,临界雷诺数
雷诺,临界雷诺数
水跃,水跃长度
谢才,谢才公式
流速,允许流速
谢才,谢才系数
水头损失,局部水头损失
水头损失,沿程水头损失
流量,流量模数
管网,枝状管网
管网,闭合管网
巴甫洛夫斯基,巴甫洛夫斯基公式
流速,摩阻流速
紊流,紊流混合长度
柱,棱柱形渠道
柱,非棱柱形渠道
棱柱形渠道,非棱柱形渠道
堰,堰流
堰,堰上水头
堰,薄壁堰
堰,实用堰
堰,宽顶堰
堰,淹没堰流
堰流,淹没堰流
堰,自由堰流
堰流,自由堰流
堰,侧堰
流量,渗流量
渗流,渗流量
达西,达西定律
渗流,渗流图解法
渗流,平面渗流
恒定流,非恒定流波动
非恒定流,非恒定流波动
连续波,非连续波
流量,波流量
恒定流,明渠非恒定流基本方程组
非恒定流,明渠非恒定流基本方程组
水跃,淹没水跃
水跃,临界水跃
水跃,远驱水跃
水跃,自由水跃
水跃,强迫水跃
空化,空化数
空化,临界空化数
空化数,临界空化数
强度,空蚀强度
空蚀,空蚀强度
掺气水流,明渠自掺气水流
掺气水流,非均匀掺气水流
均匀掺气水流,非均匀掺气水流
掺气水流,均匀掺气水流
水位,跟踪水位计
流速,热丝流速仪
流速仪,热丝流速仪
流速,热膜流速仪
流速仪,热膜流速仪
河流,河流动力学
河床,河床横断面
河床,河床纵剖面
粒径,等容粒径
粒径,泥沙粒径
河流,河流泥沙分类
河流泥沙,河流泥沙分类
速度,泥沙沉降速度
沉降,泥沙沉降速度
粒径,泥沙平均粒径
粒径,泥沙中值粒径
造床泥沙,非造床泥沙
床沙,床沙质
河流,河流泥沙运动
河流泥沙,河流泥沙运动
泥沙起动,泥沙起动推移力
泥沙起动,泥沙起动上举力
流速,起动流速
流速,止动流速
流速,扬动流速
沙波,带状沙波
沙波,断续蛇曲状沙波
沙波,堆状沙波
输沙率,推移质输沙率
推移质,推移质输沙率
输沙率,悬移质输沙率
悬移质,悬移质输沙率
输沙率,总输沙率
河床,河床演变
河床,河床形态要素
河床,河床演变分析
河床演变,河床演变分析
河床,河床变形计算
变形,河床变形计算
河床,河床纵向变形
变形,河床纵向变形
河床,河床横向变形
变形,河床横向变形
冲刷,局部冲刷
弯曲,弯曲型河段
蠕动,河湾蠕动
汇流,汇流点
水位,平滩水位
河床,河床稳定性指标
级配,泥沙级配曲线
休止角,泥沙休止角
絮凝,泥沙絮凝
流量,造床流量
水库,水库淤积
淤积,水库淤积
水库,水库排沙
河流,河流数学模型
河流,河流比尺模型
堤,堤防工程
疏浚,疏浚工程
水位,河道整治设计水位
河道整治,河道整治设计水位
流量,河道整治设计流量
河道整治,河道整治设计流量
设计流量,河道整治设计流量
河槽,设计河槽断面
整治线,整治线曲率半径
冲刷,溯源冲刷
淤积,泥沙淤积物干容重
模型试验,河工模型试验
模型试验,正态模型试验
模型试验,变态模型试验
模型试验,定床模型试验
模型试验,动床模型试验
土,土力学
土,土的结构
土,土的级配
级配,土的级配
级配,颗粒级配曲线
塑性,塑性指数
塑性,塑性图
干密度,最大干密度
含水率,最优含水率
土,土的工程分类
土,砂土
黏性,黏性土
土,黏性土
土,特殊土
土,膨胀土
土,土样
土,原状土样
土样,原状土样
土,扰动土样
土样,扰动土样
应力,附加应力
应力,有效应力
孔隙水,孔隙水应力
应力,孔隙水应力
孔隙水,超静孔隙水应力
应力,超静孔隙水应力
孔隙水应力,超静孔隙水应力
应力,总应力
固结,固结试验
压缩系数,体积压缩系数
变形,变形模量
固结,先期固结压力
固结,正常固结
固结,超固结
固结,欠固结
固结,固结系数
固结,固结度
固结,次固结
固结,次固结系数
固结系数,次固结系数
次固结,次固结系数
土,土的流变性
强度,抗剪强度
剪切,直接剪切试验
应力,孔隙应力系数
板,十字板剪切试验
剪切,十字板剪切试验
强度,无侧限抗压强度
抗压强度,无侧限抗压强度
强度,残余强度
土,砂土液化
砂土,砂土液化
黏性,黏性土灵敏度
土,黏性土灵敏度
黏性土,黏性土灵敏度
黏性,黏性土触变性
土,黏性土触变性
黏性土,黏性土触变性
剪切,动剪切模量
阻尼,阻尼比
土,挡土墙
土,土压力
地基,地基极限承载力
地基,地基允许承载力
荷载,临塑荷载
地基,地基处理
地基,复合地基
垫层,砂垫层法
黏性,黏性土垫层法
土,黏性土垫层法
黏性土,黏性土垫层法
垫层,黏性土垫层法
板,板桩
基坑,基坑支护
板,塑料板排水法
塑料,塑料板排水法
土,土工合成材料
岩石,岩石力学
岩石,岩石学
岩石,岩石流变学
岩石,岩石重度
岩石,岩石比重
岩石,岩石吸水率
岩石,岩石饱和吸水率
水系,岩石饱水系数
岩石,岩石饱水系数
岩石,岩石孔隙指数
岩石,岩石抗冻系数
抗冻系数,岩石抗冻系数
裂隙,裂隙度
波速,波速比
硬度,莫氏硬度表
应力,应力重分布
应力,原岩应力
应力,天然应力
应力,初始应力
应力,自重应力
应力,构造应力
应力,应力解除法
应力,应力恢复法
应变,钢弦式应变计
应变,应变花
变形,钻孔变形计
强度,峰值强度
强度,抗拉强度
强度,抗压强度
岩石,岩石软化系数
软化系数,岩石软化系数
剪切,现场剪切试验
变形,现场变形试验
板,平板荷载试验
荷载,平板荷载试验
压力枕,径向压力枕法试验
围岩,围岩压力
弹性,弹性抗力系数
塑性,塑性圈
覆盖,覆盖比
岩石,岩石支护
杆,锚杆支护
锚索,锚索支护
裂隙,裂隙网络
渗透系数,渗透系数张量
岩石,岩石工程
岩石,岩石含水率
含水率,岩石含水率
岩石,岩石密度
岩石,岩石比热容
岩石,岩石导热系数
岩石,岩石膨胀性
岩石,岩石耐崩解性指数
耐崩解性,岩石耐崩解性指数
强度,点荷载强度指数
荷载,点荷载强度指数
岩体,岩体渗透性
岩体,岩体渗流场
渗流,岩体渗流场
岩体,岩体渗透率
岩体,岩体基本质量指标
岩体,工程岩体质量指标
岩体,岩体体积节理数
节理,岩体体积节理数
岩石,岩石本构关系
岩体,岩体分级
岩体,岩体声学特性
岩石,岩石强度理论
强度,岩石强度理论
强度理论,岩石强度理论
岩体,岩体稳定性分析
岩石,室内岩石物理性质试验
岩石,室内岩石力学性质试验
岩石力学,室内岩石力学性质试验
岩石,岩石流变试验
岩体,岩体应力测量
应力,岩体应力测量
岩体,岩体渗透试验
岩体,工程岩体观测
岩体,岩体锚杆观测
杆,岩体锚杆观测
应力,容许应力
荷载,荷载代表值
荷载,荷载标准值
荷载,荷载组合值
荷载组合,荷载组合值
荷载,荷载频遇值
荷载,荷载准永久值
荷载,荷载组合
荷载,荷载效应
土,混凝土结构
混凝土,混凝土结构
混凝,混凝土结构
土,钢筋混凝土结构
混凝土结构,钢筋混凝土结构
钢筋,钢筋混凝土结构
混凝土,钢筋混凝土结构
混凝,钢筋混凝土结构
应力,预应力混凝土结构
土,预应力混凝土结构
混凝土结构,预应力混凝土结构
混凝土,预应力混凝土结构
混凝,预应力混凝土结构
应力,先张法预应力构件
应力,后张法预应力构件
应力,全预应力混凝土结构
土,全预应力混凝土结构
混凝土结构,全预应力混凝土结构
预应力混凝土结构,全预应力混凝土结构
混凝土,全预应力混凝土结构
混凝,全预应力混凝土结构
应力,部分预应力混凝土结构
土,部分预应力混凝土结构
混凝土结构,部分预应力混凝土结构
预应力混凝土结构,部分预应力混凝土结构
混凝土,部分预应力混凝土结构
混凝,部分预应力混凝土结构
杆,杆系混凝土结构
土,杆系混凝土结构
混凝土结构,杆系混凝土结构
混凝土,杆系混凝土结构
混凝,杆系混凝土结构
杆,非杆系混凝土结构
土,非杆系混凝土结构
混凝土结构,非杆系混凝土结构
杆系混凝土结构,非杆系混凝土结构
混凝土,非杆系混凝土结构
混凝,非杆系混凝土结构
梁,岩锚梁
板,双向板
板,单向板
梁,无梁板结构
板,无梁板结构
梁,薄腹梁
梁,吊车梁
梁,深梁
梁,短梁
梁,墙梁
梁,过梁
梁,圈梁
板,大型屋面板
柱,阶形柱
柱,双肢柱
剪力,剪力墙
衬砌,衬砌结构
沉降,沉降缝
强度,混凝土强度等级
土,混凝土强度等级
混凝土,混凝土强度等级
混凝,混凝土强度等级
强度,混凝土抗压强度
土,混凝土抗压强度
抗压强度,混凝土抗压强度
混凝土,混凝土抗压强度
混凝,混凝土抗压强度
强度,混凝土抗拉强度
土,混凝土抗拉强度
抗拉强度,混凝土抗拉强度
混凝土,混凝土抗拉强度
混凝,混凝土抗拉强度
应力,混凝土复合应力强度
强度,混凝土复合应力强度
土,混凝土复合应力强度
混凝土,混凝土复合应力强度
混凝,混凝土复合应力强度
徐变,混凝土徐变
土,混凝土徐变
混凝土,混凝土徐变
混凝,混凝土徐变
土,混凝土收缩
混凝土,混凝土收缩
混凝,混凝土收缩
强度,屈服强度
强度,极限强度
强度,混凝土局部承压强度
土,混凝土局部承压强度
混凝土,混凝土局部承压强度
混凝,混凝土局部承压强度
土,侧限混凝土
混凝土,侧限混凝土
混凝,侧限混凝土
钢筋,钢筋骨架
钢筋,弯起钢筋
钢筋,分布钢筋
钢筋,架立钢筋
钢筋,温度钢筋
钢筋,钢筋接头
土,混凝土保护层
混凝土,混凝土保护层
混凝,混凝土保护层
应力,预应力损失
应力,预应力锚具
塑性,塑性铰
内力,塑性内力重分布
塑性,塑性内力重分布
应力,预应力钢结构
钢结构,预应力钢结构
钢结构,塔桅钢结构
桁架,重型钢桁架
型钢,重型钢桁架
钢结构,轻型钢结构
型钢,轻型钢结构
土,钢管混凝土结构
混凝土结构,钢管混凝土结构
混凝土,钢管混凝土结构
混凝,钢管混凝土结构
梁,组合梁
梁,轧成梁
型钢,薄壁型钢
板,金属压型板
强度,高强度螺栓连接
焊缝,对接焊缝剖口
变形,焊接变形
应力,焊接应力
支座,钢梁支座
梁,钢梁支座
梁,经济梁高
梁,最小梁高
梁,钢结构梁格
钢结构,钢结构梁格
梁,钢结构梁格连接
钢结构,钢结构梁格连接
钢结构梁格,钢结构梁格连接
杆,格构式钢压杆
杆,实腹式钢压杆
钢结构,钢结构整体稳定性
钢结构,钢结构局部稳定性
板,节点板
土,毛石混凝土砌体
混凝土,毛石混凝土砌体
混凝,毛石混凝土砌体
土,小石子混凝土砌体
混凝土,小石子混凝土砌体
混凝,小石子混凝土砌体
砖,砖砌体
应力,预应力加固法
应力,实验应力分析
原型试验,结构原型试验
模型试验,结构模型试验
土,灰土
土,三合土
水泥,水泥熟料
水泥,硅酸盐水泥
水泥,普通硅酸盐水泥
硅酸盐水泥,普通硅酸盐水泥
水泥,矿渣硅酸盐水泥
硅酸盐水泥,矿渣硅酸盐水泥
水泥,火山灰硅酸盐水泥
硅酸盐水泥,火山灰硅酸盐水泥
水泥,粉煤灰硅酸盐水泥
硅酸盐水泥,粉煤灰硅酸盐水泥
水泥,复合硅酸盐水泥
硅酸盐水泥,复合硅酸盐水泥
水泥,中热硅酸盐水泥
硅酸盐水泥,中热硅酸盐水泥
水泥,低热硅酸盐水泥
硅酸盐水泥,低热硅酸盐水泥
水泥,低热矿渣硅酸盐水泥
硅酸盐水泥,低热矿渣硅酸盐水泥
矿渣硅酸盐水泥,低热矿渣硅酸盐水泥
水泥,膨胀水泥
水泥,抗硫酸盐硅酸盐水泥
硅酸盐水泥,抗硫酸盐硅酸盐水泥
应力,自应力水泥
水泥,自应力水泥
强度,水泥强度等级
水泥,水泥强度等级
水泥,水泥凝结时间
水泥,水泥安定性
水泥,水泥细度
水泥,水泥水化热
土,混凝土
混凝,混凝土
土,干硬性混凝土
混凝土,干硬性混凝土
混凝,干硬性混凝土
土,自密实混凝土
混凝土,自密实混凝土
混凝,自密实混凝土
土,喷射混凝土
混凝土,喷射混凝土
混凝,喷射混凝土
土,轻混凝土
混凝土,轻混凝土
混凝,轻混凝土
土,纤维混凝土
混凝土,纤维混凝土
混凝,纤维混凝土
玄武岩,玄武岩纤维
土,无砂大孔混凝土
混凝土,无砂大孔混凝土
混凝,无砂大孔混凝土
土,水工混凝土
混凝土,水工混凝土
混凝,水工混凝土
土,水下混凝土
混凝土,水下混凝土
混凝,水下混凝土
土,水下不分散混凝土
混凝土,水下不分散混凝土
混凝,水下不分散混凝土
土,泵送混凝土
混凝土,泵送混凝土
混凝,泵送混凝土
土,高性能混凝土
混凝土,高性能混凝土
混凝,高性能混凝土
土,生态混凝土
混凝土,生态混凝土
混凝,生态混凝土
土,智能混凝土
混凝土,智能混凝土
混凝,智能混凝土
土,全级配混凝土
混凝土,全级配混凝土
级配,全级配混凝土
混凝,全级配混凝土
土,聚合物混凝土
混凝土,聚合物混凝土
混凝,聚合物混凝土
土,沥青混凝土
混凝土,沥青混凝土
沥青,沥青混凝土
混凝,沥青混凝土
土,混凝土拌和物
混凝土,混凝土拌和物
混凝,混凝土拌和物
土,混凝土极限拉伸值
混凝土,混凝土极限拉伸值
混凝,混凝土极限拉伸值
土,混凝土抗渗等级
混凝土,混凝土抗渗等级
混凝,混凝土抗渗等级
土,混凝土抗冻等级
混凝土,混凝土抗冻等级
混凝,混凝土抗冻等级
土,混凝土碳化
混凝土,混凝土碳化
混凝,混凝土碳化
骨料,超径骨料
骨料,逊径骨料
骨料,碱-骨料反应
减水,减水剂
土,混凝土配合比
混凝土,混凝土配合比
混凝,混凝土配合比
强度,配制强度
强度,砂浆强度等级
砂浆,砂浆强度等级
沥青,煤沥青
沥青,石油沥青
沥青,普通石油沥青
石油沥青,普通石油沥青
沥青,乳化沥青
沥青,沥青针入度
沥青,沥青标准黏度
沥青,沥青延伸度
沥青,沥青闪点
沥青,沥青燃点
沥青,沥青软化点
沥青,沥青脆化点
沥青,沥青黏附性
沥青,沥青马歇尔稳定度试验
塑性,热塑性树脂
塑料,纤维增强塑料
水泥,水泥基渗透结晶型防水涂料
涂料,水泥基渗透结晶型防水涂料
灌浆,灌浆材料
灌浆材料,甲基丙烯酸酯类灌浆材料
灌浆,甲基丙烯酸酯类灌浆材料
灌浆材料,丙烯酰胺类灌浆材料
灌浆,丙烯酰胺类灌浆材料
灌浆材料,聚氨酯类灌浆材料
灌浆,聚氨酯类灌浆材料
环氧树脂,环氧树脂类灌浆材料
灌浆材料,环氧树脂类灌浆材料
灌浆,环氧树脂类灌浆材料
止水,止水材料
土,土工织物
土,土工膜
土,土工格栅
格栅,土工格栅
空蚀,抗空蚀性
强度,结合强度
钢筋,热轧钢筋
钢筋,冷轧带肋钢筋
应力,预应力混凝土用钢丝
土,预应力混凝土用钢丝
混凝土,预应力混凝土用钢丝
混凝,预应力混凝土用钢丝
应力,预应力混凝土用钢绞线
土,预应力混凝土用钢绞线
混凝土,预应力混凝土用钢绞线
混凝,预应力混凝土用钢绞线
板,纤维板
板,胶合板
板,刨花板
板,复合板材
防洪,防洪工程
防洪,防洪工程措施
防洪工程,防洪工程措施
防洪,防洪非工程措施
防洪,防洪应急预案
水库,水库防洪
防洪,水库防洪
水库,水库调洪方式
补偿调节,防洪补偿调节
防洪,防洪补偿调节
防洪,防洪错峰调节
防洪,防洪规划
防洪,防洪标准
涝,涝灾
冰凌,冰凌灾害
洪水,洪水期
汛期,前汛期
汛期,主汛期
汛期,后汛期
枯水,枯水期
水位,枯水位
枯水,枯水位
洪水,超标准洪水
洪水,典型年洪水
洪水,1954年洪水
洪水,1998年洪水
洪水,“75·8”洪水
洪水风险,洪水风险图
洪水,洪水风险图
防洪,防洪风险率
防洪,防洪调度
洪水,洪水管理
洪水预报,洪水预报系统
洪水,洪水预报系统
防洪,防洪决策支持系统
决策支持系统,防洪决策支持系统
防汛,防汛物资调配
水位,防汛特征水位
防汛,防汛特征水位
水位,警戒水位
水位,设防水位
水位,保证水位
水位,分洪水位
洪水,分洪水位
分洪,分洪水位
泄洪,泄洪能力
滞洪,蓄滞洪区
行洪,行洪区
分洪,分洪区
分洪,分洪工程
分洪,分洪道
圩,保庄圩
堤,戗堤
堤,导堤
堤,圩堤
圩,圩堤
堤,翼堤
堤,子堤
堤,干堤
堤,支堤
堤,过水堤
堤,自溃堤
土,钢木土石组合坝
堤,巡堤查险
堤,堤防岁修
堤,堤坝隐患
堤,堤坝裂缝
土,流土
反滤,反滤围井
堤,堤基防渗
堤,堤坡稳定
干旱,干旱指数
干旱,干旱监测
旱情,旱情监测
干旱,干旱等级
干旱,干旱预警信号
干旱,气象干旱
干旱,大气干旱
土,土壤干旱
干旱,土壤干旱
干旱,生理干旱
墒情,墒情监测
墒情,墒情预报
土,土壤保水剂
水利,农田水利
水利,农村水利
水利,农田水利基本建设
农田水利,农田水利基本建设
土,土壤剖面
土,土壤孔隙
土,土壤空气
土,土壤通气性
土,土壤温度
土,土壤酸碱度
土,土壤水
土,土壤含水量
毛管水,毛管水强烈上升高度
土,土壤水分常数
土壤水,土壤水分常数
土,土壤有效水分
土,土水势
土,土壤水吸力
土壤水,土壤水吸力
土,土壤水容量
土壤水,土壤水容量
土,土壤水分运动
土壤水,土壤水分运动
下渗,下渗率
土,土壤水分特征曲线
土壤水,土壤水分特征曲线
土,土壤水分滞后现象
土壤水,土壤水分滞后现象
土,土壤水再分布
土壤水,土壤水再分布
电导率,电导率仪
土,土壤三参数仪
蒸发,潜水蒸发强度
潜水蒸发,潜水蒸发强度
潜水,潜水蒸发强度
强度,潜水蒸发强度
蒸发,蒸发蒸腾量
蒸发,蒸发蒸腾率
蒸腾率,蒸发蒸腾率
强度,需水强度
蒸发,潜在蒸发蒸腾量
蒸发蒸腾量,潜在蒸发蒸腾量
作物需水量,参考作物需水量
水系,需水系数
模比系数,需水量模比系数
灌溉,灌溉制度
灌溉,灌溉定额
雨量,有效降雨量
地下水,作物地下水补给量
渗漏,深层渗漏量
灌水模数,灌水模数图
灌溉,灌溉用水量
用水量,灌溉用水量
灌溉,灌溉用水过程线
灌溉,储水灌溉
灌溉,播前灌溉
灌溉,节水灌溉
灌溉,非充分灌溉
灌溉,调亏灌溉
灌溉,分根交替灌溉
灌溉,控制灌溉
灌溉,精准灌溉
灌溉,智能化灌溉
灌溉,自流灌溉
灌溉,提水灌溉
灌溉,灌溉面积
设计标准,灌溉设计标准
灌溉,灌溉设计标准
灌溉,灌溉临界期
灌溉,灌溉水源
灌溉,浑水灌溉
灌溉,劣质水灌溉
灌溉,污水灌溉
咸水,微咸水灌溉
灌溉,微咸水灌溉
肥水,肥水灌溉
灌溉,肥水灌溉
灌溉,磁化水灌溉
灌溉,灌溉回归水
灌溉,灌溉水质
水质,灌溉水质
灌溉,灌溉水温
灌溉,灌溉工程
灌溉,蓄水灌溉
灌溉,引水灌溉
灌溉,灌溉输水
灌溉,灌溉渠道
灌溉,长藤结瓜式灌溉系统
灌溉,管道灌溉系统
灌溉,地面灌溉
畦灌,水平畦灌
灌溉,涌流灌溉
灌溉,湿润灌溉
灌溉,地下灌溉
喷灌,微喷灌
喷灌,喷灌系统
喷灌,脉冲喷灌
强度,喷灌强度
喷灌,喷灌强度
水利,喷洒水利用系数
喷灌,喷灌均匀度
喷头,喷头基本参数
喷头,低压喷头
喷头,中压喷头
喷头,高压喷头
射流,射流式喷头
喷头,射流式喷头
喷头,摇臂式喷头
喷头,叶轮式喷头
喷头,散水式喷头
喷头,折射式喷头
喷头,缝隙式喷头
喷头,离心式喷头
喷头,地埋式喷头
喷灌,自压喷灌
喷灌,恒压喷灌系统
喷灌系统,恒压喷灌系统
喷灌,喷灌机组
喷灌,固定式喷灌系统
喷灌系统,固定式喷灌系统
喷灌,半固定式喷灌系统
喷灌系统,半固定式喷灌系统
固定式喷灌系统,半固定式喷灌系统
喷灌,移动式喷灌系统
喷灌系统,移动式喷灌系统
喷灌,双臂式喷灌机
喷灌,中心支轴式喷灌机
喷灌,平移自走式喷灌机
喷灌,绞盘式喷灌机
喷头,微喷头
喷灌,喷灌带
滴灌,膜下滴灌
滴灌,滴灌带
孔口,孔口式滴头
滴头,孔口式滴头
滴头,长流道滴头
土,土壤湿润比
井灌,井灌井排
管井,筒管井
真空,真空井
管井,卧管井
水库,土壤水库
土,土壤水库
土壤水,土壤水库
水安全,农村饮水安全
灌溉,灌溉管理
灌区,灌区计划用水
灌溉,灌溉预报
水利,田间水利用系数
水利,渠道水利用系数
水利,渠系水利用系数
水利,灌溉水利用系数
灌溉,灌溉水利用系数
涝,除涝
设计标准,除涝设计标准
涝,除涝设计标准
除涝,除涝设计标准
涝,排涝模数
地下水,地下水适宜埋深
地下排水,地下排水模数
水系,除涝排水系统
涝,除涝排水系统
除涝,除涝排水系统
排水系统,除涝排水系统
截流,截流沟
截流,等高截流
沟洫,沟洫畦田
条田,沟洫条田
沟洫,沟洫条田
沟洫,沟洫台田
水系,暗管排水系统
暗管排水,暗管排水系统
排水系统,暗管排水系统
跌水,跌水井
圩,圩区
蓄洪,蓄洪垦殖
土,盐碱土
碱土,盐碱土
土,盐土
土,碱土
渍,盐渍化
渍,次生盐渍化
盐渍化,次生盐渍化
地下水,地下水临界深度
土,土壤改良
土,水土保持
流域,小流域治理
土,水土流失
埝,水平埝地
土,蓄水保土耕作
涝,涝池
水车,斗式水车
水车,龙骨水车
水车,管链水车
泵站,泵站效率
泵站,圬工泵站
圬工泵,圬工泵站
泵站,泵站前池
泵站,泵站进水池
泵站,泵站出水池
水泵,水泵进水流道
水泵,水泵出水流道
真空,真空破坏阀
灌区,大型灌区
灌区,中型灌区
灌区,小型灌区
灌区,特大型灌区
大型灌区,特大型灌区
灌区,自流灌区
水库,水库灌区
灌区,水库灌区
灌区,提水灌区
都江堰,都江堰灌区
堰,都江堰灌区
灌区,都江堰灌区
泾惠渠,泾惠渠灌区
灌区,泾惠渠灌区
洛惠渠,洛惠渠灌区
灌区,洛惠渠灌区
灌区,宝鸡峡引渭灌区
灌区,内蒙河套灌区
灌溉,苏北灌溉总渠
灌区,淠史杭灌区
水库,安丰塘水库
灌区,韶山灌区
灌区,尼罗河灌区
灌区,印度河灌区
灌溉,灌溉农业
水力半径,最佳水力半径
水域,水域占补平衡
水文模型,城市水文模型
河网,平原河网感潮区
防洪,防洪风险管理
防洪,城市防洪
涝,城市内涝
防洪,城市防洪体系
城市防洪,城市防洪体系
涝,城市治涝体系
防洪,城市防洪标准
防洪标准,城市防洪标准
城市防洪,城市防洪标准
涝,城市治涝大系统
防洪,城市防洪圈
城市防洪,城市防洪圈
防洪,防洪墙
涝,排涝泵站
泵站,排涝泵站
径流,综合径流系数
径流系数,综合径流系数
径流,地表径流系数
径流系数,地表径流系数
下渗,绿地下渗率
下渗率,绿地下渗率
下渗,下渗曲线
下渗,霍顿下渗公式
洪峰,洪峰模数
水利,洪水利用
洪水,洪水利用
暴雨,短历时暴雨
暴雨,城市暴雨公式
暴雨,城市设计暴雨雨型
设计暴雨,城市设计暴雨雨型
水系,分流制排水系统
排水系统,分流制排水系统
水系,合流制排水系统
排水系统,合流制排水系统
水系,城镇水系统
水系,给水系统
水系,统一给水系统
给水系统,统一给水系统
水系,分压给水系统
给水系统,分压给水系统
水系,分质给水系统
给水系统,分质给水系统
水系,分区给水系统
给水系统,分区给水系统
水系,区域给水系统
给水系统,区域给水系统
管网,输配管网
水质,用水水质标准
重复利用率,工业用水重复利用率
水系,循环给水系统
给水系统,循环给水系统
水系,排水系统
沉淀,初次沉淀池
沉淀,二次沉淀池
水能,水能利用
水能资源,水能资源理论蕴藏量
水能,水能资源理论蕴藏量
水能资源,水能资源技术可开发量
水能,水能资源技术可开发量
水能资源,水能资源经济可开发量
水能,水能资源经济可开发量
水力发电,水力发电站
河床,河床式水电站
径流,径流式水电站
库容,库容系数
水库,水库淹没损失
多年调节,多年调节水电站
年调节,多年调节水电站
年调节水电站,多年调节水电站
年调节,年调节水电站
日调节,日调节水电站
电力系统,电力系统负荷
电力系统负荷,电力系统负荷图
电力系统,电力系统负荷图
日负荷图,日负荷图峰谷差
基荷,基荷指数
年负荷图,静态年负荷图
年负荷图,动态年负荷图
潮汐,潮汐电站
波浪,波浪能发电
海流,海流发电
抽水蓄能电站,抽水蓄能电站综合效率
水能,水能计算
水头损失,水电站水头损失
水电站水头,水电站水头损失
流量,水电站流量
水电站出力,水电站出力保证率曲线
备用容量,旋转备用容量
水库,水库备用库容
库容,水库备用库容
调频,调频电站
水库,水电站水库调度
水库调度,水电站水库调度
射流,射流增差
水库,水库电能
河流,河流梯级开发
水库,梯级水库联合调度
补偿调节,跨流域补偿调节
流域,跨流域补偿调节
河床,河床式厂房
抽水蓄能电站,抽水蓄能电站厂房
潮汐电站,潮汐电站厂房
潮汐,潮汐电站厂房
水轮机,水轮机层
水电站厂房,水电站厂房机组段
母线,母线道
变压器,主变压器场
尾水隧洞,变顶高尾水隧洞
输水建筑物,水电站输水建筑物
引水建筑物,水电站引水建筑物
自动调节渠道,非自动调节渠道
动力渠道,动力渠道水力计算
流量,动力渠道设计流量
动力渠道,动力渠道设计流量
设计流量,动力渠道设计流量
水能,动力渠道极限过水能力
动力渠道,动力渠道极限过水能力
日调节,日调节池
抽水蓄能电站,抽水蓄能电站进出水口
拦污栅,水电站拦污栅
闸门,进水口闸门
闸门,闸门旁通管
流速,隧洞临界流速
临界流,隧洞临界流速
土,钢筋混凝土压力管
土压力,钢筋混凝土压力管
钢筋,钢筋混凝土压力管
混凝土,钢筋混凝土压力管
混凝,钢筋混凝土压力管
土,钢衬钢筋混凝土管
钢筋,钢衬钢筋混凝土管
混凝土,钢衬钢筋混凝土管
混凝,钢衬钢筋混凝土管
土,钢衬钢筋混凝土岔管
钢筋,钢衬钢筋混凝土岔管
混凝土,钢衬钢筋混凝土岔管
混凝,钢衬钢筋混凝土岔管
水锤,水锤波
波速,水锤波速
水锤,水锤波速
水锤波,水锤波速
水锤,直接水锤
水锤,间接水锤
水锤,第一相水锤
水锤,极限水锤
水锤,水锤计算解析法
水锤,水锤计算特征线法
水锤,水锤计算图解法
水轮机,反击式水轮机
水轮机,冲击式水轮机
水轮机,混流式水轮机
水轮机,轴流式水轮机
水轮机,轴流定桨式水轮机
水轮机,轴流转桨式水轮机
水轮机,斜流式水轮机
水轮机,可逆式水轮机
水轮机,贯流式水轮机
水轮机,灯泡贯流式水轮机
贯流式水轮机,灯泡贯流式水轮机
水轮机,轴伸贯流式水轮机
贯流式水轮机,轴伸贯流式水轮机
水轮机,竖井贯流式水轮机
贯流式水轮机,竖井贯流式水轮机
水轮机,水斗式水轮机
水轮机,双击式水轮机
水轮机,斜击式水轮机
壳,蜗壳
射流,射流折向器
水轮机,水轮机最优工况
空蚀,水轮机空蚀
水轮机,水轮机空蚀
水轮发电机,水轮发电机组振动
水轮机,水轮机飞逸转速
水轮机,水轮机进水阀
起重机,桥式起重机
桥式起重机,双小车桥式起重机
起重机,双小车桥式起重机
梁,平衡梁
水系,供水系统
水系,水电站排水系统
排水系统,水电站排水系统
真空,真空泵
真空,水轮机真空破坏阀
真空破坏阀,水轮机真空破坏阀
水轮机,水轮机真空破坏阀
水轮机,水轮机补气装置
变压器,三绕组变压器
变压器,自耦变压器
变压器,变压器冷却
配电装置,成套配电装置
离心泵,自吸式离心泵
潜水,潜水泵
水泵,潜水泵
水锤,水锤泵
射流,射流泵
柱,柱塞泵
真空,允许吸上真空高度
水利,水利枢纽等别
水利枢纽,水利枢纽等别
水工建筑物,水工建筑物级别
安全系数,安全系数设计法
极限状态,极限状态设计法
水工建筑物,永久性水工建筑物
水工建筑物,临时性水工建筑物
地震,地震作用
抗震设计,水工建筑物抗震设计
水工建筑物,水工建筑物抗震设计
地震,地震加速度时程曲线
速度,地震加速度时程曲线
加速度,地震加速度时程曲线
设计标准,抗震设计标准
抗震设计,抗震设计标准
安全系数,动安全系数
地震,地震动输入
强度,动强度
弹性,动弹性模量
弹性模量,动弹性模量
模型试验,结构振动模型试验
荷载,温度荷载
荷载,水工荷载组合
荷载组合,水工荷载组合
安全系数,稳定安全系数
应力,边缘应力
重力坝,重力坝基本剖面
重力坝,重力坝实用剖面
强度,混凝土强度等级分区
土,混凝土强度等级分区
混凝土强度等级,混凝土强度等级分区
混凝土,混凝土强度等级分区
混凝,混凝土强度等级分区
稳定温度场,非稳定温度场
土,土坝
土,均质土坝
土坝,均质土坝
水力冲填,水力冲填坝
土,水中倒土坝
土坝,水中倒土坝
水力冲填坝,自流式水力冲填坝
水力冲填,自流式水力冲填坝
土,土石坝
土,碾压式土石坝
土石坝,碾压式土石坝
壳,坝壳
心墙,斜心墙坝
渗漏,坝基渗漏
土,混凝土防渗墙
混凝土,混凝土防渗墙
混凝,混凝土防渗墙
防渗墙,混凝土防渗墙
土,土坝坝坡
土坝,土坝坝坡
反滤,反滤层
土,溢流土石坝
流土,溢流土石坝
土石坝,溢流土石坝
爆破,定向爆破筑坝
定向爆破,定向爆破筑坝
板,沥青混凝土面板坝
土,沥青混凝土面板坝
混凝土,沥青混凝土面板坝
沥青混凝土,沥青混凝土面板坝
沥青,沥青混凝土面板坝
混凝,沥青混凝土面板坝
板,钢筋混凝土面板堆石坝
土,钢筋混凝土面板堆石坝
钢筋,钢筋混凝土面板堆石坝
混凝土,钢筋混凝土面板堆石坝
混凝,钢筋混凝土面板堆石坝
堆石坝,钢筋混凝土面板堆石坝
板,面板脱空
板,趾板
板,连接板
堆石坝,堆石坝分区
土,土工膜防渗心墙坝
土工膜,土工膜防渗心墙坝
心墙,土工膜防渗心墙坝
土,土工膜防渗斜墙坝
土工膜,土工膜防渗斜墙坝
斜墙,土工膜防渗斜墙坝
库盘防渗,土工膜库盘防渗
土,土工膜库盘防渗
土工膜,土工膜库盘防渗
土,土工织物反滤
土工织物,土工织物反滤
反滤,土工织物反滤
土,土工织物排水
土工织物,土工织物排水
土,堆石混凝土坝
混凝土,堆石混凝土坝
混凝,堆石混凝土坝
土坝,堆石混凝土坝
重力坝,溢流重力坝
重力坝,非溢流重力坝
溢流重力坝,非溢流重力坝
重力坝,宽缝重力坝
重力坝,空腹重力坝
排水孔,坝基排水孔
坝基排水,坝基排水孔
廊道,廊道集水沟
廊道,排水廊道
基础,基础灌浆廊道
廊道,基础灌浆廊道
灌浆,基础灌浆廊道
灌浆,灌浆区
土,混凝土塞
混凝土,混凝土塞
混凝,混凝土塞
拱坝,等半径拱坝
拱坝,等中心角变半径拱坝
拱坝,变中心角变半径拱坝
拱坝,重力拱坝
重力坝,拱形重力坝
拱坝,薄拱坝
拱坝,单曲拱坝
拱坝,双曲拱坝
拱坝,拱坝体形
拱坝,空腹拱坝
荷载,试荷载法
梁,拱冠梁法
应力,有限元等效应力
封拱,封拱温度
横缝,圆弧形横缝
土,混凝土置换
混凝土,混凝土置换
混凝,混凝土置换
土,碾压混凝土坝
混凝土,碾压混凝土坝
混凝,碾压混凝土坝
土坝,碾压混凝土坝
碾压混凝土,碾压混凝土坝
土,变态混凝土防渗
混凝土,变态混凝土防渗
混凝,变态混凝土防渗
变态混凝土,变态混凝土防渗
土,碾压混凝土
混凝土,碾压混凝土
混凝,碾压混凝土
土,干贫混凝土
混凝土,干贫混凝土
混凝,干贫混凝土
拱坝,连拱坝
板,平板坝
板,溢流平板坝
平板坝,溢流平板坝
水闸,进水闸
水闸,排水闸
退水,退水闸
水闸,退水闸
分洪,分洪闸
水闸,涵洞式水闸
涵洞,涵洞式水闸
桩基,桩基式水闸
水闸,桩基式水闸
水闸,装配式水闸
水闸,浮运式水闸
橡胶,橡胶坝
板,闸底板
闸底,闸底板
板,阻滑板
边墩,边墩绕流
闸门,检修闸门
闸门,事故闸门
闸门,平面闸门
板,双扉平板闸门
闸门,双扉平板闸门
平板闸门,双扉平板闸门
闸门,有轨平面弧形双开闸门
闸门,π形闸门
闸门,弧形闸门
闸门,圆筒闸门
壳,双曲扁壳闸门
闸门,双曲扁壳闸门
柱,圆柱壳体弧形闸门
壳,圆柱壳体弧形闸门
闸门,圆柱壳体弧形闸门
弧形闸门,圆柱壳体弧形闸门
闸门,拱形闸门
闸门,升卧式闸门
闸门,屋顶式闸门
闸门,舌瓣闸门
刚架,旋转刚架闸门
闸门,旋转刚架闸门
闸门,浮箱式闸门
闸门,自动翻倒闸门
梁,叠梁门
板,钢丝网水泥面板
水泥,钢丝网水泥面板
止水,闸门止水
闸门,闸门止水
启闭机,活动启闭机
启闭机,固定启闭机
杆,螺杆式启闭机
启闭机,螺杆式启闭机
启闭机,油压式启闭机
流量,设计流量
流量,校核流量
洪量,泄洪量
泄洪,泄洪量
堰,克-奥型剖面堰
下游,下游消能
消能工,辅助消能工
水垫塘,水垫塘消能
消能工,宽尾墩联合消能工
板,洞内孔板消能
护坦,逆坡式斜护坦
护坦,顺坡式斜护坦
护坦,护坦锚筋
排水孔,护坦排水孔
护坦,护坦排水孔
冲刷,冲刷坑
水跃,平台扩散水跃消能
塔式首部,岸塔式首部
溢洪道,开敞式河岸溢洪道
溢洪道,侧槽式河岸溢洪道
溢洪道,竖井式溢洪道
溢洪道,虹吸式溢洪道
溢洪道,非常溢洪道
雪,滑雪式溢洪道
溢洪道,滑雪式溢洪道
堰,溢洪道控制堰
溢洪道,溢洪道控制堰
衬砌,隧洞衬砌
应力,预应力衬砌
衬砌,预应力衬砌
廊道,钢管廊道
截流,截流环
廊道,冲沙廊道式渠首
冲沙廊道,冲沙廊道式渠首
廊道,冲沙廊道
落差,落差建筑物
涵洞,有压式涵洞
涵洞,无压式涵洞
涵洞,管形涵洞
涵洞,箱形涵洞
板,盖板式涵洞
涵洞,盖板式涵洞
涵洞,拱形涵洞
地基,水工建筑物地基处理
地基处理,水工建筑物地基处理
水工建筑物,水工建筑物地基处理
应力,预应力锚固
梁,梁式渡槽
渡槽,梁式渡槽
渡槽,拱式渡槽
栈桥,栈桥式透水坝
透水坝,栈桥式透水坝
透水坝,三角架透水坝
护坡,抛石护坡
抛石,抛石护坡
护坡,砌石护坡
护坡,柳栅护坡
水工建筑物,水工建筑物除险加固
防渗体,防渗体缺陷处理
水工建筑物,水工建筑物安全监控
水工建筑物,水工建筑物安全监测
大坝安全监控,大坝安全监控模型
变形,变形监测
渗流,渗流监测
渗透压力,渗透压力监测
流量,渗流量监测
渗流,渗流量监测
渗流量,渗流量监测
透明度,透明度监测
堰,量水堰
沉降,沉降观测
挠度,挠度观测
倾斜仪,水管倾斜仪
应力,应力计
钢筋,钢筋计
应力,无应力计
应力计,无应力计
模型试验,水工模型试验
模型试验,地质力学模型试验
地质,地质力学模型试验
土,奥洛维尔土坝
土坝,奥洛维尔土坝
土,阿斯旺土坝
土坝,阿斯旺土坝
土,努列克土坝
土坝,努列克土坝
重力坝,大狄克桑斯重力坝
重力坝,布拉茨克宽缝重力坝
宽缝重力坝,布拉茨克宽缝重力坝
拱坝,英古里拱坝
拱坝,萨扬舒申斯克拱坝
拱坝,旦尼尔约翰逊连拱坝
连拱坝,旦尼尔约翰逊连拱坝
拱坝,姆拉丁尼拱坝
拱坝,佛子岭连拱坝
连拱坝,佛子岭连拱坝
水库,欧文瀑布水库
瀑布,欧文瀑布水库
水库,官厅水库
水库,三门峡水库
水利,丹江口水利枢纽
水利枢纽,丹江口水利枢纽
水利,葛洲坝水利枢纽
水利枢纽,葛洲坝水利枢纽
水利,三峡水利枢纽
水利枢纽,三峡水利枢纽
拱坝,锦屏拱坝
拱坝,小湾拱坝
水利,小浪底水利枢纽
水利枢纽,小浪底水利枢纽
板,水布垭混凝土面板堆石坝
土,水布垭混凝土面板堆石坝
混凝土,水布垭混凝土面板堆石坝
混凝,水布垭混凝土面板堆石坝
堆石坝,水布垭混凝土面板堆石坝
水利,向家坝水利枢纽
水利枢纽,向家坝水利枢纽
水利,旁多水利枢纽
水利枢纽,旁多水利枢纽
水利,隔河岩水利枢纽
水利枢纽,隔河岩水利枢纽
堆石坝,糯扎渡心墙堆石坝
心墙,糯扎渡心墙堆石坝
土,龙滩碾压混凝土重力坝
混凝土,龙滩碾压混凝土重力坝
混凝,龙滩碾压混凝土重力坝
重力坝,龙滩碾压混凝土重力坝
碾压混凝土,龙滩碾压混凝土重力坝
抽水蓄能电站,天荒坪抽水蓄能电站
土,沙牌碾压混凝土拱坝
混凝土,沙牌碾压混凝土拱坝
混凝,沙牌碾压混凝土拱坝
拱坝,沙牌碾压混凝土拱坝
碾压混凝土,沙牌碾压混凝土拱坝
水库,大伙房水库输水工程
防洪,临淮岗防洪枢纽
折旧率,设备折旧率
杆,起重桅杆
杆,桅杆式起重机
起重机,桅杆式起重机
起重机,自行式起重机
起重机,塔式起重机
起重机,门座起重机
起重机,双悬臂起重机
起重机,缆索起重机
起重机,龙门起重机
土,推土机
土,土石方压实机械
土,夯土机
土,土石方开挖工程
土,土石方调配
土,切土理论
土,土石方填筑工程
土,土方压实
土,土石方压实标准
进占,进占法
土,土砂松坡接触平起法
削坡,削坡法
挤压式边墙,挤压式边墙施工法
爆破,爆破机理
爆破,爆破作用圈
爆破,爆破漏斗
爆破,爆破作用指数
爆破,松动爆破
爆破,抛掷爆破
炸药,炸药威力
炸药,炸药敏感度
炸药,炸药氧平衡
炸药,炸药殉爆距离
炸药,炸药安定性
导爆管,导爆管起爆
导爆索,导爆索起爆
爆破,浅孔爆破法
爆破,深孔爆破法
爆破,硐室爆破法
爆破,裸露爆破法
爆破,控制爆破
爆破,定向爆破
爆破,光面爆破
爆破,预裂爆破
爆破,缓冲孔爆破
爆破,微差爆破
爆破,岩塞爆破
爆破,水下爆破
爆破,静态爆破
爆破,爆破安全距离
爆破,爆破公害
板,固定式模板
板,拆移式模板
板,标准模板
板,移动式模板
板,滑升模板
板,真空模板
真空,真空模板
板,模板周转率
钢筋,钢筋加工
钢筋,钢筋代换
骨料,骨料料场
土,混凝土拌和机
混凝土,混凝土拌和机
混凝,混凝土拌和机
土,混凝土拌和楼
混凝土,混凝土拌和楼
混凝,混凝土拌和楼
土,混凝土搅拌运输车
混凝土,混凝土搅拌运输车
混凝,混凝土搅拌运输车
土,混凝土运输
混凝土,混凝土运输
混凝,混凝土运输
土,混凝土泵
混凝土,混凝土泵
混凝,混凝土泵
土,混凝土吊罐
混凝土,混凝土吊罐
混凝,混凝土吊罐
土,混凝土溜槽
混凝土,混凝土溜槽
混凝,混凝土溜槽
土,混凝土溜管
混凝土,混凝土溜管
混凝,混凝土溜管
土,混凝土浇筑
混凝土,混凝土浇筑
混凝,混凝土浇筑
冲毛,冲毛枪
真空,混凝土真空吸水养护
土,混凝土真空吸水养护
混凝土,混凝土真空吸水养护
混凝,混凝土真空吸水养护
土,混凝土振捣器
混凝土,混凝土振捣器
混凝,混凝土振捣器
土,混凝土养护
混凝土,混凝土养护
混凝,混凝土养护
土,混凝土低温季节施工
混凝土,混凝土低温季节施工
混凝,混凝土低温季节施工
真空,混凝土真空作业
土,混凝土真空作业
混凝土,混凝土真空作业
混凝,混凝土真空作业
土,混凝土水下浇筑法
混凝土,混凝土水下浇筑法
混凝,混凝土水下浇筑法
土,混凝土分部浇筑
混凝土,混凝土分部浇筑
混凝,混凝土分部浇筑
土,混凝土温度裂缝
混凝土,混凝土温度裂缝
混凝,混凝土温度裂缝
土,混凝土温度控制
混凝土,混凝土温度控制
混凝,混凝土温度控制
骨料,骨料预冷
土,变态混凝土
混凝土,变态混凝土
混凝,变态混凝土
层面,层面处理
土,混凝土切缝机
混凝土,混凝土切缝机
混凝,混凝土切缝机
切缝,混凝土切缝机
土,微膨胀混凝土
混凝土,微膨胀混凝土
混凝,微膨胀混凝土
土,钢纤维混凝土
混凝土,钢纤维混凝土
纤维混凝土,钢纤维混凝土
钢纤维,钢纤维混凝土
混凝,钢纤维混凝土
土,模袋混凝土
混凝土,模袋混凝土
混凝,模袋混凝土
爆破,钻孔爆破开挖法
槽孔,掏槽孔
土,喷射混凝土衬砌
混凝土,喷射混凝土衬砌
喷射混凝土,喷射混凝土衬砌
混凝,喷射混凝土衬砌
衬砌,喷射混凝土衬砌
挖槽,挖槽机
挖槽机,冲击式挖槽机
挖槽,冲击式挖槽机
挖槽机,抓斗式挖槽机
挖槽,抓斗式挖槽机
塑性,塑性混凝土
土,塑性混凝土
混凝土,塑性混凝土
混凝,塑性混凝土
固结,固结灌浆
灌浆,固结灌浆
灌浆,帷幕灌浆
地基,砂砾地基灌浆
灌浆,砂砾地基灌浆
灌浆,接触灌浆
灌浆,回填灌浆
纵缝,纵缝灌浆
灌浆,纵缝灌浆
灌浆,化学灌浆
灌浆,灌浆设备
灌浆,全孔一次灌浆法
灌浆,全孔分段灌浆法
灌浆,纯压灌浆法
灌浆,循环灌浆法
灌浆,打管灌浆法
灌浆,套管灌浆法
灌浆,GIN灌浆法
孔口,孔口封闭灌浆法
灌浆,孔口封闭灌浆法
灌浆,灌浆浆液浓度
灌浆,灌浆试验
灌浆,灌浆压力
应力,打桩应力
固结,排水固结法
石灰,石灰桩法
水泥,水泥粉煤灰碎石桩
挖泥船,吸扬式挖泥船
挖泥船,绞吸式挖泥船
挖泥船,耙吸式挖泥船
挖泥船,抓斗式挖泥船
挖泥船,铲斗式挖泥船
挖泥船,链斗式挖泥船
挖泥船,挖泥船纵挖法
挖泥船,挖泥船横挖法
回淤率,疏浚回淤率
疏浚,疏浚回淤率
土,吹填土
吹填,吹填土
抛石,基床抛石
抛石,抛石船
潜水,潜水作业
潜水,潜水用具
沉箱,沉箱法施工
土,土钉墙
杆,土层锚杆
土,土层锚杆
灌浆,高压喷射灌浆法
堰,围堰
渡槽,渡槽导流
流量,导流设计流量
设计流量,导流设计流量
水位,施工拦洪水位
洪水,施工拦洪水位
流量,截流设计流量
设计流量,截流设计流量
截流,截流设计流量
堤,截流戗堤
戗堤,截流戗堤
截流,截流戗堤
堤,单戗堤截流
戗堤,单戗堤截流
截流,单戗堤截流
堤,多戗堤截流
戗堤,多戗堤截流
截流,多戗堤截流
堤,宽戗堤截流
戗堤,宽戗堤截流
截流,宽戗堤截流
龙口,龙口落差
落差,龙口落差
水位,人工降低地下水位
地下水,人工降低地下水位
地下水位,人工降低地下水位
管井,管井排水
海岸,海岸动力学
水文学,海洋水文学
波浪,波浪要素
规则波,不规则波
线性波,非线性波
波浪,波浪反射
波浪,波浪折射
波浪,波浪绕射
变形,波浪变形
波浪,波浪变形
波浪,波浪爬高
波浪,波浪力
波浪,波浪谱
波浪,波浪玫瑰图
波高,累积频率波高
风浪,台风浪
潮汐,潮汐间隙
潮汐,潮汐不等
变形,潮波变形
潮汐,潮汐调和分析
潮汐,潮汐调和常数
潮汐,潮汐预报
潮汐,潮汐表
潮差,等潮差线
潮流,潮流界
潮量,纳潮量
潮位,设计潮位
水位,乘潮水位
低潮,理论最低潮面
高潮,平均大潮高潮面
大潮,平均大潮高潮面
低潮,平均大潮低潮面
大潮,平均大潮低潮面
潮流,潮流椭圆
涨潮,涨潮流
潮流,涨潮流
落潮,落潮流
潮流,落潮流
海流,风海流
势流,优势流
寒流,千岛寒流
海岸,海岸线
海岸,海岸带
港,港口
港,港口工程
港口,港口工程
港,港界
港,港区
港,港口总平面
港口,港口总平面
港,港口陆域
港口,港口陆域
港,港口陆域纵深
港口,港口陆域纵深
港口陆域,港口陆域纵深
码头,码头前沿作业地带
港,港口作业区
港口,港口作业区
港,港内泊稳条件
水域,港口水域
港,港口水域
港口,港口水域
港,进港航道
航道,进港航道
港,港口口门
港口,港口口门
水域,回旋水域
港,港口水深
港口,港口水深
港,港池
码头,码头前沿线
泊位,泊位能力
泊位,泊位利用率
码头,集装箱码头
集装箱,集装箱码头
码头,综合性码头
码头,专业性码头
码头,滚装船码头
码头,多用途码头
码头,货主码头
码头,石油码头
港,港作船舶
港,港口吞吐量
港口,港口吞吐量
港,港口通过能力
港口,港口通过能力
港,港口集疏运
港口,港口集疏运
港,港口腹地
港口,港口腹地
港,港口年营运天数
港口,港口年营运天数
港,港口装卸工艺
港口,港口装卸工艺
港,港口仓库
港口,港口仓库
港,港区堆场
港区,港区堆场
码头,斜坡式码头
码头,直立式码头
码头,半直立式码头
直立式码头,半直立式码头
码头,半斜坡式码头
斜坡式码头,半斜坡式码头
码头,双级式码头
码头,多级式码头
码头,顺岸码头
堤,突堤式码头
码头,突堤式码头
突堤,突堤式码头
码头,整片式码头
码头,引桥式码头
码头,墩式码头
码头,岛式码头
码头,栈桥式码头
栈桥,栈桥式码头
码头,透空式码头
码头,重力式码头
码头,阶梯形断面方块码头
码头,衡重式断面方块码头
板,卸荷板式方块码头
码头,卸荷板式方块码头
卸荷板,卸荷板式方块码头
板,卸荷板
码头,整体砌筑码头
沉箱,沉箱码头
码头,沉箱码头
码头,扶壁码头
板,板桩码头
板桩,板桩码头
码头,板桩码头
板,格形板桩码头
板桩,格形板桩码头
码头,格形板桩码头
板桩码头,格形板桩码头
码头,锚碇墙码头
码头,高桩码头
码头,承台式高桩码头
高桩码头,承台式高桩码头
板,前板桩式高桩码头
板桩,前板桩式高桩码头
码头,前板桩式高桩码头
高桩码头,前板桩式高桩码头
板,后板桩式高桩码头
板桩,后板桩式高桩码头
码头,后板桩式高桩码头
高桩码头,后板桩式高桩码头
码头,全直桩码头
梁,装配式框架梁板码头
板,装配式框架梁板码头
码头,装配式框架梁板码头
码头,浮码头
码头,趸船码头
趸船,趸船码头
码头,码头结构
胸墙,码头胸墙
码头,码头胸墙
码头,码头基床
码头,码头回填
翼墙,码头端部翼墙
码头,码头端部翼墙
板,斜拉桩板桩结构
板桩,斜拉桩板桩结构
板,主桩板桩结构
板桩,主桩板桩结构
板,主桩套板结构
桩基,桩基承台
刚性桩台,非刚性桩台
码头,码头设备
柱,系船柱
堤,防波堤
堤,突堤
堤,岛堤
堤,潜堤
堤,堤头
堤,斜坡式防波堤
防波堤,斜坡式防波堤
堤,直墙式防波堤
防波堤,直墙式防波堤
堤,混成式防波堤
防波堤,混成式防波堤
堤,透空式防波堤
防波堤,透空式防波堤
堤,浮式防波堤
防波堤,浮式防波堤
堤,活动式防波堤
防波堤,活动式防波堤
沉箱,透孔式沉箱防波堤
堤,透孔式沉箱防波堤
防波堤,透孔式沉箱防波堤
堤,削角式防波堤
防波堤,削角式防波堤
堤,密集桩防波堤
防波堤,密集桩防波堤
板,双排板桩堤
板桩,双排板桩堤
堤,双排板桩堤
板,格形板桩堤
板桩,格形板桩堤
堤,格形板桩堤
堤,堆石防波堤
防波堤,堆石防波堤
堤,砌石堤
四脚锥体,平底四脚锥体
柱,三柱体
水工建筑物,船厂水工建筑物
滑道,木滑道
滑道,涂油滑道
滑道,机械化滑道
滑道,纵向滑道
滑道,横向滑道
滑道,摇架式滑道
滑道,自摇式滑道
板,平板车纵向滑道
滑道,平板车纵向滑道
纵向滑道,平板车纵向滑道
滑道,斜架车纵向滑道
纵向滑道,斜架车纵向滑道
滑道,高低轨滑道
滑道,梳式滑道
船坞,双坞室式船坞
坞室,双坞室式船坞
船坞,灌水船坞
船坞,浮船坞
坞门,浮坞门
水系,船坞灌水系统
船坞,船坞灌水系统
水系,船坞排水系统
排水系统,船坞排水系统
船坞,船坞排水系统
泵站,船坞泵站
船坞,船坞泵站
水系,船坞疏水系统
船坞,船坞疏水系统
码头,修船码头
码头,舾装码头
码头,试车码头
模型试验,模型试验港池
港,模型试验港池
港池,模型试验港池
港,宁波-舟山港
港,上海港
港,天津港
港,广州港
港,南京港
港,深圳港
港,连云港港
港,武汉港
淤积,港口淤积
港,港口淤积
港口,港口淤积
港,港口导航
港口,港口导航
堤,防波堤口门
防波堤,防波堤口门
河流,河流流态
梁,滑梁水
浅滩,过渡段浅滩
浅滩,正常浅滩
浅滩,交错浅滩
浅滩,复式浅滩
浅滩,散乱浅滩
急流,急流滩
石滩,沙卵石滩
航道,航道网
航道,平原航道
航道,山区航道
航道,数字化航道
航道,定线制航道
航道,深水航道
驳船,分节驳船队
航道,航道等级
航道,航道尺度
航道,航道水深
航道,航道宽度
弯曲,航道弯曲半径
航道,航道弯曲半径
航道,航道断面系数
水位,通航设计水位
水位,最高通航水位
水位,最低通航水位
河流,河流渠化
运河,内陆运河
运河,海运河
运河,设闸运河
运河,开敞运河
运河,苏伊士运河
运河,巴拿马运河
运河,运河供水
航道,航道整治
爆破,水下钻孔爆破
爆破,水下排淤爆破
爆破,水下挤淤爆破
整治线,整治线宽度
水位,整治水位
流量,整治流量
疏浚,基建性疏浚
疏浚,维修性疏浚
土,疏浚土
疏浚,疏浚土
疏浚,疏浚量
吹填,吹填造地
吹填,吹填筑坝
引河,裁弯引河
丁坝,丁坝间距
冲刷,坝头冲刷坑
冲刷坑,坝头冲刷坑
丁坝,上挑丁坝
丁坝,下挑丁坝
丁坝,正挑丁坝
枯水,枯水平台
丁坝,勾头丁坝
航标,内河航标
导标,过渡导标
导标,首尾导标
航标,左右通航标
航标,内河航标配布
内河航标,内河航标配布
航道,航道标牌
航道,航道维护
航道,航道管理
航道,航道服务区
船闸,船闸运行管理
船闸,海船闸
船闸,内河船闸
船闸,多级船闸
船闸,多线船闸
船闸,广室船闸
船闸,省水船闸
船闸,井式船闸
船闸,船闸有效尺度
闸室,船闸闸室
船闸,船闸闸室
堤,隔流堤
航道,引航道
港,前港
系船环,浮式系船环
柱,浮式系船柱
系船柱,浮式系船柱
船闸,船闸通过能力
渗流,船闸渗流
船闸,船闸渗流
水系,输水系统
水系,分散输水系统
输水系统,分散输水系统
水系,集中输水系统
输水系统,集中输水系统
水系,长廊道输水系统
廊道,长廊道输水系统
输水系统,长廊道输水系统
水系,短廊道输水系统
廊道,短廊道输水系统
输水系统,短廊道输水系统
水系,等惯性输水系统
输水系统,等惯性输水系统
水系,闸门输水系统
闸门,闸门输水系统
输水系统,闸门输水系统
水系,槛下输水系统
输水系统,槛下输水系统
船闸,船闸输水水力计算
空化,船闸输水阀门空化
船闸,船闸输水阀门空化
闸门,船闸闸门
船闸,船闸闸门
板,平板闸门
闸门,平板闸门
闸门,人字闸门
闸门,横拉闸门
闸门,三角闸门
闸阀,船闸阀门
船闸,船闸阀门
杆,推拉杆式启闭机
启闭机,推拉杆式启闭机
船闸,葛洲坝船闸
船闸,三峡船闸
升船机,垂直升船机
升船机,均衡重式垂直升船机
垂直升船机,均衡重式垂直升船机
升船机,浮筒式垂直升船机
垂直升船机,浮筒式垂直升船机
升船机,斜面升船机
升船机,水坡式升船机
闸首,升船机闸首
升船机,升船机闸首
渡槽,通航渡槽
升船机,尼德芬诺升船机
升船机,克拉斯诺亚尔斯克升船机
河流,河流近口段
河口,河口段
河流,河口河流段
河口,河口河流段
河口,河口过渡段
河口,河口潮流段
潮流,河口潮流段
河口,间接河口
河口,潮汐河口
潮汐,潮汐河口
河口,强潮河口
河口,弱潮河口
河口,三角洲河口
河口,三角港河口
港,三角港河口
河口,河口盐淡水混合
淡水,河口盐淡水混合
河口,缓混合型河口
河口,强混合型河口
河口,弱混合型河口
河口,河口整治工程
河口,河口航道治理工程
航道,河口航道治理工程
河口,河口防护工程
河口,河口挡潮闸工程
挡潮闸,河口挡潮闸工程
淤泥,淤泥质海岸
海岸,淤泥质海岸
海岸,粉沙质海岸
沙质海岸,粉沙质海岸
海岸,沙质海岸
基岩,基岩海岸
海岸,基岩海岸
海岸,红树林海岸
海岸,珊瑚礁海岸
海岸,海岸防护工程
围垦,海涂围垦工程
海岸,海岸工程
堤,海堤
堤,离岸堤
堤,连岛堤
岛堤,连岛堤
海岸,海岸风能工程
潮汐,潮汐能电站工程
潮流,潮流能电站工程
波浪,波浪能电站工程
排水工程,滨海电厂取排水工程
航道,长江口深水航道治理工程
深水航道,长江口深水航道治理工程
水库,长江口青草沙水库
围海工程,须德海围海工程
围垦,杭州湾围垦工程
围海工程,曹妃甸围海工程
港,香港机场填海工程
人工岛工程,迪拜人工岛工程
跨海大桥,杭州湾跨海大桥
潮汐,江厦潮汐试验电站
潮汐,朗斯潮汐能电站
水利,环境水利
水力学,环境水力学
水文学,环境水文学
污染源,点污染源
水污染物,易降解水污染物
水污染物,难降解水污染物
水质,水质指标
水质,水质监测
水质,水质监测站网
水质监测,水质监测站网
水质,水质监测项目
水质监测,水质监测项目
水质,水质监测断面
水质监测,水质监测断面
水质,水质采样器
采样,水质采样器
采样,采样点
采样,采样频率
水质,水质代表样
水质,水质混合样
水质,水质调查
水质,水质度量单位
水质,水质本底值
湖泊,湖泊内源污染
湖泊,湖泊外源污染
湖泊,浅水湖泊
湖泊,深水湖泊
河流,河流复氧
水库,水库分层
溶解氧,溶解氧超饱和
土,水土交界面
水质,水质评价
水质,水质目标
水质,水质预测数学模型
湿地,湿地环境效应
排放标准,水污染物排放标准
水污染物,水污染物排放标准
水功能区,水功能区划
饮用水,饮用水水源保护区
非点源污染,非点源污染物控制
水库,水库冷害
流域,流域水环境规划
环境规划,流域水环境规划
反馈,反馈调节
生态系统,生态系统类型
生态系统,生态系统服务功能
生态系统,生态系统完整性
生态系统,生态系统稳定性
生态系统,生态系统受损
生态系统,水生态系统
河流,河流缓冲带
廊道,生态廊道
河流,河流连续体
生境,生境破碎化
水利,生态水利
水利,生态水利工程学
水利工程,生态水利工程学
生态水利,生态水利工程学
水利,水利工程生态效应
水利工程,水利工程生态效应
疏浚,生态疏浚
护坡,生态护坡
土,土壤生物工程
流域,白洋淀流域生态补水工程
湿地,湿地生态恢复工程
流域,小流域综合治理
生态系统,生态系统健康
河流,河流生态修复规划
河流生态修复,河流生态修复规划
生态需水,生态需水量
水功能区,水功能区水质目标
水质,水功能区水质目标
水质目标,水功能区水质目标
河流,河流生态修复
湿地,人工湿地
土,污水土地处理系统
生态影响,生态影响评价
水利,水利经济
水利,水利工程经济
水利工程,水利工程经济
水资源,水资源价值
水资源,水资源费
水资源,水资源有偿使用制度
水权,水权交易
排污权,排污权交易
生态补偿,水生态补偿
水利,水利多种经营
水利,水利工程投资
水利工程,水利工程投资
水利,综合利用水利工程费用分摊
水利工程,综合利用水利工程费用分摊
水利,水利工程运行成本费用
水利工程,水利工程运行成本费用
水利,水利工程年运行维护成本
水利工程,水利工程年运行维护成本
水利,综合利用水利工程投资分摊
水利工程,综合利用水利工程投资分摊
水利工程投资,综合利用水利工程投资分摊
水利,水利工程经济效益
水利工程,水利工程经济效益
水利工程经济,水利工程经济效益
防洪,防洪效益
洪灾,洪灾损失
涝,治涝效益
灌溉,灌溉效益
灌溉,节水灌溉效益
节水灌溉,节水灌溉效益
灌溉效益,节水灌溉效益
水力发电,水力发电效益
梯级水电站,梯级水电站联合调度效益
灌溉,灌溉效益分摊系数
灌溉效益,灌溉效益分摊系数
土,水土保持效益
水土保持,水土保持效益
水利,水利旅游效益
水利,水利工程生态效益
水利工程,水利工程生态效益
水利,水利工程环境效益
水利工程,水利工程环境效益
水利,水利工程社会效益
水利工程,水利工程社会效益
流域,流域生态系统服务价值
生态系统,流域生态系统服务价值
水利,水利工程直接经济效益
水利工程,水利工程直接经济效益
水利,水利工程间接经济效益
水利工程,水利工程间接经济效益
防洪,防洪保护费
洪水,洪水保险
杆,标杆电价
水价,水价模式
水价,完全水价
水价,两部制水价
水价,基本水价
水价,计量水价
水价,工业水价
水价,农业水价
水价,生活用水水价
水价,环境水价
水利,水利工程供水成本
水利工程,水利工程供水成本
水利,水利建设项目经济评价
水利,水利工程替代方案
水利工程,水利工程替代方案
水利,水利工程技术经济指标
水利工程,水利工程技术经济指标
水库,水库移民安置规划
水库,水库移民环境容量
水库,水库淹没损失补偿
水库淹没损失,水库淹没损失补偿
水利,水利产业政策
水利产业,水利产业政策
水价,水价改革
水价,水价管理办法
水权,初始水权
水权,二级水权
水权,水权制度
水资源,水资源权属管理
水资源,水资源开发利用管理
水资源开发,水资源开发利用管理
流域,流域管理
流域,流域管理机构
流域管理,流域管理机构
水利,水利产业管理
水利产业,水利产业管理
水资源,水资源一体化管理
流域,流域综合管理
流域,数字流域管理
数字流域,数字流域管理
流域管理,数字流域管理
水利,水利信息化管理
水利信息,水利信息化管理
水利信息化,水利信息化管理
水利,水利工程管理
水利工程,水利工程管理
水利,水利公安
水利,水利产业
水利,非经营性水利项目
经营性水利项目,非经营性水利项目
水利,经营性水利项目
水利,综合利用水利项目
水利,水利特许经营项目
水利,水利项目法人责任制
水利,水利水电工程合同管理
水利,水利工程总承包
水利工程,水利工程总承包
水利,水利水电工程移民监理
水利,水利水电工程移民监督评估
水利,水利调度管理
堤,堤防管理
湿地,湿地管理
滞洪,分滞洪区管理
水质,水质管理
污染源,水污染源管理
水资源,最严格水资源管理制度
水资源管理,最严格水资源管理制度
水资源,水资源管理“三条红线”
水资源管理,水资源管理“三条红线”
饮用水,饮用水源地管理
水功能区,水功能区分级管理
水利,水利旅游管理
水资源,水资源供给管理
水资源,水资源需求管理
用水定额,用水定额管理
定额管理,用水定额管理
水资源,水资源资产化管理
水资源,水资源供需平衡
跨流域调水,跨流域调水管理
流域,跨流域调水管理
水利,小型水利工程产权制度改革
水利工程,小型水利工程产权制度改革
水利,水利工程管理单位体制改革
水利工程,水利工程管理单位体制改革
水利工程管理,水利工程管理单位体制改革
灌区,大中型灌区改造
中型灌区,大中型灌区改造
水利,水利工程除险加固
水利工程,水利工程除险加固
水利,水利水电工程移民安置
水利,水利风景区建设与管理
水利风景区,水利风景区建设与管理
水利,水利科技
水利,水利学科
水利,中国水利学会
水利,中国水利工程协会
水利工程,中国水利工程协会
水力发电,中国水力发电工程学会
土,中国水土保持学会
水土保持,中国水土保持学会
水利,中国水利经济研究会
水利经济,中国水利经济研究会
灌溉,国际灌溉排水委员会
水资源,国际水资源协会
水利,国际水利与环境工程学会
水利,水沙科学与水利水电工程国家重点实验室
国家重点实验室,水沙科学与水利水电工程国家重点实验室
水利,水文水资源与水利工程科学国家重点实验室
水资源,水文水资源与水利工程科学国家重点实验室
水利工程,水文水资源与水利工程科学国家重点实验室
国家重点实验室,水文水资源与水利工程科学国家重点实验室
水资源,水资源与水电工程科学国家重点实验室
国家重点实验室,水资源与水电工程科学国家重点实验室
河流,山区河流开发保护国家重点实验室
国家重点实验室,山区河流开发保护国家重点实验室
水利,水利工程仿真与安全国家重点实验室
水利工程,水利工程仿真与安全国家重点实验室
国家重点实验室,水利工程仿真与安全国家重点实验室
流域,流域水循环模拟与调控国家重点实验室
国家重点实验室,流域水循环模拟与调控国家重点实验室
海岸,海岸和近海工程国家重点实验室
国家重点实验室,海岸和近海工程国家重点实验室
河口,河口海岸学国家重点实验室
海岸,河口海岸学国家重点实验室
国家重点实验室,河口海岸学国家重点实验室
水资源,水资源高效利用与工程安全国家工程研究中心
国家工程研究中心,水资源高效利用与工程安全国家工程研究中心
疏浚,疏浚技术装备国家工程研究中心
国家工程研究中心,疏浚技术装备国家工程研究中心
港,港口水工建筑技术国家工程实验室
港口,港口水工建筑技术国家工程实验室
国家工程实验室,港口水工建筑技术国家工程实验室
水利,中国水利水电科学研究院
水利,南京水利科学研究院
水利科学,南京水利科学研究院
水利,长江水利科学研究院
水利科学,长江水利科学研究院
水利,黄河水利科学研究院
水利科学,黄河水利科学研究院
水利,珠江水利科学研究院
水利科学,珠江水利科学研究院
流域,美国田纳西河流域管理局
河流,美国田纳西河流域管理局
流域管理,美国田纳西河流域管理局
港,日本港湾空港技术研究所
水利,印度中央水利电力研究站
水利,大禹水利科学技术奖
水利科学,大禹水利科学技术奖
禹,大禹水利科学技术奖
水力发电,水力发电科学技术奖
潘家铮,潘家铮水电科技基金
严恺,严恺教育科技基金
张光斗,张光斗科技教育基金
水利,水利青年科技英才奖
湿地,世界湿地日
水利,水利信息
水利,水利基础信息
基础,水利基础信息
水资源,水资源信息
水利,农村水利信息
农村水利,农村水利信息
水利信息,农村水利信息
水利,水利工程信息
水利工程,水利工程信息
水利,水利政务信息
水利,水利信息化
水利信息,水利信息化
水利,水利信息化综合体系
水利信息,水利信息化综合体系
水利信息化,水利信息化综合体系
流域,智慧流域
水利,水利信息化基础设施
基础,水利信息化基础设施
水利信息,水利信息化基础设施
水利信息化,水利信息化基础设施
水利,水利数据中心
水利,水利专网
水利,水利信息采集系统
水利信息,水利信息采集系统
水利,水利工程监控系统
水利工程,水利工程监控系统
信息集成,水信息集成和共享服务系统
水利,水利业务应用系统
水利,水利信息技术
水利信息,水利信息技术
文化,水文化
水利,水利文化
文化,水利文化
文化,物质形态水文化
水文化,物质形态水文化
文化,水工程文化
梯田,哈尼梯田
文化,水工具文化
文化,水景观文化
水利,水利风景区
文化,水文化遗产
水文化,水文化遗产
梁,白鹤梁
梁,渔梁坝
都江堰,都江堰放水节
堰,都江堰放水节
文化,行为形态水文化
水文化,行为形态水文化
水利,水利社会
文化,节水文化
水文化,节水文化
干旱,世界防止荒漠化和干旱日
文化,精神形态水文化
水文化,精神形态水文化
管子,《管子》说水
禹,大禹精神
水利,水利精神
红旗渠,红旗渠精神
河流,河流辩证法
河流,河流伦理
文化,地域水文化
水文化,地域水文化
河流,河流文化
文化,河流文化
文化,海洋文化
水利,水利史
防洪,防洪抗旱
水利,农业水利
排水工程,给水排水工程
水文学,海洋水文学与海岸动力学
海岸动力学,海洋水文学与海岸动力学
海洋水文学,海洋水文学与海岸动力学
海岸,海洋水文学与海岸动力学
水利,水利管理
