水利,水利
水利,水资源
水利,水利科学
水利,水利资源
水利,水能资源
水利,水科学
水利,水危机
水利,水安全
水利,水利普查
水利,水利系统
水利,城市水利
水利,牧区水利
水利,水利渔业
水利,水务管理
水利,水域
水利,湿地
水利,流域规划
水利,长江流域综合规划
水利,河流综合利用
水利,海洋开发利用
水利,跨流域开发
水利,跨流域调水
水利,红水河梯级开发
水利,黄河断流
水利,黄河治理
水利,黄河调水调沙
水利,淮河治理
水利,水利工程
水利,水利枢纽
水利,水库
水利,串联水库
水利,调蓄水库
水利,注入式水库
水利,平原水库
水利,地下水库
水利,水库库区综合利用开发
水利,水库特征水位
水利,水库正常蓄水位
水利,水库死水位
水利,水库设计洪水位
水利,水库防洪限制水位
水利,水库校核洪水位
水利,水库防洪高水位
水利,水库消落深度
水利,库容
水利,兴利库容
水利,死库容
水利,有效库容
水利,防洪库容
水利,拦洪库容
水利,调洪库容
水利,共用库容
水利,径流调节
水利,水库调节周期
水利,多年调节
水利,年调节
水利,日调节
水利,反调节
水利,调节系数
水利,调节流量
水利,补偿调节
水利,水库调度
水利,水库调度图
水利,蓄放水次序
水利,水量利用系数
水利,水量累积曲线
水利,库区防渗
水利,库盘防渗
水利,库岸加固
水利史,共工
水利史,鲧
水利史,禹
水利史,孙叔敖
水利史,伍子胥
水利史,西门豹
水利史,李冰
水利史,郑国
水利史,监禄
水利史,徐伯
水利史,兒宽
水利史,召信臣
水利史,王延世
水利史,贾让
水利史,张戎
水利史,杜诗
水利史,王景
水利史,马臻
水利史,陈登
水利史,邓艾
水利史,马钧
水利史,杜预
水利史,桓温
水利史,宇文恺
水利史,姜师度
水利史,钱镠
水利史,范仲淹
水利史,侯叔献
水利史,沈括
水利史,郏亶
水利史,郭守敬
水利史,贾鲁
水利史,夏原吉
水利史,潘季驯
水利史,徐光启
水利史,靳辅
水利史,陈潢
水利史,禹贡
水利史,管子
水利史,史记·河渠书
水利史,汉书·沟洫志
水利史,宋史·河渠志
水利史,元史·河渠志
水利史,新元史·河渠志
水利史,明史·河渠志
水利史,清史稿·河渠志
水利史,水经
水利史,水经注
水利史,水部式
水利史,吴中水利书
水利史,至正河防记
水利史,治河图略
水利史,河防通议
水利史,治水筌蹄
水利史,浙西水利书
水利史,问水集
水利史,三吴水利录
水利史,河防一览
水利史,泰西水法
水利史,治河方略
水利史,河防述言
水利史,禹贡锥指
水利史,今水经
水利史,水经注释
水利史,钦定河源纪略
水利史,行水金鉴
水利史,续行水金鉴
水利史,河工蠡测
水利史,河干问答
水利史,筑圩图说
水利史,山东运河备览
水利史,两浙海塘通志
水利史,河渠纪闻
水利史,水道提纲
水利史,中衢一勺
水利史,江南水利全书
水利史,畿辅河道水利丛书
水利史,畿辅水利议
水利史,西域水道记
水利史,河工器具图说
水利史,荆州万城堤志
水利史,历代黄河变迁图考
水利史,黄河概况及治本探讨
水利史,芍陂
水利史,胥溪
水利史,胥浦
水利史,京杭运河
水利史,邗沟
水利史,西门豹渠
水利史,引漳十二渠
水利史,鸿沟
水利史,狼汤渠
水利史,都江堰
水利史,郑国渠
水利史,秦渠
水利史,白起渠
水利史,灵渠
水利史,兴安运河
水利史,湘桂运河
水利史,金堤
水利史,山河堰
水利史,汉延渠
水利史,漕渠
水利史,昆明池
水利史,白渠
水利史,六门陂
水利史,龙首渠
水利史,钳卢陂
水利史,汴水
水利史,八激堤
水利史,鉴湖
水利史,洪泽湖大堤
水利史,高家堰
水利史,天井堰
水利史,白沟
水利史,利漕渠
水利史,赤山湖
水利史,破岗渎
水利史,车箱渠
水利史,练湖
水利史,荻塘
水利史,艾山渠
水利史,浮山堰
水利史,通济堰
水利史,广通渠
水利史,通济渠
水利史,永济渠
水利史,江南运河
水利史,江南河
水利史,广济渠
水利史,东钱湖
水利史,唐徕渠
水利史,里运河
水利史,它山堰
水利史,楚州西河闸
水利史,长渠
水利史,范公堤
水利史,万春圩
水利史,芙蓉湖
水利史,木兰陂
水利史,永丰圩
水利史,桑园围
水利史,松花坝
水利史,胶莱河
水利史,济州河
水利史,会通河
水利史,通惠河
水利史,荆江大堤
水利史,海塘
水利史,浙江海塘
水利史,江南海塘
水利史,钱塘江海塘
水利史,三江闸
水利史,泇河
水利史,八堡圳
水利史,察布查尔渠
水利史,后套八大渠
水利史,大清渠
水利史,惠农渠
水利史,昌润渠
水利史,嘉南大圳
水利史,民生渠
水利史,泾惠渠
水利史,洛惠渠
水利史,渭惠渠
水利史,陕西八惠
水利史,吴江水则碑
水利史,涪陵石鱼
水文学,水文学
水文学,工程水文学
水文学,城市水文学
水文学,农业水文学
水文学,森林水文学
水文学,水文气象学
水文学,地下水水文学
水文学,随机水文学
水文学,系统水文学
水文学,同位素水文学
水文学,水圈
水文学,水文循环
水文学,水汽输送
水文学,水量平衡
水文学,热量平衡
水文学,温室效应
水文学,热岛效应
水文学,雨岛效应
水文学,水文年度
水文学,水文资料
水文学,水文年鉴
水文学,水文图集
水文学,水文手册
水文学,水文调查
水文学,水文实验
水文学,水文区划
水文学,分水线
水文学,流域
水文学,流域面积
水文学,数字高程模型
水文学,数字流域
水文学,河流
水文学,内流河
水文学,外流河
水文学,间歇河
水文学,水系
水文学,河网密度
水文学,瀑布
水文学,河源
水文学,河口
水文学,上游
水文学,中游
水文学,下游
水文学,干流
水文学,支流
水文学,河床
水文学,河槽
水文学,深泓线
水文学,湖泊
水文学,湖盆
水文学,淡水湖
水文学,咸水湖
水文学,内陆湖
水文学,外流湖
水文学,冰川湖
水文学,冰蚀湖
水文学,冰碛湖
水文学,喀斯特湖
水文学,断层湖
水文学,构造湖
水文学,堰塞湖
水文学,内流区
水文学,外流区
水文学,无流区
水文学,湖流
水文学,波漾
水文学,沼泽
水文学,草甸沼泽
水文学,森林沼泽
水文学,泥炭沼泽
水文学,盐沼
水文学,沮洳地
水文学,冰川
水文学,大陆冰川
水文学,高山冰川
水文学,降水
水文学,降水量
水文学,气旋雨
水文学,地形雨
水文学,台风雨
水文学,对流雨
水文学,雷雨
水文学,梅雨
水文学,阵雨
水文学,暴雨
水文学,淫雨
水文学,人工降水
水文学,水情
水文学,丰水年
水文学,中水年
水文学,枯水年
水文学,汛期
水文学,春汛
水文学,桃汛
水文学,伏汛
水文学,秋汛
水文学,涨水
水文学,退水
水文学,墒情
水文学,河流冰情
水文学,凌汛
水文学,冰盖
水文学,封冻
水文学,冻结
水文学,解冻
水文学,文开河
水文学,武开河
水文学,淌凌
水文学,冰隙
水文学,冰塞
水文学,冰坝
水文学,雪
水文学,雪线
水文学,雪崩
水文学,水文站
水文学,水文测验
水文学,水文信息
水文学,水文遥感
水文学,雨量
水文学,雨量器
水文学,自记雨量计
水文学,雷达测雨
水文学,水位
水文学,水尺
水文学,自记水位计
水文学,平均水位
水文学,测深仪
水文学,流速
水文学,流速仪
水文学,流量
水文学,水位流量关系
水文学,水面比降
水文学,水面蒸发器
水文学,土壤蒸发器
水文学,降水强度
水文学,降水历时
水文学,历时曲线
水文学,等雨量线
水文学,截留
水文学,填洼
水文学,下渗
水文学,蒸发
水文学,水面蒸发
水文学,土壤蒸发
水文学,植物散发
水文学,潜水蒸发
水文学,流域总蒸发
水文学,径流
水文学,地面径流
水文学,壤中径流
水文学,地下径流
水文学,暴雨径流
水文学,枯水径流
水文学,融雪径流
水文学,流域产沙
水文学,河流泥沙
水文学,输沙率
水文学,输沙量
水文学,水文预报
水文学,径流预报
水文学,洪水预报
水文学,实时洪水预报
水文学,概率水文预报
水文学,地下水预报
水文学,枯水预报
水文学,冰情预报
水文学,施工水文预报
水文学,中长期水文预报
水文学,流域产流
水文学,蓄满产流
水文学,超渗产流
水文学,降雨径流关系
水文学,径流系数
水文学,流域汇流
水文学,流域汇流时间
水文学,单位线
水文学,等流时线
水文学,洪水波
水文学,洪水演算
水文学,水文模型
水文学,新安江模型
水文学,水文自动测报系统
水文学,水文计算
水文学,水文特征值
水文学,模比系数
水文学,水文不确定性
水文学,水文统计
水文学,均值@@@@
水文学,变差系数
水文学,偏态系数
水文学,水文频率
水文学,重现期
水文学,频率曲线
水文学,设计标准
水文学,水文极值
水文学,正常降水量
水文学,径流量
水文学,正常径流量
水文学,设计年径流
水文学,径流模数
水文学,暴雨频率
水文学,设计暴雨
水文学,暴雨移置
水文学,可能最大降水
水文学,洪水总量
水文学,洪水频率
水文学,设计洪水
水文学,历史洪水
水文学,古洪水
水文学,可能最大洪水
水文学,水文风险
水文学,洪水风险
水文学,水利计算
水文学,调洪演算
水资源,水资源
水资源,世界水资源
水资源,中国水资源
水资源,淡水
水资源,咸水
水资源,水资源总量
水资源,水资源开发
水资源,水资源利用
水资源,水资源可持续利用
水资源,可供水量
水资源,用水定额
水资源,重复利用率
水资源,河道内需水
水资源,环境需水
水资源,生态需水
水资源,水资源供需平衡分析
水资源,水资源评价
水资源,水资源系统
水资源,水资源规划
水资源,基准年
水资源,水平年
水资源,水资源配置
水资源,水资源调度
水资源,水资源保护
水资源,水资源管理
水资源,资源型缺水
水资源,工程型缺水
水资源,水质型缺水
水资源,非常规水资源
水资源,洪水资源化
水资源,雨水利用
水资源,海水淡化
水资源,中水回用
水资源,污水资源化
水资源,地下含水层
水资源,地下水容许开采量
水资源,地下水超采
水资源,地下水回灌
水资源,水资源承载能力
水资源,水功能区
地质,地质学
地质,工程地质学
地质,土质学
地质,水文地质学
地质,地貌学
地质,地质作用
地质,矿物
地质,岩石
地质,基岩
地质,覆盖层
地质,岩浆岩
地质,火成岩
地质,沉积岩
地质,变质岩
地质,岩脉
地质,层面
地质,透镜体
地质,花岗岩
地质,玄武岩
地质,凝灰岩
地质,砾岩
地质,砂岩
地质,页岩
地质,黏土岩
地质,石灰岩
地质,白云岩
地质,第四纪
地质,第四纪地质学
地质,片麻岩
地质,片岩
地质,板岩
地质,石英岩
地质,大理岩
地质,糜棱岩
地质,构造岩
地质,高岭石
地质,地质构造
地质,新构造运动
地质,地质年代
地质,化石
地质,褶皱
地质,岩层产状
地质,走向
地质,倾向
地质,倾角
地质,断层
地质,断层带
地质,裂隙
地质,裂隙率
地质,裂隙等密图
地质,裂隙极点图
地质,裂隙玫瑰图
地质,卸荷裂隙
地质,地应力
地质,结构面
地质,河谷
地质,流水侵蚀作用
地质,泥石流
地质,古河床
地质,河谷阶地
地质,喀斯特
地质,喀斯特率
地质,溶洞
地质,落水洞
地质,溶蚀洼地
地质,地震
地质,震源
地质,震中
地质,震域
地质,地震波
地质,地震震级
地质,地震烈度
地质,地震效应
地质,水库诱发地震
地质,水库渗漏
地质,水库影响区
地质,水库塌岸
地质,水库浸没
地质,地质图
地质,工程地质图
地质,水文地质图
地质,地貌图
地质,地下水
地质,透水层
地质,岩石水理性质
地质,软化系数
地质,抗冻系数
地质,容水性
地质,持水度
地质,透水性
地质,渗透系数
地质,毛管水上升高度
地质,含水层
地质,不透水层
地质,弱透水层
地质,多孔介质
地质,典型单元体
地质,含水层系统
地质,地下水流系统
地质,水文地质单元
地质,区域地下水流
地质,局部地下水流
地质,含水构造
地质,断裂含水带
地质,饱水带
地质,地下水面
地质,承压水面
地质,地下水位
地质,包气带水
地质,上层滞水
地质,潜水
地质,潜水面
地质,地下水埋藏深度
地质,潜水溢出带
地质,地下水等水位线图
地质,承压水
地质,承压水盆地
地质,地下水等水压线图
地质,层间水
地质,孔隙水
地质,裂隙水
地质,喀斯特水
地质,地下热水
地质,肥水
地质,泉
地质,水文地质条件
地质,地下水补给条件
地质,地下水径流条件
地质,地下水排泄条件
地质,地下水稳定运动
地质,地下水非稳定运动
地质,导水系数
地质,贮水系数
地质,越流
地质,降水入渗补给系数
地质,地下水化学成分
地质,地下水污染
地质,湿润性
地质,水动力弥散
地质,水-岩相互作用
地质,渗水析出物
地质,地下水资源
地质,地下水储量
地质,水文地质勘探
地质,水文地质钻探
地质,分层止水
地质,沉淀管
地质,渗水试验
地质,注水试验
地质,抽水试验
地质,微水试验
地质,单位涌水量
地质,降落漏斗
地质,影响半径
地质,水位降深
地质,井群干扰
地质,观测孔
地质,压水试验
地质,高压压水试验
地质,透水率
地质,地质体
地质,地质建模
地质,地质模型
地质,工程地质力学模型
地质,水文地质概念模型
地质,岩体
地质,岩块
地质,岩体结构
地质,岩石质量指标
地质,赤平极射投影
地质,红土
地质,黄土
地质,湿陷性
地质,冻土
地质,岩石风化
地质,风化壳
地质,风化带
地质,夹层风化
地质,潜在不稳定体
地质,地质工程
地质,岩体卸荷带
地质,崩塌
地质,倾倒
地质,蠕动
地质,岩爆
地质,工程地质勘察
地质,工程地质测绘
地质,勘探工程
地质,原型监测
地质,综合测井
地质,工程地质勘探
地质,山地工作
地质,地球物理勘探
地质,地震勘探
地质,声波探测
地质,电法勘探
地质,钻探
地质,工程地质试验
地质,连通试验
地质,工程地质条件
地质,区域稳定性
地质,工程动力地质作用
地质,地质灾害
地质,地面沉降
地质,地面下沉
地质,软土
地质,软弱结构面
地质,滑坡
工程力学,位移
工程力学,速度
工程力学,加速度
工程力学,相对运动
工程力学,绝对运动
工程力学,牵连运动
工程力学,科氏加速度
工程力学,摩擦力
工程力学,达朗贝尔原理
工程力学,惯性力
工程力学,自由度
工程力学,自由振动
工程力学,强迫振动
工程力学,振动频率
工程力学,振动周期
工程力学,振型
工程力学,阻尼
工程力学,阻尼振动
工程力学,临界转速
工程力学,动力系数
工程力学,随机振动
工程力学,计算简图
工程力学,支座
工程力学,静定结构
工程力学,超静定结构
工程力学,杆
工程力学,梁
工程力学,柱
工程力学,板
工程力学,壳
工程力学,桁架
工程力学,刚架
工程力学,内力
工程力学,轴力
工程力学,剪力
工程力学,扭矩
工程力学,弯矩
工程力学,变形
工程力学,拉压
工程力学,剪切
工程力学,扭转
工程力学,弯曲
工程力学,组合变形
工程力学,应变
工程力学,主应变
工程力学,广义应变
工程力学,应力
工程力学,正应力
工程力学,切应力
工程力学,主应力
工程力学,刚度
工程力学,挠度
工程力学,截面核心
工程力学,惯性矩
工程力学,截面模量
工程力学,主轴
工程力学,弯曲中心
工程力学,切应力互等定理
工程力学,主应力轨迹线
工程力学,应力状态
工程力学,应力圆
工程力学,八面体应力
工程力学,广义应力
工程力学,强度
工程力学,强度理论
工程力学,最大拉应力理论
工程力学,最大伸长线应变理论
工程力学,最大切应力理论
工程力学,八面体剪应变
工程力学,应变能
工程力学,余能
工程力学,形状改变比能
工程力学,形状改变比能理论
工程力学,莫尔-库仑强度理论
工程力学,格里菲斯强度理论
工程力学,应力集中
工程力学,接触应力
工程力学,温度应力
工程力学,残余应力
工程力学,装配应力
工程力学,交变应力
工程力学,动应力
工程力学,徐变
工程力学,徐变应力
工程力学,断裂
工程力学,应力强度因子
工程力学,断裂韧度
工程力学,裂纹张开位移
工程力学,能量释放率
工程力学,J积分
工程力学,应力腐蚀断裂
工程力学,张拉型裂缝
工程力学,剪切型裂缝
工程力学,撕开型裂缝
工程力学,复合型裂缝
工程力学,断裂判据
工程力学,断裂能
工程力学,断裂模型
工程力学,裂缝稳定
工程力学,裂缝扩展
工程力学,损伤
工程力学,损伤变量
工程力学,损伤张量
工程力学,损伤准则
工程力学,损伤演化方程
工程力学,损伤模型
工程力学,损伤区
工程力学,结构稳定性
工程力学,临界荷载
工程力学,极限荷载
工程力学,疲劳
工程力学,疲劳强度
工程力学,疲劳极限
工程力学,疲劳破坏
工程力学,应力松弛
工程力学,弹性
工程力学,弹性模量
工程力学,泊松比
工程力学,胡克定律
工程力学,圣维南原理
工程力学,各向同性材料
工程力学,各向异性材料
工程力学,塑性
工程力学,黏性
工程力学,黏弹性
工程力学,黏塑性
工程力学,简单加载
工程力学,全量理论
工程力学,增量理论
工程力学,塑性区
工程力学,应力张量
工程力学,应变张量
工程力学,平衡方程
工程力学,几何方程
工程力学,本构方程
工程力学,边界条件
工程力学,屈服条件
工程力学,流动法则
工程力学,强化模型
工程力学,应变软化
工程力学,理想弹塑性材料
工程力学,刚塑性材料
工程力学,塑性极限定理
工程力学,力法
工程力学,位移法
工程力学,混合法
工程力学,矩阵位移法
工程力学,叠加原理
工程力学,最小势能原理
工程力学,最小余能原理
工程力学,虚功原理
工程力学,虚位移原理
工程力学,虚力原理
工程力学,变分法
工程力学,有限元法
工程力学,边界元法
工程力学,子结构分析法
工程力学,有限条法
工程力学,有限差分法
工程力学,加权余量法
工程力学,无网格法
工程力学,结构优化设计
工程力学,设计变量
工程力学,目标函数
工程力学,约束条件
工程力学,结构安全寿命
工程力学,作用效应
工程力学,原型试验
工程力学,模型试验
工程力学,相似定理
工程力学,方程分析法
工程力学,量纲分析法
工程力学,电阻应变计
工程力学,电桥测量电路
工程力学,应变仪
工程力学,传感器
工程力学,激振系统
工程力学,拾振系统
工程力学,结构动力特性实验
工程力学,实验模态分析
工程力学,模态参数识别
工程力学,模拟信号
工程力学,数字信号
工程力学,模数转换
工程力学,采样定理
工程力学,实验数据采集
工程力学,实验数据处理分析
工程力学,光弹性法
工程力学,云纹法
工程力学,全息干涉法
工程力学,云纹干涉法
工程力学,数字全息
工程力学,数字图像相关
工程力学,全息光弹法
工程力学,散斑干涉法
工程力学,栅线投影法
工程力学,光学引伸计
工程力学,超载安全系数
工程力学,强度折减安全系数
工程力学,抗震设计
工程力学,地震基本烈度
工程力学,超越概率
工程力学,设计烈度
工程力学,地震地面运动
工程力学,地震动幅值
工程力学,地震动频谱
工程力学,地震动持时
工程力学,地震动峰值加速度
工程力学,设计地震加速度
工程力学,地震作用效应
工程力学,反应谱
工程力学,设计反应谱
工程力学,场地特征周期
工程力学,拟静力法
工程力学,动力法
工程力学,振型叠加法
工程力学,反应谱法
工程力学,平方和方根
工程力学,完全二次型方根
工程力学,动力相互作用
水力学,水力学
水力学,水静力学
水力学,水动力学
水力学,黏滞性
水力学,牛顿内摩擦定律
水力学,黏性系数
水力学,黏性流体
水力学,理想流体
水力学,牛顿流体
水力学,非牛顿流体
水力学,宾厄姆流体
水力学,表面力
水力学,质量力
水力学,体积力
水力学,静水压力
水力学,静水压强
水力学,等压面
水力学,大气压
水力学,相对压强
水力学,绝对压强
水力学,真空
水力学,测压管
水力学,测压管水头
水力学,压差计
水力学,位置水头
水力学,单位势能
水力学,压力中心
水力学,潜体
水力学,潜体平衡稳定性
水力学,浮体
水力学,浮力
水力学,浮心
水力学,浮轴
水力学,浮面
水力学,定倾中心
水力学,定倾半径
水力学,流体运动要素
水力学,流线
水力学,迹线
水力学,恒定流
水力学,非恒定流
水力学,流管
水力学,流束
水力学,过水断面
水力学,元流
水力学,总流
水力学,湿周
水力学,水力半径
水力学,一元流
水力学,二元流
水力学,三元流
水力学,连续性方程
水力学,单位动能
水力学,流速水头
水力学,总水头
水力学,单位机械能
水力学,水头损失
水力学,能量方程
水力学,伯努利方程
水力学,动量方程
水力学,总水头线
水力学,测压管水头线
水力学,水力坡度
水力学,皮托管
水力学,文丘里流量计
水力学,测压管坡度
水力学,射流
水力学,层流
水力学,紊流
水力学,雷诺数
水力学,临界雷诺数
水力学,时间平均值
水力学,水流脉动
水力学,流体力学
水力学,有旋运动
水力学,无旋运动
水力学,边界层
水力学,驻点
水力学,尾流
水力学,涡线
水力学,涡管
水力学,势流
水力学,源流
水力学,汇流
水力学,水跃
水力学,水跃长度
水力学,共轭水深
水力学,临界流
水力学,水力指数
水力学,谢才公式
水力学,边坡坡度
水力学,允许流速
水力学,弗劳德数
水力学,缓流
水力学,急流
水力学,陡坡
水力学,缓坡
水力学,临界底坡
水力学,水面曲线
水力学,回水曲线
水力学,谢才系数
水力学,局部阻力系数
水力学,沿程阻力系数
水力学,局部水头损失
水力学,沿程水头损失
水力学,无压流
水力学,有压流
水力学,短管
水力学,长管
水力学,流量模数
水力学,串联管道
水力学,并联管道
水力学,管网
水力学,枝状管网
水力学,闭合管网
水力学,巴甫洛夫斯基公式
水力学,曼宁公式
水力学,莫迪图
水力学,摩阻流速
水力学,紊流混合长度
水力学,正常水深
水力学,虹吸管
水力学,水力最佳断面
水力学,棱柱形渠道
水力学,非棱柱形渠道
水力学,渠道底坡
水力学,堰
水力学,堰流
水力学,堰上水头
水力学,薄壁堰
水力学,实用堰
水力学,宽顶堰
水力学,淹没堰流
水力学,自由堰流
水力学,侧收缩系数
水力学,侧堰
水力学,淹没系数
水力学,渗流
水力学,浸润线
水力学,渗流量
水力学,达西定律
水力学,渗流图解法
水力学,等势线
水力学,平面渗流
水力学,渗透压力
水力学,非恒定流波动
水力学,顺涨波
水力学,顺落波
水力学,逆涨波
水力学,逆落波
水力学,连续波
水力学,非连续波
水力学,波速
水力学,波流量
水力学,圣维南方程组
水力学,明渠非恒定流基本方程组
水力学,淹没水跃
水力学,临界水跃
水力学,远驱水跃
水力学,自由水跃
水力学,强迫水跃
水力学,闸孔出流
水力学,高速水流
水力学,空化
水力学,空蚀
水力学,空化数
水力学,临界空化数
水力学,空蚀强度
水力学,阴极保护法
水力学,超空穴
水力学,减压箱
水力学,循环水洞
水力学,磁电振荡仪
水力学,掺气水流
水力学,明渠自掺气水流
水力学,掺气浓度
水力学,非均匀掺气水流
水力学,均匀掺气水流
水力学,均匀掺气断面
水力学,冲击波
水力学,单相流
水力学,二相流
水力学,多相流
水力学,孔口
水力学,管嘴
水力学,跟踪水位计
水力学,激光测速仪
水力学,热丝流速仪
水力学,热膜流速仪
水力学,强迫掺气
水力学,减压模型
水力学,常压模型
河流动力学,河流动力学
河流动力学,河床横断面
河流动力学,河床纵剖面
河流动力学,比降
河流动力学,弯道环流
河流动力学,螺旋流
河流动力学,副流
河流动力学,异重流
河流动力学,密度流
河流动力学,紊动扩散
河流动力学,水流动力轴线
河流动力学,等容粒径
河流动力学,泥沙粒径
河流动力学,河流泥沙分类
河流动力学,泥沙沉降速度
河流动力学,泥沙平均粒径
河流动力学,泥沙中值粒径
河流动力学,推移质
河流动力学,悬移质
河流动力学,床沙
河流动力学,造床泥沙
河流动力学,非造床泥沙
河流动力学,床沙质
河流动力学,冲泻质
河流动力学,河流泥沙运动
河流动力学,泥沙起动
河流动力学,泥沙起动推移力
河流动力学,起动拖曳力
河流动力学,泥沙起动上举力
河流动力学,起动功率
河流动力学,动床阻力
河流动力学,定床阻力
河流动力学,起动流速
河流动力学,止动流速
河流动力学,扬动流速
河流动力学,沙波
河流动力学,沙浪
河流动力学,沙纹
河流动力学,沙垄
河流动力学,带状沙波
河流动力学,断续蛇曲状沙波
河流动力学,堆状沙波
河流动力学,推移质输沙率
河流动力学,悬移质输沙率
河流动力学,总输沙率
河流动力学,水流挟沙力
河流动力学,含沙量
河流动力学,河床演变
河流动力学,河床形态要素
河流动力学,河床演变分析
河流动力学,河床变形计算
河流动力学,凹岸
河流动力学,凸岸
河流动力学,河床纵向变形
河流动力学,河床横向变形
河流动力学,输沙平衡
河流动力学,泥沙连续方程
河流动力学,冲淤平衡状态
河流动力学,淤积
河流动力学,粗化
河流动力学,细化
河流动力学,冲刷
河流动力学,局部冲刷
河流动力学,顺直型河段
河流动力学,弯曲型河段
河流动力学,蜿蜒型河段
河流动力学,分汊型河段
河流动力学,游荡型河段
河流动力学,弯道摆幅
河流动力学,弯距
河流动力学,河湾蠕动
河流动力学,撇弯切滩
河流动力学,心滩
河流动力学,潜洲
河流动力学,江心洲
河流动力学,顶冲点
河流动力学,分流点
河流动力学,汇流点
河流动力学,分流比
河流动力学,分流角
河流动力学,分沙比
河流动力学,串沟
河流动力学,河相关系
河流动力学,平滩水位
河流动力学,河床稳定性指标
河流动力学,河道整治
河流动力学,泥沙级配曲线
河流动力学,泥沙休止角
河流动力学,泥沙絮凝
河流动力学,造床流量
河流动力学,河势
河流动力学,水库淤积
河流动力学,水库排沙
河流动力学,河流数学模型
河流动力学,河流比尺模型
河流动力学,模型变率
河流动力学,堤防工程
河流动力学,护岸工程
河流动力学,裁弯工程
河流动力学,堵汊工程
河流动力学,挑流工程
河流动力学,导流工程
河流动力学,疏浚工程
河流动力学,河道整治设计水位
河流动力学,河道整治设计流量
河流动力学,设计河槽断面
河流动力学,整治线曲率半径
河流动力学,模范河段
河流动力学,溯源冲刷
河流动力学,高含沙水流
河流动力学,环境泥沙
河流动力学,泥沙淤积物干容重
河流动力学,河工模型试验
河流动力学,正态模型试验
河流动力学,变态模型试验
河流动力学,定床模型试验
河流动力学,动床模型试验
河流动力学,相似准则
河流动力学,模型沙
河流动力学,导线
土力学,土
土力学,土力学
土力学,土的结构
土力学,粒径
土力学,粒组
土力学,土的级配
土力学,颗粒分析试验
土力学,筛析法
土力学,密度计法
土力学,不均匀系数
土力学,曲率系数
土力学,颗粒级配曲线
土力学,天然密度
土力学,饱和密度
土力学,浮密度
土力学,干密度
土力学,含水率
土力学,孔隙比
土力学,孔隙率
土力学,饱和度
土力学,相对密实度
土力学,液限
土力学,塑限
土力学,缩限
土力学,塑性指数
土力学,液性指数
土力学,塑性图
土力学,最大干密度
土力学,最优含水率
土力学,土的工程分类
土力学,砂土
土力学,黏性土
土力学,特殊土
土力学,淤泥
土力学,膨胀土
土力学,土样
土力学,原状土样
土力学,扰动土样
土力学,渗透力
土力学,管涌
土力学,地基
土力学,基础
土力学,基底压力
土力学,附加应力
土力学,有效应力
土力学,孔隙水应力
土力学,超静孔隙水应力
土力学,总应力
土力学,固结
土力学,固结试验
土力学,压缩系数
土力学,压缩指数
土力学,回弹指数
土力学,体积压缩系数
土力学,压缩模量
土力学,变形模量
土力学,体积模量
土力学,先期固结压力
土力学,正常固结
土力学,超固结
土力学,欠固结
土力学,沉降
土力学,固结系数
土力学,固结度
土力学,次固结
土力学,次固结系数
土力学,土的流变性
土力学,抗剪强度
土力学,凝聚力
土力学,内摩擦角
土力学,直接剪切试验
土力学,三轴压缩试验
土力学,孔隙应力系数
土力学,十字板剪切试验
土力学,无侧限抗压强度
土力学,残余强度
土力学,休止角
土力学,砂土液化
土力学,黏性土灵敏度
土力学,黏性土触变性
土力学,动剪切模量
土力学,阻尼比
土力学,挡土墙
土力学,土压力
土力学,圆弧滑动条分法
土力学,地基极限承载力
土力学,地基允许承载力
土力学,临塑荷载
土力学,静力触探试验
土力学,比贯入阻力
土力学,动力触探试验
土力学,标准贯入击数
土力学,地基处理
土力学,复合地基
土力学,砂垫层法
土力学,黏性土垫层法
土力学,砂井预压法
土力学,振动水冲法
土力学,强力夯实法
土力学,挤密砂桩法
土力学,沉井
土力学,沉箱
土力学,桩基
土力学,支承桩
土力学,摩擦桩
土力学,钻孔灌注桩
土力学,板桩
土力学,基坑
土力学,基坑支护
土力学,塑料板排水法
土力学,袋装砂井法
土力学,井点法
土力学,土工合成材料
岩石力学,岩石力学
岩石力学,岩石学
岩石力学,岩石流变学
岩石力学,岩石重度
岩石力学,岩石比重
岩石力学,岩石吸水率
岩石力学,岩石饱和吸水率
岩石力学,岩石饱水系数
岩石力学,岩石孔隙指数
岩石力学,岩石抗冻系数
岩石力学,吕荣值
岩石力学,裂隙度
岩石力学,节理
岩石力学,波速比
岩石力学,电阻率
岩石力学,莫氏硬度表
岩石力学,应力重分布
岩石力学,环境因素
岩石力学,原岩应力
岩石力学,天然应力
岩石力学,初始应力
岩石力学,自重应力
岩石力学,构造应力
岩石力学,应力解除法
岩石力学,应力恢复法
岩石力学,钢弦式应变计
岩石力学,应变花
岩石力学,钻孔变形计
岩石力学,脆性破坏
岩石力学,峰值强度
岩石力学,抗拉强度
岩石力学,抗压强度
岩石力学,岩石软化系数
岩石力学,现场剪切试验
岩石力学,现场变形试验
岩石力学,平板荷载试验
岩石力学,压力枕
岩石力学,狭缝法试验
岩石力学,径向压力枕法试验
岩石力学,围岩
岩石力学,山岩压力
岩石力学,围岩压力
岩石力学,普氏理论
岩石力学,坚固性系数
岩石力学,弹性抗力系数
岩石力学,塑性圈
岩石力学,松动圈
岩石力学,覆盖比
岩石力学,岩石支护
岩石力学,锚杆支护
岩石力学,锚索支护
岩石力学,横波
岩石力学,S波
岩石力学,纵波
岩石力学,P波
岩石力学,瑞利波
岩石力学,勒夫波
岩石力学,裂隙网络
岩石力学,渗透系数张量
岩石力学,双重介质
岩石力学,岩石工程
岩石力学,岩石含水率
岩石力学,岩石密度
岩石力学,岩石比热容
岩石力学,岩石导热系数
岩石力学,岩石膨胀性
岩石力学,膨胀率
岩石力学,耐崩解性
岩石力学,岩石耐崩解性指数
岩石力学,点荷载强度指数
岩石力学,岩体渗透性
岩石力学,岩体渗流场
岩石力学,岩体渗透率
岩石力学,岩体基本质量指标
岩石力学,工程岩体质量指标
岩石力学,岩体体积节理数
岩石力学,岩石本构关系
岩石力学,岩体分级
岩石力学,岩体声学特性
岩石力学,岩石强度理论
岩石力学,岩体稳定性分析
岩石力学,室内岩石物理性质试验
岩石力学,室内岩石力学性质试验
岩石力学,岩石流变试验
岩石力学,岩体应力测量
岩石力学,岩体渗透试验
岩石力学,工程岩体观测
岩石力学,硐室收敛观测
岩石力学,岩体锚杆观测
岩石力学,建筑模数
岩石力学,建筑标准化
岩石力学,结构可靠度
岩石力学,结构概率设计法
岩石力学,结构设计基准期
岩石力学,抗震设防
岩石力学,安全系数
岩石力学,容许应力
岩石力学,极限状态
岩石力学,承载能力
岩石力学,抗裂度
岩石力学,荷载
岩石力学,荷载代表值
岩石力学,荷载标准值
岩石力学,荷载组合值
岩石力学,荷载频遇值
岩石力学,荷载准永久值
岩石力学,荷载组合
岩石力学,荷载效应
岩石力学,结构抗力
岩石力学,失效概率
岩石力学,可靠指标
岩石力学,分项系数
岩石力学,混凝土结构
岩石力学,钢筋混凝土结构
岩石力学,预应力混凝土结构
岩石力学,先张法预应力构件
岩石力学,后张法预应力构件
岩石力学,全预应力混凝土结构
岩石力学,部分预应力混凝土结构
岩石力学,杆系混凝土结构
岩石力学,非杆系混凝土结构
岩石力学,叠合式结构
岩石力学,岩锚梁
岩石力学,肋形结构
岩石力学,双向板
岩石力学,单向板
岩石力学,无梁板结构
岩石力学,薄腹梁
岩石力学,吊车梁
岩石力学,深梁
岩石力学,短梁
岩石力学,墙梁
岩石力学,过梁
岩石力学,圈梁
岩石力学,大型屋面板
岩石力学,阶形柱
岩石力学,双肢柱
岩石力学,牛腿
岩石力学,剪力墙
岩石力学,衬砌结构
岩石力学,收缩缝
岩石力学,温度缝
岩石力学,沉降缝
岩石力学,隔震减震结构
岩石力学,消能减震结构
岩石力学,防震缝
岩石力学,混凝土强度等级
岩石力学,混凝土抗压强度
岩石力学,混凝土抗拉强度
岩石力学,混凝土复合应力强度
岩石力学,混凝土徐变
岩石力学,混凝土收缩
岩石力学,屈服强度
岩石力学,比例极限
岩石力学,极限强度
岩石力学,协定流限
岩石力学,包辛格效应
岩石力学,混凝土局部承压强度
岩石力学,侧限混凝土
岩石力学,延性
岩石力学,钢筋
岩石力学,钢筋骨架
岩石力学,箍筋
岩石力学,弯起钢筋
岩石力学,腹筋
岩石力学,分布钢筋
岩石力学,架立钢筋
岩石力学,腰筋
岩石力学,拉筋
岩石力学,温度钢筋
岩石力学,配筋率
岩石力学,钢筋接头
岩石力学,混凝土保护层
岩石力学,预应力损失
岩石力学,预应力锚具
岩石力学,装配式构件接头
岩石力学,材料图形
岩石力学,塑性铰
岩石力学,塑性内力重分布
岩石力学,钢结构
岩石力学,预应力钢结构
岩石力学,塔桅钢结构
岩石力学,重型钢桁架
岩石力学,轻型钢结构
岩石力学,钢管结构
岩石力学,钢管混凝土结构
岩石力学,钢混组合结构
岩石力学,组合梁
岩石力学,轧成梁
岩石力学,型钢
岩石力学,薄壁型钢
岩石力学,金属压型板
岩石力学,铆钉连接
岩石力学,焊接连接
岩石力学,高强度螺栓连接
岩石力学,焊缝
岩石力学,对接焊缝剖口
岩石力学,焊接变形
岩石力学,焊接应力
岩石力学,钢梁支座
岩石力学,经济梁高
岩石力学,最小梁高
岩石力学,钢结构梁格
岩石力学,钢结构梁格连接
岩石力学,格构式钢压杆
岩石力学,实腹式钢压杆
岩石力学,空间联结系
岩石力学,钢结构整体稳定性
岩石力学,钢结构局部稳定性
岩石力学,容许长细比
岩石力学,节点板
岩石力学,缀材
岩石力学,加劲肋
岩石力学,冷弯试验
岩石力学,料石砌体
岩石力学,乱毛石砌体
岩石力学,毛石混凝土砌体
岩石力学,小石子混凝土砌体
岩石力学,硅酸盐块砌体
岩石力学,砖砌体
岩石力学,配筋砌体
岩石力学,托换改造法
岩石力学,增大截面加固法
岩石力学,粘钢加固法
岩石力学,粘贴纤维布加固法
岩石力学,预应力加固法
岩石力学,实验应力分析
岩石力学,结构原型试验
岩石力学,结构模型试验
岩石力学,比拟法
岩石力学,天然石料
岩石力学,铸石
岩石力学,砖
岩石力学,陶粒
岩石力学,胶凝材料
岩石力学,石灰
岩石力学,建筑石膏
岩石力学,灰土
岩石力学,三合土
岩石力学,水玻璃
岩石力学,水泥
岩石力学,水泥熟料
岩石力学,混合材料
岩石力学,硅酸盐水泥
岩石力学,普通硅酸盐水泥
岩石力学,矿渣硅酸盐水泥
岩石力学,火山灰硅酸盐水泥
岩石力学,粉煤灰硅酸盐水泥
岩石力学,复合硅酸盐水泥
岩石力学,中热硅酸盐水泥
岩石力学,低热硅酸盐水泥
岩石力学,低热矿渣硅酸盐水泥
岩石力学,膨胀水泥
岩石力学,抗硫酸盐硅酸盐水泥
岩石力学,自应力水泥
岩石力学,水泥强度等级
岩石力学,水泥凝结时间
岩石力学,水泥安定性
岩石力学,水泥细度
岩石力学,水泥水化热
岩石力学,耐蚀性
岩石力学,溶出性侵蚀
岩石力学,碳酸性侵蚀
岩石力学,一般酸性侵蚀
岩石力学,硫酸盐侵蚀
岩石力学,镁盐侵蚀
岩石力学,混凝土
岩石力学,干硬性混凝土
岩石力学,自密实混凝土
岩石力学,喷射混凝土
岩石力学,轻混凝土
岩石力学,纤维混凝土
岩石力学,钢纤维
岩石力学,聚丙烯纤维
岩石力学,碳纤维
岩石力学,芳纶纤维
岩石力学,玄武岩纤维
岩石力学,无砂大孔混凝土
岩石力学,水工混凝土
岩石力学,水下混凝土
岩石力学,水下不分散混凝土
岩石力学,泵送混凝土
岩石力学,高性能混凝土
岩石力学,生态混凝土
岩石力学,智能混凝土
岩石力学,全级配混凝土
岩石力学,聚合物混凝土
岩石力学,沥青混凝土
岩石力学,混凝土拌和物
岩石力学,和易性
岩石力学,坍落度
岩石力学,维勃稠度
岩石力学,保水性
岩石力学,泌水性
岩石力学,离析
岩石力学,水灰比
岩石力学,砂率
岩石力学,混凝土极限拉伸值
岩石力学,混凝土抗渗等级
岩石力学,混凝土抗冻等级
岩石力学,混凝土碳化
岩石力学,骨料
岩石力学,细度模数
岩石力学,饱和面干状态
岩石力学,超径骨料
岩石力学,逊径骨料
岩石力学,级配
岩石力学,碱-骨料反应
岩石力学,掺合料
岩石力学,外加剂
岩石力学,引气剂
岩石力学,减水剂
岩石力学,早强剂
岩石力学,速凝剂
岩石力学,缓凝剂
岩石力学,泵送剂
岩石力学,膨胀剂
岩石力学,阻锈剂
岩石力学,养护剂
岩石力学,脱模剂
岩石力学,混凝土配合比
岩石力学,假定表观密度法
岩石力学,绝对体积法
岩石力学,配制强度
岩石力学,砂浆
岩石力学,沉入度
岩石力学,分层度
岩石力学,砂浆强度等级
岩石力学,沥青
岩石力学,煤沥青
岩石力学,石油沥青
岩石力学,普通石油沥青
岩石力学,冷底子油
岩石力学,玛缔脂
岩石力学,乳化沥青
岩石力学,防水卷材
岩石力学,油毡
岩石力学,沥青针入度
岩石力学,沥青标准黏度
岩石力学,沥青延伸度
岩石力学,沥青闪点
岩石力学,沥青燃点
岩石力学,沥青软化点
岩石力学,沥青脆化点
岩石力学,沥青黏附性
岩石力学,沥青马歇尔稳定度试验
岩石力学,合成树脂
岩石力学,热塑性树脂
岩石力学,热固性树脂
岩石力学,塑料
岩石力学,环氧树脂
岩石力学,聚酯树脂
岩石力学,呋喃树脂
岩石力学,硅树脂
岩石力学,聚氯乙烯树脂
岩石力学,聚氯乙烯胶泥
岩石力学,玻璃纤维
岩石力学,纤维增强塑料
岩石力学,涂料
岩石力学,水泥基渗透结晶型防水涂料
岩石力学,灌浆材料
岩石力学,甲基丙烯酸酯类灌浆材料
岩石力学,丙烯酰胺类灌浆材料
岩石力学,聚氨酯类灌浆材料
岩石力学,环氧树脂类灌浆材料
岩石力学,聚脲
岩石力学,橡胶
岩石力学,止水材料
岩石力学,土工织物
岩石力学,土工膜
岩石力学,土工格栅
岩石力学,碳素钢
岩石力学,合金钢
岩石力学,热喷涂
岩石力学,等离子熔覆
岩石力学,抗空蚀性
岩石力学,耐腐蚀性
岩石力学,结合强度
岩石力学,非晶纳米晶材料
岩石力学,防护涂层
岩石力学,热轧钢筋
岩石力学,冷轧带肋钢筋
岩石力学,预应力混凝土用钢丝
岩石力学,预应力混凝土用钢绞线
岩石力学,球墨铸铁
岩石力学,有色金属
岩石力学,木材
岩石力学,纤维板
岩石力学,胶合板
岩石力学,刨花板
岩石力学,复合板材
岩石力学,硬度
岩石力学,磨损
岩石力学,磨耗
岩石力学,亲水性
岩石力学,憎水性
岩石力学,耐水性
岩石力学,耐久性
岩石力学,导热性
岩石力学,导温系数
防洪抗旱,防洪
防洪抗旱,防洪工程
防洪抗旱,防洪工程措施
防洪抗旱,防洪非工程措施
防洪抗旱,防洪应急预案
防洪抗旱,水库防洪
防洪抗旱,水库调洪方式
防洪抗旱,防洪补偿调节
防洪抗旱,防洪错峰调节
防洪抗旱,防洪规划
防洪抗旱,防洪标准
防洪抗旱,水害
防洪抗旱,洪灾
防洪抗旱,涝灾
防洪抗旱,冰凌灾害
防洪抗旱,洪水
防洪抗旱,洪水期
防洪抗旱,前汛期
防洪抗旱,主汛期
防洪抗旱,后汛期
防洪抗旱,枯水
防洪抗旱,枯水期
防洪抗旱,枯水位
防洪抗旱,超标准洪水
防洪抗旱,典型年洪水
防洪抗旱,1954年洪水
防洪抗旱,1998年洪水
防洪抗旱,“75·8”洪水
防洪抗旱,洪水风险图
防洪抗旱,防洪风险率
防洪抗旱,防洪调度
防洪抗旱,洪水管理
防洪抗旱,洪水预报系统
防洪抗旱,防洪决策支持系统
防洪抗旱,洪峰
防洪抗旱,洪量
防洪抗旱,山洪
防洪抗旱,防汛
防洪抗旱,防汛物资调配
防洪抗旱,报汛
防洪抗旱,潮汛
防洪抗旱,台汛
防洪抗旱,防台
防洪抗旱,防潮
防洪抗旱,洪潮遭遇
防洪抗旱,客水
防洪抗旱,防汛特征水位
防洪抗旱,警戒水位
防洪抗旱,设防水位
防洪抗旱,保证水位
防洪抗旱,分洪水位
防洪抗旱,安全泄量
防洪抗旱,泄洪能力
防洪抗旱,蓄洪
防洪抗旱,分洪
防洪抗旱,泄洪
防洪抗旱,滞洪
防洪抗旱,行洪
防洪抗旱,减河
防洪抗旱,引河
防洪抗旱,洪泛区
防洪抗旱,蓄滞洪区
防洪抗旱,行洪区
防洪抗旱,分洪区
防洪抗旱,分洪工程
防洪抗旱,避洪工程
防洪抗旱,分洪道
防洪抗旱,堤
防洪抗旱,埝
防洪抗旱,青坎
防洪抗旱,保庄圩
防洪抗旱,垸
防洪抗旱,庄台
防洪抗旱,避洪楼
防洪抗旱,戗堤
防洪抗旱,导堤
防洪抗旱,圩堤
防洪抗旱,圩
防洪抗旱,翼堤
防洪抗旱,子堤
防洪抗旱,干堤
防洪抗旱,支堤
防洪抗旱,过水堤
防洪抗旱,自溃堤
防洪抗旱,戗台
防洪抗旱,马道
防洪抗旱,迎水坡
防洪抗旱,背水坡
防洪抗旱,主坝
防洪抗旱,副坝
防洪抗旱,钢木土石组合坝
防洪抗旱,平工
防洪抗旱,险工
防洪抗旱,险情
防洪抗旱,主溜
防洪抗旱,分溜
防洪抗旱,挑溜
防洪抗旱,夺溜
防洪抗旱,巡堤查险
防洪抗旱,堤防岁修
防洪抗旱,堤坝隐患
防洪抗旱,堤坝裂缝
防洪抗旱,塌陷
防洪抗旱,蛰陷
防洪抗旱,锥探
防洪抗旱,漏探
防洪抗旱,浪窝
防洪抗旱,鼓泡
防洪抗旱,牛皮胀
防洪抗旱,跌窝
防洪抗旱,管漏
防洪抗旱,散浸
防洪抗旱,窨潮
防洪抗旱,脱坡
防洪抗旱,渗漏
防洪抗旱,流土
防洪抗旱,翻沙鼓水
防洪抗旱,决口
防洪抗旱,抢险
防洪抗旱,防凌
防洪抗旱,护坡
防洪抗旱,水戗
防洪抗旱,反滤
防洪抗旱,堵口
防洪抗旱,合龙
防洪抗旱,闭气
防洪抗旱,龙口
防洪抗旱,混合堵
防洪抗旱,反滤围井
防洪抗旱,抽槽回填
防洪抗旱,填塘固基
防洪抗旱,滤水还坡
防洪抗旱,河道清障
防洪抗旱,隐蔽工程
防洪抗旱,堤基防渗
防洪抗旱,堤坡稳定
防洪抗旱,抛石
防洪抗旱,沉树
防洪抗旱,梢工
防洪抗旱,沉排
防洪抗旱,梢料
防洪抗旱,秸料
防洪抗旱,石笼
防洪抗旱,沉船
防洪抗旱,埽工
防洪抗旱,硬厢
防洪抗旱,软厢
防洪抗旱,捆厢
防洪抗旱,楼厢
防洪抗旱,干旱
防洪抗旱,卡脖旱
防洪抗旱,旱情
防洪抗旱,干旱指数
防洪抗旱,干旱监测
防洪抗旱,旱情监测
防洪抗旱,干旱等级
防洪抗旱,干旱预警信号
防洪抗旱,气象干旱
防洪抗旱,大气干旱
防洪抗旱,土壤干旱
防洪抗旱,生理干旱
防洪抗旱,墒情监测
防洪抗旱,墒情预报
防洪抗旱,湿润指数
防洪抗旱,抗旱保墒
防洪抗旱,抗旱天数
防洪抗旱,抗旱措施
防洪抗旱,抗旱预案
防洪抗旱,抗旱应急水源
防洪抗旱,旱地农业
防洪抗旱,坐水种
防洪抗旱,集雨工程
防洪抗旱,抗旱保水剂
防洪抗旱,土壤保水剂
农业水利,农田水利
农业水利,农村水利
农业水利,农田水利基本建设
农业水利,高标准农田建设
农业水利,土壤剖面
农业水利,土壤孔隙
农业水利,土壤空气
农业水利,土壤通气性
农业水利,土壤温度
农业水利,土壤酸碱度
农业水利,土壤水
农业水利,土壤含水量
农业水利,吸湿水
农业水利,薄膜水
农业水利,结合水
农业水利,毛管水
农业水利,毛管上升水
农业水利,毛管水强烈上升高度
农业水利,重力水
农业水利,气态水
农业水利,土壤水分常数
农业水利,吸湿系数
农业水利,凋萎系数
农业水利,最大分子持水量
农业水利,毛管破裂含水量
农业水利,田间持水量
农业水利,持水当量
农业水利,土壤有效水分
农业水利,饱和含水量
农业水利,土水势
农业水利,基模势
农业水利,溶质势
农业水利,压力势
农业水利,重力势
农业水利,土壤水吸力
农业水利,土壤水容量
农业水利,土壤水分运动
农业水利,下渗率
农业水利,水力传导度
农业水利,扩散度
农业水利,土壤水分特征曲线
农业水利,土壤水分滞后现象
农业水利,土壤水再分布
农业水利,湿润锋
农业水利,张力计
农业水利,中子测水仪
农业水利,γ射线测水仪
农业水利,时域反射仪
农业水利,电导率仪
农业水利,土壤三参数仪
农业水利,给水度
农业水利,潜水蒸发强度
农业水利,蒸渗仪
农业水利,作物灌水指标
农业水利,作物水分亏缺
农业水利,作物水分胁迫
农业水利,作物生理生态指标
农业水利,作物需水规律
农业水利,需水临界期
农业水利,作物需水量
农业水利,蒸发蒸腾量
农业水利,蒸发蒸腾率
农业水利,需水强度
农业水利,潜在蒸发蒸腾量
农业水利,蒸腾率
农业水利,蒸腾比
农业水利,参考作物需水量
农业水利,作物系数
农业水利,需水系数
农业水利,需水量模比系数
农业水利,作物田间耗水量
农业水利,灌溉
农业水利,灌溉制度
农业水利,灌水定额
农业水利,灌溉定额
农业水利,计划湿润层
农业水利,有效降雨量
农业水利,作物地下水补给量
农业水利,深层渗漏量
农业水利,泡田
农业水利,水田渗透量
农业水利,灌水模数
农业水利,灌水模数图
农业水利,灌水延续时间
农业水利,灌水周期
农业水利,灌溉用水量
农业水利,灌溉用水过程线
农业水利,储水灌溉
农业水利,播前灌溉
农业水利,冬灌
农业水利,节水灌溉
农业水利,非充分灌溉
农业水利,调亏灌溉
农业水利,分根交替灌溉
农业水利,控制灌溉
农业水利,精准灌溉
农业水利,智能化灌溉
农业水利,自流灌溉
农业水利,提水灌溉
农业水利,灌区
农业水利,灌溉面积
农业水利,灌溉设计标准
农业水利,灌溉临界期
农业水利,灌溉水源
农业水利,浑水灌溉
农业水利,放淤
农业水利,劣质水灌溉
农业水利,污水灌溉
农业水利,微咸水灌溉
农业水利,肥水灌溉
农业水利,磁化水灌溉
农业水利,灌溉回归水
农业水利,灌溉水质
农业水利,矿化度
农业水利,灌溉水温
农业水利,灌溉工程
农业水利,蓄水灌溉
农业水利,塘坝
农业水利,引水灌溉
农业水利,灌溉输水
农业水利,轮灌
农业水利,续灌
农业水利,灌溉渠道
农业水利,干渠
农业水利,支渠
农业水利,斗渠
农业水利,斗门
农业水利,农门
农业水利,农渠
农业水利,毛渠
农业水利,输水沟
农业水利,灌水沟
农业水利,泄水渠
农业水利,长藤结瓜式灌溉系统
农业水利,渠道输水损失
农业水利,渠道防渗
农业水利,人工淤填
农业水利,试渠
农业水利,管道灌溉系统
农业水利,地下渠道
农业水利,配水井
农业水利,给水栓
农业水利,田间工程
农业水利,条田
农业水利,格田
农业水利,林带
农业水利,灌水技术
农业水利,地面灌溉
农业水利,畦灌
农业水利,膜上灌
农业水利,封水
农业水利,水平畦灌
农业水利,沟灌
农业水利,涌流灌溉
农业水利,漫灌
农业水利,淹灌
农业水利,湿润灌溉
农业水利,水浆管理
农业水利,地下灌溉
农业水利,喷灌
农业水利,微灌
农业水利,微喷灌
农业水利,喷灌系统
农业水利,脉冲喷灌
农业水利,喷灌强度
农业水利,喷洒水利用系数
农业水利,漂移损失
农业水利,喷灌均匀度
农业水利,雾化程度
农业水利,灌水器
农业水利,喷头基本参数
农业水利,喷头
农业水利,低压喷头
农业水利,中压喷头
农业水利,高压喷头
农业水利,射流式喷头
农业水利,摇臂式喷头
农业水利,叶轮式喷头
农业水利,散水式喷头
农业水利,折射式喷头
农业水利,缝隙式喷头
农业水利,离心式喷头
农业水利,地埋式喷头
农业水利,自压喷灌
农业水利,恒压喷灌系统
农业水利,喷灌机组
农业水利,固定式喷灌系统
农业水利,半固定式喷灌系统
农业水利,移动式喷灌系统
农业水利,双臂式喷灌机
农业水利,中心支轴式喷灌机
农业水利,平移自走式喷灌机
农业水利,绞盘式喷灌机
农业水利,微喷头
农业水利,喷灌带
农业水利,滴灌
农业水利,膜下滴灌
农业水利,滴灌带
农业水利,滴头
农业水利,孔口式滴头
农业水利,长流道滴头
农业水利,微孔毛管
农业水利,土壤湿润比
农业水利,井灌
农业水利,井渠结合
农业水利,井灌井排
农业水利,筒井
农业水利,大口井
农业水利,管井
农业水利,滤水管
农业水利,筒管井
农业水利,真空井
农业水利,井群
农业水利,卧管井
农业水利,坎儿井
农业水利,辐射井
农业水利,锅锥
农业水利,水平钻机
农业水利,洗井
农业水利,土壤水库
农业水利,牧区供水
农业水利,农村饮水安全
农业水利,灌溉管理
农业水利,灌区计划用水
农业水利,灌溉预报
农业水利,作物水分生产函数
农业水利,量水槽
农业水利,量水喷嘴
农业水利,田间水利用系数
农业水利,渠道水利用系数
农业水利,渠系水利用系数
农业水利,灌溉水利用系数
农业水利,作物水分生产率
农业水利,排水工程
农业水利,自流排水
农业水利,提水排水
农业水利,农田排水
农业水利,地表排水
农业水利,地下排水
农业水利,控制排水
农业水利,涝
农业水利,渍
农业水利,冷浸田
农业水利,除涝
农业水利,除涝设计标准
农业水利,排涝模数
农业水利,排水临界期
农业水利,作物耐淹水深
农业水利,作物耐淹历时
农业水利,地下水适宜埋深
农业水利,地下排水模数
农业水利,除涝排水系统
农业水利,明沟排水
农业水利,浅明沟
农业水利,毛沟
农业水利,腰沟
农业水利,墒沟
农业水利,农沟
农业水利,容泄区
农业水利,截流沟
农业水利,截渗沟
农业水利,撇洪沟
农业水利,等高截流
农业水利,沟洫
农业水利,沟洫畦田
农业水利,沟洫条田
农业水利,沟洫台田
农业水利,抬田
农业水利,暗管排水
农业水利,暗沟排水
农业水利,暗管排水系统
农业水利,排水管滤层
农业水利,挖沟铺管机
农业水利,无沟铺管机
农业水利,排水管清洗机
农业水利,鼠道排水
农业水利,鼠道犁
农业水利,生物排水
农业水利,减压井
农业水利,沉沙井
农业水利,跌水井
农业水利,竖井排水
农业水利,排水分区
农业水利,圩区
农业水利,灌排分开
农业水利,分级分片控制
农业水利,河网
农业水利,梯级控制
农业水利,蓄洪垦殖
农业水利,围垦
农业水利,盐碱地改良
农业水利,盐碱土
农业水利,盐土
农业水利,碱土
农业水利,盐渍化
农业水利,碱化
农业水利,次生盐渍化
农业水利,地下水临界深度
农业水利,水盐运动
农业水利,返盐
农业水利,土壤改良
农业水利,洗盐
农业水利,压盐
农业水利,脱盐
农业水利,抽咸补淡
农业水利,蓄淡养青
农业水利,翻淤
农业水利,盖砂
农业水利,覆盖
农业水利,水土保持
农业水利,小流域治理
农业水利,水土流失
农业水利,风蚀
农业水利,水蚀
农业水利,面蚀
农业水利,沟蚀
农业水利,沟壑密度
农业水利,侵蚀模数
农业水利,水平埝地
农业水利,沟头防护
农业水利,水簸箕
农业水利,人工沙障
农业水利,蓄水保土耕作
农业水利,涝池
农业水利,水窖
农业水利,淤地坝
农业水利,谷坊
农业水利,等高沟埂
农业水利,鱼鳞坑
农业水利,水平沟
农业水利,梯田
农业水利,引水拉沙
农业水利,防护林
农业水利,戽斗
农业水利,水车
农业水利,斗式水车
农业水利,龙骨水车
农业水利,管链水车
农业水利,筒车
农业水利,桔槔
农业水利,辘轳
农业水利,风车
农业水利,泵站
农业水利,泵站效率
农业水利,机电排灌
农业水利,泵房
农业水利,圬工泵站
农业水利,泵船
农业水利,泵车
农业水利,泵站前池
农业水利,泵站进水池
农业水利,泵站出水池
农业水利,水泵进水流道
农业水利,水泵出水流道
农业水利,真空破坏阀
农业水利,大型灌区
农业水利,中型灌区
农业水利,小型灌区
农业水利,特大型灌区
农业水利,自流灌区
农业水利,水库灌区
农业水利,提水灌区
农业水利,都江堰灌区
农业水利,泾惠渠灌区
农业水利,洛惠渠灌区
农业水利,宝鸡峡引渭灌区
农业水利,景泰川提灌工程
农业水利,内蒙河套灌区
农业水利,红旗渠
农业水利,苏北灌溉总渠
农业水利,淠史杭灌区
农业水利,安丰塘水库
农业水利,人民胜利渠
农业水利,韶山灌区
农业水利,尼罗河灌区
农业水利,印度河灌区
农业水利,灌溉农业
城市水利,城市水务
城市水利,水务一体化
城市水利,城市水文效应
城市水利,水面率
城市水利,河道蓝线
城市水利,涉水工程
城市水利,最佳水力半径
城市水利,水域占补平衡
城市水利,竖向标高
城市水利,低影响开发
城市水利,分散式雨水收集利用
城市水利,退田还河
城市水利,退田还湖
城市水利,城市水文模型
城市水利,平原河网感潮区
城市水利,防洪风险管理
城市水利,分质供水
城市水利,联网供水
城市水利,应急水源地
城市水利,城市防洪
城市水利,城市内涝
城市水利,城市防洪体系
城市水利,城市治涝体系
城市水利,城市防洪标准
城市水利,城市排水小系统
城市水利,城市治涝大系统
城市水利,城市防洪圈
城市水利,防洪墙
城市水利,排涝泵站
城市水利,地下贮留池
城市水利,深隧
城市水利,渗透池
城市水利,雨水花园
城市水利,植物浅沟
城市水利,下沉式广场
城市水利,下凹式绿地
城市水利,绿色屋顶
城市水利,透水铺面
城市水利,等高绿地
城市水利,渗透沟渠
城市水利,综合径流系数
城市水利,地表径流系数
城市水利,绿地下渗率
城市水利,下渗曲线
城市水利,霍顿下渗公式
城市水利,洪峰模数
城市水利,洪水利用
城市水利,短历时暴雨
城市水利,城市暴雨公式
城市水利,城市设计暴雨雨型
城市水利,芝加哥雨型
城市水利,地面集水时间
城市水利,受纳水体
城市水利,凝结核
城市水利,初期雨水
城市水利,人工湖
城市水利,亲水平台
城市水利,亲水空间
城市水利,清水通道
城市水利,景观河道
城市水利,复式断面
城市水利,断头浜
城市水利,节水减排
城市水利,循环用水
城市水利,源头消减
城市水利,分流制排水系统
城市水利,合流制排水系统
给水排水工程,城镇水系统
给水排水工程,给水系统
给水排水工程,统一给水系统
给水排水工程,分压给水系统
给水排水工程,分质给水系统
给水排水工程,分区给水系统
给水排水工程,区域给水系统
给水排水工程,集中式供水
给水排水工程,分散式供水
给水排水工程,给水水源
给水排水工程,给水工程
给水排水工程,取水工程
给水排水工程,输配管网
给水排水工程,水质
给水排水工程,用水水质标准
给水排水工程,饮用水
给水排水工程,给水处理
给水排水工程,混凝
给水排水工程,沉淀
给水排水工程,澄清
给水排水工程,过滤
给水排水工程,消毒
给水排水工程,生物预处理
给水排水工程,化学预处理
给水排水工程,臭氧-活性炭工艺
给水排水工程,膜处理
给水排水工程,用水量
给水排水工程,工业用水重复利用率
给水排水工程,循环给水系统
给水排水工程,排水系统
给水排水工程,排水体制
给水排水工程,排放标准
给水排水工程,污水处理
给水排水工程,格栅
给水排水工程,沉砂池
给水排水工程,初次沉淀池
给水排水工程,活性污泥法
给水排水工程,生物膜法
给水排水工程,二次沉淀池
给水排水工程,自然生物处理
给水排水工程,脱氮除磷
给水排水工程,污泥处理
给水排水工程,污泥处置
给水排水工程,城市污水再生利用
给水排水工程,城镇雨洪利用
水力发电,落差
水力发电,水能
水力发电,水能利用
水力发电,水力发电
水力发电,水能资源理论蕴藏量
水力发电,水能资源技术可开发量
水力发电,水能资源经济可开发量
水力发电,十三大水电基地
水力发电,西电东送
水力发电,水力发电站
水力发电,水电站开发方式
水力发电,坝式水电站
水力发电,坝后式水电站
水力发电,河床式水电站
水力发电,引水式水电站
水力发电,混合式水电站
水力发电,径流式水电站
水力发电,蓄水式水电站
水力发电,工程特征值
水力发电,库容系数
水力发电,水库淹没损失
水力发电,水电站调节性能
水力发电,多年调节水电站
水力发电,年调节水电站
水力发电,日调节水电站
水力发电,无调节水电站
水力发电,电力系统负荷
水力发电,电力系统负荷图
水力发电,日负荷图
水力发电,日负荷图峰谷差
水力发电,日电能累积曲线
水力发电,峰荷
水力发电,腰荷
水力发电,基荷
水力发电,基荷指数
水力发电,日最小负荷率
水力发电,日平均负荷率
水力发电,年负荷图
水力发电,静态年负荷图
水力发电,动态年负荷图
水力发电,年负荷增长率
水力发电,设计负荷水平
水力发电,火力发电站
水力发电,火电站标准煤耗率
水力发电,火电站技术最小出力
水力发电,可再生能源
水力发电,绿色能源
水力发电,潮汐电站
水力发电,海水温差发电
水力发电,波浪能发电
水力发电,海流发电
水力发电,抽水蓄能电站
水力发电,抽水蓄能电站综合效率
水力发电,水能计算
水力发电,水电站动能指标
水力发电,水电站水头
水力发电,水电站水头损失
水力发电,水电站设计水头
水力发电,水电站效率
水力发电,水电站流量
水力发电,水电站弃水
水力发电,水电站出力
水力发电,出力过程线
水力发电,水电站保证出力
水力发电,保证电能
水力发电,水电站出力保证率曲线
水力发电,水电站设计保证率
水力发电,水电站预想出力
水力发电,水电站主要参变数
水力发电,水电站多年平均年发电量
水力发电,水电站装机容量
水力发电,装机容量年利用小时数
水力发电,必需容量
水力发电,水电站最大工作容量
水力发电,备用容量
水力发电,重复容量
水力发电,水电站工作容量
水力发电,水电站空闲容量
水力发电,水电站受阻容量
水力发电,可用容量
水力发电,旋转备用容量
水力发电,水库备用库容
水力发电,水电站运行方式
水力发电,调频电站
水力发电,调峰电站
水力发电,调峰能力
水力发电,黑启动
水力发电,电力电量平衡
水力发电,调峰容量平衡
水力发电,容量效益
水力发电,电量效益
水力发电,水电站水库调度
水力发电,水电站经济运行
水力发电,射流增差
水力发电,效益指标
水力发电,水电站发电耗水率
水力发电,季节性电能
水力发电,水库电能
水力发电,供水期不蓄电能
水力发电,替代电站
水力发电,水电站群
水力发电,梯级水电站
水力发电,河流梯级开发
水力发电,脱水河段
水力发电,水电站开发顺序
水力发电,梯级水库联合调度
水力发电,跨流域补偿调节
水力发电,农村水电站
水力发电,代燃料电站
水力发电,水电农村电气化
水力发电,水电站厂房
水力发电,河床式厂房
水力发电,坝后式厂房
水力发电,引水式厂房
水力发电,地下厂房
水力发电,贯流式机组厂房
水力发电,抽水蓄能电站厂房
水力发电,潮汐电站厂房
水力发电,露天式厂房
水力发电,发电机层
水力发电,水轮机层
水力发电,下部块体结构
水力发电,装配场
水力发电,机墩
水力发电,水电站中央控制室
水力发电,水电站厂房机组段
水力发电,水电站尾水平台
水力发电,母线道
水力发电,主变压器场
水力发电,高压开关站
水力发电,GIS开关
水力发电,厂房构架
水力发电,排冰道
水力发电,变顶高尾水隧洞
水力发电,水电站输水建筑物
水力发电,水电站引水建筑物
水力发电,动力渠道
水力发电,自动调节渠道
水力发电,非自动调节渠道
水力发电,动力渠道水力计算
水力发电,动力渠道设计流量
水力发电,动力渠道极限过水能力
水力发电,渠道经济断面
水力发电,压力前池
水力发电,日调节池
水力发电,沉沙池
水力发电,冲沙底孔
水力发电,水电站进水口
水力发电,抽水蓄能电站进出水口
水力发电,水电站拦污栅
水力发电,进水口闸门
水力发电,闸门旁通管
水力发电,充水阀
水力发电,进水口淹没深度
水力发电,引水隧洞
水力发电,尾水隧洞
水力发电,隧洞经济断面
水力发电,隧洞临界流速
水力发电,压力管道
水力发电,压力钢管
水力发电,钢筋混凝土压力管
水力发电,明钢管
水力发电,钢管加劲环
水力发电,钢管进人孔
水力发电,埋藏式钢管
水力发电,钢衬钢筋混凝土管
水力发电,钢管镇墩
水力发电,钢管支墩
水力发电,水电站岔管
水力发电,月牙肋岔管
水力发电,球形岔管
水力发电,钢衬钢筋混凝土岔管
水力发电,水锤
水力发电,水锤波
水力发电,水锤波速
水力发电,直接水锤
水力发电,间接水锤
水力发电,阀门相对开度
水力发电,第一相水锤
水力发电,极限水锤
水力发电,水锤计算解析法
水力发电,水锤计算特征线法
水力发电,水锤计算图解法
水力发电,水电站调压室
水力发电,简单式调压室
水力发电,阻抗式调压室
水力发电,水室式调压室
水力发电,溢流式调压室
水力发电,差动式调压室
水力发电,气垫式调压室
水力发电,调压室涌波
水力发电,单向调压室
水力发电,调压室波动周期
水力发电,调压室临界稳定断面
水力发电,水力振动
水力发电,水轮机
水力发电,反击式水轮机
水力发电,冲击式水轮机
水力发电,混流式水轮机
水力发电,轴流式水轮机
水力发电,轴流定桨式水轮机
水力发电,轴流转桨式水轮机
水力发电,斜流式水轮机
水力发电,可逆式水轮机
水力发电,贯流式水轮机
水力发电,灯泡贯流式水轮机
水力发电,轴伸贯流式水轮机
水力发电,竖井贯流式水轮机
水力发电,水斗式水轮机
水力发电,双击式水轮机
水力发电,斜击式水轮机
水力发电,导水机构
水力发电,蜗壳
水力发电,尾水管
水力发电,迷宫环
水力发电,射流折向器
水力发电,水轮机最优工况
水力发电,水轮机空蚀
水力发电,水轮发电机组振动
水力发电,比转速
水力发电,轮毂比
水力发电,水轮机飞逸转速
水力发电,水力机械过渡过程
水力发电,调节保证计算
水力发电,小波动稳定
水力发电,大波动稳定
水力发电,模型综合特性曲线
水力发电,运行特性曲线
水力发电,机械液压型调速器
水力发电,电气液压型调速器
水力发电,微机电液调速器
水力发电,反馈
水力发电,配压阀
水力发电,接力器
水力发电,油泵
水力发电,油压装置
水力发电,油系统
水力发电,压缩空气系统
水力发电,调压阀
水力发电,水轮机进水阀
水力发电,球阀
水力发电,蝴蝶阀
水力发电,伸缩节
水力发电,桥式起重机
水力发电,双小车桥式起重机
水力发电,平衡梁
水力发电,试重块
水力发电,机组制动
水力发电,供水系统
水力发电,水电站排水系统
水力发电,真空泵
水力发电,水力监测系统
水力发电,截止阀
水力发电,减压阀
水力发电,水轮机真空破坏阀
水力发电,水轮机补气装置
水力发电,同步电机
水力发电,水轮发电机
水力发电,发电电动机
水力发电,发电机励磁系统
水力发电,可控硅励磁
水力发电,永磁发电机
水力发电,直流电机
水力发电,励磁机
水力发电,异步电机
水力发电,动力系统
水力发电,电力系统
水力发电,电力网
水力发电,调相
水力发电,调频
水力发电,变压器
水力发电,三绕组变压器
水力发电,自耦变压器
水力发电,变压器冷却
水力发电,高压断路器
水力发电,隔离开关
水力发电,负荷开关
水力发电,电压互感器
水力发电,电流互感器
水力发电,电抗器
水力发电,避雷器
水力发电,母线
水力发电,电力电缆
水力发电,闸刀开关
水力发电,自动空气开关
水力发电,磁力起动器
水力发电,主结线
水力发电,配电装置
水力发电,成套配电装置
水力发电,铅酸蓄电池
水力发电,继电保护
水力发电,差动保护
水力发电,自动重合闸
水力发电,抽水机
水力发电,水泵
水力发电,离心泵
水力发电,自吸式离心泵
水力发电,轴流泵
水力发电,贯流泵
水力发电,圬工泵
水力发电,混流泵
水力发电,斜流泵
水力发电,潜水泵
水力发电,深井泵
水力发电,浅井泵
水力发电,水轮泵
水力发电,水锤泵
水力发电,射流泵
水力发电,螺旋泵
水力发电,柱塞泵
水力发电,扬程
水力发电,气蚀余量
水力发电,允许吸上真空高度
水力发电,闸阀
水力发电,底阀
水力发电,止回阀
水力发电,拍门
水力发电,套用机组
水力发电,水工建筑物
水力发电,枢纽布置
水力发电,水利枢纽等别
水力发电,水工建筑物级别
水力发电,坝址选择
水力发电,坝型选择
水力发电,初步设计
水力发电,技术设计
水力发电,施工详图阶段
水力发电,安全系数设计法
水力发电,极限状态设计法
水力发电,挡水建筑物
水力发电,专门性建筑物
水力发电,水电站建筑物
水力发电,过鱼建筑物
水力发电,过木建筑物
水力发电,过坝建筑物
水力发电,筏道
水力发电,鱼道
水力发电,鱼闸
水力发电,升鱼机
水力发电,永久性水工建筑物
水力发电,临时性水工建筑物
水力发电,取水建筑物
水力发电,动水压力
水力发电,地震作用
水力发电,水工建筑物抗震设计
水力发电,地震加速度时程曲线
水力发电,抗震设计标准
水力发电,动安全系数
水力发电,动力响应
水力发电,地震动输入
水力发电,动强度
水力发电,动弹性模量
水力发电,结构振动模型试验
水力发电,抗震工程措施
水力发电,扬压力
水力发电,温度荷载
水力发电,冰压力
水力发电,水工荷载组合
水力发电,稳定安全系数
水力发电,纯摩公式
水力发电,剪摩公式
水力发电,材料力学法
水力发电,边缘应力
水力发电,重力分析法
水力发电,重力坝基本剖面
水力发电,重力坝实用剖面
水力发电,混凝土强度等级分区
水力发电,稳定温度场
水力发电,非稳定温度场
水力发电,排水设施
水力发电,排水孔
水力发电,止水
水力发电,检查井
水力发电,迎水面
水力发电,背水面
水力发电,土坝
水力发电,均质土坝
水力发电,水力冲填坝
水力发电,水中倒土坝
水力发电,自流式水力冲填坝
水力发电,土石坝
水力发电,堆石坝
水力发电,碾压式土石坝
水力发电,坝顶高程
水力发电,坝顶超高
水力发电,坝顶宽度
水力发电,挡浪墙
水力发电,坝壳
水力发电,防渗体
水力发电,心墙
水力发电,斜墙
水力发电,斜心墙坝
水力发电,岸坡绕流
水力发电,坝基渗漏
水力发电,防渗墙
水力发电,混凝土防渗墙
水力发电,截水墙
水力发电,截水槽
水力发电,铺盖
水力发电,土坝坝坡
水力发电,贴坡式排水
水力发电,棱体排水
水力发电,褥垫式排水
水力发电,管式排水
水力发电,坝基排水
水力发电,坝坡排水
水力发电,反滤层
水力发电,干砌石坝
水力发电,溢流土石坝
水力发电,定向爆破筑坝
水力发电,沥青混凝土面板坝
水力发电,钢筋混凝土面板堆石坝
水力发电,面板脱空
水力发电,趾板
水力发电,垫层
水力发电,周边缝
水力发电,垂直缝
水力发电,柔性填料
水力发电,挤压式边墙
水力发电,连接板
水力发电,堆石坝分区
水力发电,L形挡墙
水力发电,土工膜防渗心墙坝
水力发电,土工膜防渗斜墙坝
水力发电,土工膜库盘防渗
水力发电,土工织物反滤
水力发电,土工织物排水
水力发电,胶凝砂砾石坝
水力发电,堆石混凝土坝
水力发电,重力坝
水力发电,溢流重力坝
水力发电,非溢流重力坝
水力发电,宽缝重力坝
水力发电,空腹重力坝
水力发电,浆砌块石坝
水力发电,永久缝
水力发电,临时缝
水力发电,沉陷缝
水力发电,横缝
水力发电,纵缝
水力发电,斜缝
水力发电,键槽
水力发电,坝基排水孔
水力发电,廊道
水力发电,廊道集水沟
水力发电,排水廊道
水力发电,基础灌浆廊道
水力发电,基面排水
水力发电,坝身排水管
水力发电,坝基集水井
水力发电,灌浆区
水力发电,止浆片
水力发电,混凝土塞
水力发电,拱坝
水力发电,等半径拱坝
水力发电,等中心角变半径拱坝
水力发电,变中心角变半径拱坝
水力发电,重力拱坝
水力发电,拱形重力坝
水力发电,薄拱坝
水力发电,单曲拱坝
水力发电,双曲拱坝
水力发电,拱坝体形
水力发电,空腹拱坝
水力发电,经济中心角
水力发电,试荷载法
水力发电,拱冠梁法
水力发电,纯拱法
水力发电,圆筒法
水力发电,有限元等效应力
水力发电,垫座
水力发电,封拱温度
水力发电,水垫塘
水力发电,圆弧形横缝
水力发电,诱导缝
水力发电,倒悬度
水力发电,推力墩
水力发电,重力墩
水力发电,断面平均温度
水力发电,等效线性温差
水力发电,混凝土置换
水力发电,碾压混凝土坝
水力发电,变态混凝土防渗
水力发电,金包银防渗
水力发电,碾压混凝土
水力发电,干贫混凝土
水力发电,切缝
水力发电,支墩坝
水力发电,连拱坝
水力发电,大头坝
水力发电,平板坝
水力发电,溢流平板坝
水力发电,水闸
水力发电,进水闸
水力发电,节制闸
水力发电,排水闸
水力发电,退水闸
水力发电,冲沙闸
水力发电,分洪闸
水力发电,挡潮闸
水力发电,涵洞式水闸
水力发电,桩基式水闸
水力发电,装配式水闸
水力发电,浮运式水闸
水力发电,橡胶坝
水力发电,液压升降坝
水力发电,套闸
水力发电,闸室
水力发电,闸底板
水力发电,阻滑板
水力发电,门槽
水力发电,闸墩
水力发电,边墩
水力发电,齿墙
水力发电,胸墙
水力发电,闸孔跨距
水力发电,岸墙
水力发电,翼墙
水力发电,工作桥
水力发电,公路桥
水力发电,边墩绕流
水力发电,地下轮廓线
水力发电,改进阻力系数法
水力发电,刺墙
水力发电,角墙式进口
水力发电,八字形斜降墙式进口
水力发电,闸门
水力发电,检修闸门
水力发电,事故闸门
水力发电,平面闸门
水力发电,双扉平板闸门
水力发电,护镜门
水力发电,有轨平面弧形双开闸门
水力发电,π形闸门
水力发电,活动坝
水力发电,弧形闸门
水力发电,圆筒闸门
水力发电,双曲扁壳闸门
水力发电,圆柱壳体弧形闸门
水力发电,拱形闸门
水力发电,升卧式闸门
水力发电,屋顶式闸门
水力发电,舌瓣闸门
水力发电,旋转刚架闸门
水力发电,浮箱式闸门
水力发电,自动翻倒闸门
水力发电,叠梁门
水力发电,钢丝网水泥面板
水力发电,闸门止水
水力发电,启闭机
水力发电,活动启闭机
水力发电,固定启闭机
水力发电,螺杆式启闭机
水力发电,油压式启闭机
水力发电,泄水建筑物
水力发电,设计流量
水力发电,校核流量
水力发电,泄洪量
水力发电,坝身泄水孔
水力发电,放空底孔
水力发电,排沙底孔
水力发电,通气孔
水力发电,溢流前缘
水力发电,溢流面
水力发电,WES
水力发电,克-奥型剖面堰
水力发电,厂房顶溢流
水力发电,二道坝
水力发电,分水墙
水力发电,收缩段
水力发电,扩散段
水力发电,渐变段
水力发电,反弧段
水力发电,折冲水流
水力发电,下游消能
水力发电,消能工
水力发电,底流式消能
水力发电,面流式消能
水力发电,挑流式消能
水力发电,混合式消能
水力发电,窄缝式挑流消能
水力发电,消力池
水力发电,辅助消能工
水力发电,水垫塘消能
水力发电,空中对撞消能
水力发电,宽尾墩联合消能工
水力发电,洞内孔板消能
水力发电,尾槛
水力发电,护坦
水力发电,逆坡式斜护坦
水力发电,顺坡式斜护坦
水力发电,护坦锚筋
水力发电,护坦排水孔
水力发电,海漫
水力发电,防冲槽
水力发电,挑流鼻坎
水力发电,差动式鼻坎
水力发电,连续式鼻坎
水力发电,扩散角
水力发电,挑射角
水力发电,挑距
水力发电,冲刷坑
水力发电,平台扩散水跃消能
水力发电,喷射扩散消能
水力发电,压力式扩散消能
水力发电,人工加糙
水力发电,掺气减蚀
水力发电,泄水道首部
水力发电,塔式首部
水力发电,竖井式首部
水力发电,斜坡式首部
水力发电,岸塔式首部
水力发电,平压管
水力发电,拦污栅
水力发电,溢洪道
水力发电,开敞式河岸溢洪道
水力发电,侧槽式河岸溢洪道
水力发电,竖井式溢洪道
水力发电,虹吸式溢洪道
水力发电,非常溢洪道
水力发电,滑雪式溢洪道
水力发电,溢洪道控制堰
水力发电,输水建筑物
水力发电,引水建筑物
水力发电,无坝引水口
水力发电,有坝引水口
水力发电,水工隧洞
水力发电,有压隧洞
水力发电,无压隧洞
水力发电,圆形隧洞
水力发电,城门洞式隧洞
水力发电,马蹄形隧洞
水力发电,内水压力
水力发电,外水压力
水力发电,喷锚支护
水力发电,衬砌
水力发电,隧洞衬砌
水力发电,预应力衬砌
水力发电,锚固自衬
水力发电,上埋式管道
水力发电,沟埋式管道
水力发电,钢管廊道
水力发电,截流环
水力发电,渠首工程
水力发电,沉沙槽式渠首
水力发电,引水渠式渠首
水力发电,人工弯道式渠首
水力发电,冲沙廊道式渠首
水力发电,两岸引水式渠首
水力发电,底拦栅式渠首
水力发电,冲沙廊道
水力发电,拦沙坝
水力发电,落差建筑物
水力发电,跌水
水力发电,倒虹吸
水力发电,涵洞
水力发电,有压式涵洞
水力发电,无压式涵洞
水力发电,管形涵洞
水力发电,箱形涵洞
水力发电,盖板式涵洞
水力发电,拱形涵洞
水力发电,水工建筑物地基处理
水力发电,锚索
水力发电,预应力锚固
水力发电,渡槽
水力发电,梁式渡槽
水力发电,拱式渡槽
水力发电,交叉工程
水力发电,导流屏
水力发电,导流建筑物
水力发电,栈桥式透水坝
水力发电,三角架透水坝
水力发电,透水淤沙浮坝
水力发电,抛石护坡
水力发电,砌石护坡
水力发电,柳栅护坡
水力发电,杩槎
水力发电,水工建筑物除险加固
水力发电,大坝加高
水力发电,裂缝处理
水力发电,防渗体缺陷处理
水力发电,水工建筑物安全监控
水力发电,水工建筑物安全监测
水力发电,大坝安全监控
水力发电,大坝安全监控模型
水力发电,大坝安全统计模型
水力发电,大坝安全确定性模型
水力发电,大坝安全混合模型
水力发电,监控指标
水力发电,变形监测
水力发电,外部观测
水力发电,内部观测
水力发电,渗流监测
水力发电,渗透压力监测
水力发电,渗流量监测
水力发电,透明度监测
水力发电,量水堰
水力发电,视准线法
水力发电,引张线法
水力发电,激光准直法
水力发电,坝面标石
水力发电,沉降观测
水力发电,挠度观测
水力发电,正锤
水力发电,倒锤
水力发电,裂缝监测
水力发电,倾斜仪
水力发电,水管倾斜仪
水力发电,测斜仪
水力发电,应力计
水力发电,温度监测
水力发电,渗压计
水力发电,钢筋计
水力发电,压力计
水力发电,无应力计
水力发电,漫顶事故
水力发电,漏洞事故
水力发电,水力劈裂
水力发电,水工模型试验
水力发电,相似律
水力发电,地质力学模型试验
水力发电,因次分析
水力发电,π定理
水力发电,比尺效应
水力发电,奥洛维尔土坝
水力发电,阿斯旺土坝
水力发电,努列克土坝
水力发电,大狄克桑斯重力坝
水力发电,布拉茨克宽缝重力坝
水力发电,胡佛坝
水力发电,英古里拱坝
水力发电,萨扬舒申斯克拱坝
水力发电,旦尼尔约翰逊连拱坝
水力发电,姆拉丁尼拱坝
水力发电,佛子岭连拱坝
水力发电,欧文瀑布水库
水力发电,官厅水库
水力发电,三门峡水库
水力发电,丰满水电站
水力发电,新安江水电站
水力发电,乌江渡水电站
水力发电,碧口水电站
水力发电,龙羊峡水电站
水力发电,丹江口水利枢纽
水力发电,葛洲坝水利枢纽
水力发电,三峡水利枢纽
水力发电,锦屏拱坝
水力发电,小湾拱坝
水力发电,小浪底水利枢纽
水力发电,水布垭混凝土面板堆石坝
水力发电,向家坝水利枢纽
水力发电,旁多水利枢纽
水力发电,隔河岩水利枢纽
水力发电,糯扎渡心墙堆石坝
水力发电,龙滩碾压混凝土重力坝
水力发电,天荒坪抽水蓄能电站
水力发电,沙牌碾压混凝土拱坝
水力发电,大伙房水库输水工程
水力发电,淮安枢纽
水力发电,临淮岗防洪枢纽
水力发电,曹娥江大闸
水力发电,南水北调工程
水力发电,招标
水力发电,投标
水力发电,施工组织设计
水力发电,施工进度计划
水力发电,有效施工天数
水力发电,设计概算
水力发电,施工图预算
水力发电,施工预算
水力发电,工程竣工决算
水力发电,直接费
水力发电,间接费
水力发电,预备费
水力发电,成本管理
水力发电,定额管理
水力发电,劳动定额
水力发电,机械定额
水力发电,材料定额
水力发电,概算定额
水力发电,预算定额
水力发电,施工定额
水力发电,技术管理
水力发电,施工调度
水力发电,质量管理
水力发电,工资管理
水力发电,劳动保护
水力发电,材料储备期
水力发电,设备管理
水力发电,设备完好率
水力发电,设备利用率
水力发电,设备折旧率
水力发电,机械台班费
水力发电,施工运输
水力发电,自卸汽车
水力发电,挂车
水力发电,卷扬道
水力发电,索道运输
水力发电,连续运输
水力发电,带式运输机
水力发电,螺旋运输机
水力发电,千斤顶
水力发电,绞车
水力发电,起重桅杆
水力发电,井式升降机
水力发电,起重机
水力发电,桅杆式起重机
水力发电,自行式起重机
水力发电,塔式起重机
水力发电,门座起重机
水力发电,双悬臂起重机
水力发电,缆索起重机
水力发电,龙门起重机
水力发电,塔带机
水力发电,胎带机
水力发电,索铲
水力发电,采砂船
水力发电,铲运机
水力发电,推土机
水力发电,装载机
水力发电,土石方压实机械
水力发电,平碾
水力发电,羊足碾
水力发电,气胎碾
水力发电,振动碾
水力发电,夯土机
水力发电,蛙式打夯机
水力发电,边墙挤压机
水力发电,土石方开挖工程
水力发电,土石方调配
水力发电,掌子布置
水力发电,切土理论
水力发电,难方开挖
水力发电,土石方填筑工程
水力发电,土方压实
水力发电,土石方压实标准
水力发电,压实参数
水力发电,压实试验
水力发电,堆石薄层碾压法
水力发电,水枪
水力发电,泥浆泵
水力发电,水力冲填
水力发电,进占法
水力发电,后退法
水力发电,土砂松坡接触平起法
水力发电,留台法
水力发电,削坡法
水力发电,斜坡碾压
水力发电,挤压式边墙施工法
水力发电,爆破
水力发电,爆破机理
水力发电,爆破作用圈
水力发电,爆破漏斗
水力发电,最小抵抗线
水力发电,自由面
水力发电,爆破作用指数
水力发电,松动爆破
水力发电,抛掷爆破
水力发电,炸药
水力发电,单位耗药量
水力发电,炸药威力
水力发电,炸药敏感度
水力发电,炸药氧平衡
水力发电,炸药殉爆距离
水力发电,炸药安定性
水力发电,装药最佳密度
水力发电,不耦合装药
水力发电,导火索
水力发电,导爆索
水力发电,导爆管
水力发电,雷管
水力发电,火花起爆
水力发电,电力起爆
水力发电,导爆管起爆
水力发电,导爆索起爆
水力发电,起爆网络
水力发电,浅孔爆破法
水力发电,深孔爆破法
水力发电,硐室爆破法
水力发电,裸露爆破法
水力发电,控制爆破
水力发电,定向爆破
水力发电,光面爆破
水力发电,预裂爆破
水力发电,缓冲孔爆破
水力发电,微差爆破
水力发电,岩塞爆破
水力发电,水下爆破
水力发电,静态爆破
水力发电,瞎炮
水力发电,爆破安全距离
水力发电,爆破公害
水力发电,固定式模板
水力发电,拆移式模板
水力发电,标准模板
水力发电,移动式模板
水力发电,滑升模板
水力发电,真空模板
水力发电,脱模隔离剂
水力发电,模板周转率
水力发电,钢筋加工
水力发电,钢筋代换
水力发电,套筒连接
水力发电,锥螺纹连接
水力发电,等强直螺纹连接
水力发电,骨料料场
水力发电,颚式碎石机
水力发电,锥式碎石机
水力发电,反击式碎石机
水力发电,棒磨机
水力发电,振动筛
水力发电,圆筒筛
水力发电,螺旋洗砂机
水力发电,水力分砂器
水力发电,堆取料机
水力发电,混凝土拌和机
水力发电,混凝土拌和楼
水力发电,混凝土搅拌运输车
水力发电,混凝土运输
水力发电,混凝土泵
水力发电,混凝土吊罐
水力发电,混凝土溜槽
水力发电,混凝土溜管
水力发电,混凝土浇筑
水力发电,冷缝
水力发电,冲毛枪
水力发电,仓面喷雾机
水力发电,混凝土真空吸水养护
水力发电,混凝土振捣器
水力发电,混凝土养护
水力发电,混凝土低温季节施工
水力发电,成熟度
水力发电,蒸汽养护
水力发电,电热养护
水力发电,暖棚养护
水力发电,混凝土真空作业
水力发电,混凝土水下浇筑法
水力发电,混凝土分部浇筑
水力发电,混凝土温度裂缝
水力发电,混凝土温度控制
水力发电,施工缝
水力发电,骨料预冷
水力发电,水管冷却
水力发电,分缝分块浇筑法
水力发电,通仓浇筑法
水力发电,凿毛
水力发电,冲毛
水力发电,VC值
水力发电,变态混凝土
水力发电,通仓薄层浇筑
水力发电,层面处理
水力发电,混凝土切缝机
水力发电,微膨胀混凝土
水力发电,钢纤维混凝土
水力发电,模袋混凝土
水力发电,地下建筑物施工
水力发电,硐室开挖
水力发电,钻孔爆破开挖法
水力发电,钻孔机具
水力发电,凿岩机
水力发电,潜孔钻
水力发电,全断面隧道掘进机
水力发电,盾构开挖法
水力发电,盾构掘进机
水力发电,顶管法
水力发电,隧洞沉埋法
水力发电,施工支洞
水力发电,全断面开挖法
水力发电,台阶开挖法
水力发电,导洞开挖法
水力发电,竖井导井开挖法
水力发电,钻孔台车
水力发电,掏槽孔
水力发电,崩落孔
水力发电,周边孔
水力发电,隧洞坍方
水力发电,炮眼利用率
水力发电,硐室支护
水力发电,漏斗棚架
水力发电,小型装岩机
水力发电,大型装岩机
水力发电,硐室照明
水力发电,硐室通风
水力发电,喷射混凝土衬砌
水力发电,钢模台车
水力发电,新奥法
水力发电,柔性支护
水力发电,支护时机
水力发电,封拱
水力发电,地下连续墙施工法
水力发电,钻劈法
水力发电,钻抓法
水力发电,铣削法
水力发电,挖槽机
水力发电,冲击式钻机
水力发电,冲抓锥
水力发电,冲击式挖槽机
水力发电,抓斗式挖槽机
水力发电,回转式钻机
水力发电,液压铣槽机
水力发电,泥浆固壁
水力发电,稳定液
水力发电,塑性混凝土
水力发电,自凝灰浆
水力发电,槽孔
水力发电,单元槽段
水力发电,分层开挖
水力发电,灌浆
水力发电,固结灌浆
水力发电,帷幕灌浆
水力发电,砂砾地基灌浆
水力发电,接触灌浆
水力发电,回填灌浆
水力发电,纵缝灌浆
水力发电,化学灌浆
水力发电,灌浆设备
水力发电,全孔一次灌浆法
水力发电,全孔分段灌浆法
水力发电,纯压灌浆法
水力发电,循环灌浆法
水力发电,循环钻灌法
水力发电,打管灌浆法
水力发电,套管灌浆法
水力发电,GIN灌浆法
水力发电,孔口封闭灌浆法
水力发电,灌浆浆液浓度
水力发电,灌浆试验
水力发电,灌浆压力
水力发电,可灌比
水力发电,预埋花管法
水力发电,锤击法沉桩
水力发电,振动法沉桩
水力发电,射水法沉桩
水力发电,压桩法沉桩
水力发电,打桩机
水力发电,打桩船
水力发电,打桩锤
水力发电,替打
水力发电,打桩应力
水力发电,打桩控制
水力发电,钻孔埋桩法
水力发电,置换法
水力发电,排水固结法
水力发电,砂井排水法
水力发电,石灰桩法
水力发电,水泥粉煤灰碎石桩
水力发电,固化法
水力发电,水下施工
水力发电,挖泥船
水力发电,吸扬式挖泥船
水力发电,绞吸式挖泥船
水力发电,耙吸式挖泥船
水力发电,抓斗式挖泥船
水力发电,铲斗式挖泥船
水力发电,链斗式挖泥船
水力发电,挖泥船纵挖法
水力发电,挖泥船横挖法
水力发电,疏浚回淤率
水力发电,吹填
水力发电,吹填土
水力发电,泥场
水力发电,基床抛石
水力发电,抛石船
水力发电,基床平整
水力发电,基床水下夯实
水力发电,潜水作业
水力发电,潜水用具
水力发电,沉箱法施工
水力发电,水下管道敷设
水力发电,水下切割
水力发电,海上作业平台
水力发电,排桩
水力发电,土钉墙
水力发电,土层锚杆
水力发电,内支撑体系
水力发电,强夯法
水力发电,振冲法
水力发电,深层搅拌法
水力发电,高压喷射灌浆法
水力发电,垂直铺塑法
水力发电,围堰
水力发电,导流方式
水力发电,明渠导流
水力发电,隧洞导流
水力发电,底孔导流
水力发电,涵管导流
水力发电,渡槽导流
水力发电,导流标准
水力发电,导流设计流量
水力发电,导流方案
水力发电,施工拦洪水位
水力发电,封孔蓄水
水力发电,施工通航
水力发电,截流
水力发电,截流设计流量
水力发电,进占
水力发电,平堵
水力发电,立堵
水力发电,截流戗堤
水力发电,单戗堤截流
水力发电,多戗堤截流
水力发电,宽戗堤截流
水力发电,抛投物料
水力发电,护底
水力发电,裹头
水力发电,龙口落差
水力发电,人工降低地下水位
水力发电,井点排水
水力发电,电渗排水
水力发电,管井排水
水力发电,系统工程
水力发电,模拟技术
水力发电,系统分析
水力发电,成本效益分析
水力发电,投资效果分析
水力发电,运筹学
水力发电,数学规划
水力发电,施工动态仿真
水力发电,监控与预测信息
水力发电,施工实时控制
水力发电,仿真建模
水力发电,数字大坝
水力发电,信息集成
水力发电,网络计划
水力发电,资源均衡
海洋水文学与海岸动力学,海岸动力学
海洋水文学与海岸动力学,海洋水文学
海洋水文学与海岸动力学,水色
海洋水文学与海岸动力学,波浪
海洋水文学与海岸动力学,波浪要素
海洋水文学与海岸动力学,波峰
海洋水文学与海岸动力学,波谷
海洋水文学与海岸动力学,波高
海洋水文学与海岸动力学,波长
海洋水文学与海岸动力学,波周期
海洋水文学与海岸动力学,波陡
海洋水文学与海岸动力学,海况
海洋水文学与海岸动力学,波级
海洋水文学与海岸动力学,风浪
海洋水文学与海岸动力学,涌浪
海洋水文学与海岸动力学,混合浪
海洋水文学与海岸动力学,海啸
海洋水文学与海岸动力学,深水波
海洋水文学与海岸动力学,浅水波
海洋水文学与海岸动力学,规则波
海洋水文学与海岸动力学,不规则波
海洋水文学与海岸动力学,拍岸浪
海洋水文学与海岸动力学,内波
海洋水文学与海岸动力学,前进波
海洋水文学与海岸动力学,驻波
海洋水文学与海岸动力学,强制波
海洋水文学与海岸动力学,自由波
海洋水文学与海岸动力学,孤立波
海洋水文学与海岸动力学,船行波
海洋水文学与海岸动力学,三维波
海洋水文学与海岸动力学,线性波
海洋水文学与海岸动力学,非线性波
海洋水文学与海岸动力学,破碎波
海洋水文学与海岸动力学,波浪反射
海洋水文学与海岸动力学,波浪折射
海洋水文学与海岸动力学,波浪绕射
海洋水文学与海岸动力学,波浪变形
海洋水文学与海岸动力学,波浪爬高
海洋水文学与海岸动力学,波浪力
海洋水文学与海岸动力学,波能
海洋水文学与海岸动力学,波浪谱
海洋水文学与海岸动力学,波浪玫瑰图
海洋水文学与海岸动力学,部分大波
海洋水文学与海岸动力学,有效波
海洋水文学与海岸动力学,累积频率波高
海洋水文学与海岸动力学,风区
海洋水文学与海岸动力学,波群
海洋水文学与海岸动力学,台风浪
海洋水文学与海岸动力学,波流相互作用
海洋水文学与海岸动力学,潮汐
海洋水文学与海岸动力学,天文潮
海洋水文学与海岸动力学,气象潮
海洋水文学与海岸动力学,涨潮
海洋水文学与海岸动力学,落潮
海洋水文学与海岸动力学,高潮
海洋水文学与海岸动力学,低潮
海洋水文学与海岸动力学,潮差
海洋水文学与海岸动力学,潮型
海洋水文学与海岸动力学,半日潮
海洋水文学与海岸动力学,全日潮
海洋水文学与海岸动力学,混合潮
海洋水文学与海岸动力学,大潮
海洋水文学与海岸动力学,小潮
海洋水文学与海岸动力学,寻常潮
海洋水文学与海岸动力学,风暴潮
海洋水文学与海岸动力学,涌潮
海洋水文学与海岸动力学,增水
海洋水文学与海岸动力学,减水
海洋水文学与海岸动力学,引潮力
海洋水文学与海岸动力学,潮汐间隙
海洋水文学与海岸动力学,潮龄
海洋水文学与海岸动力学,潮汐不等
海洋水文学与海岸动力学,潮波变形
海洋水文学与海岸动力学,静振
海洋水文学与海岸动力学,验潮站
海洋水文学与海岸动力学,潮位
海洋水文学与海岸动力学,潮汐调和分析
海洋水文学与海岸动力学,潮汐调和常数
海洋水文学与海岸动力学,潮汐预报
海洋水文学与海岸动力学,潮汐表
海洋水文学与海岸动力学,同潮时线
海洋水文学与海岸动力学,等潮差线
海洋水文学与海岸动力学,无潮点
海洋水文学与海岸动力学,潮区界
海洋水文学与海岸动力学,潮流界
海洋水文学与海岸动力学,纳潮量
海洋水文学与海岸动力学,设计潮位
海洋水文学与海岸动力学,乘潮水位
海洋水文学与海岸动力学,潮升
海洋水文学与海岸动力学,平均海面
海洋水文学与海岸动力学,理论最低潮面
海洋水文学与海岸动力学,平均大潮高潮面
海洋水文学与海岸动力学,平均大潮低潮面
海洋水文学与海岸动力学,1985国家高程基准
海洋水文学与海岸动力学,1956黄海高程系统
海洋水文学与海岸动力学,大沽零点
海洋水文学与海岸动力学,废黄河零点
海洋水文学与海岸动力学,吴淞零点
海洋水文学与海岸动力学,珠江基面
海洋水文学与海岸动力学,罗星塔基准点
海洋水文学与海岸动力学,坎门零点
海洋水文学与海岸动力学,海平面上升
海洋水文学与海岸动力学,潮流
海洋水文学与海岸动力学,潮流椭圆
海洋水文学与海岸动力学,旋转流
海洋水文学与海岸动力学,往复流
海洋水文学与海岸动力学,涨潮流
海洋水文学与海岸动力学,落潮流
海洋水文学与海岸动力学,憩流
海洋水文学与海岸动力学,潮量
海洋水文学与海岸动力学,海流
海洋水文学与海岸动力学,余流
海洋水文学与海岸动力学,风海流
海洋水文学与海岸动力学,梯度流
海洋水文学与海岸动力学,坡度流
海洋水文学与海岸动力学,上升流
海洋水文学与海岸动力学,下降流
海洋水文学与海岸动力学,沿岸流
海洋水文学与海岸动力学,波生流
海洋水文学与海岸动力学,优势流
海洋水文学与海岸动力学,暖流
海洋水文学与海岸动力学,黑潮
海洋水文学与海岸动力学,寒流
海洋水文学与海岸动力学,千岛寒流
海洋水文学与海岸动力学,大洋环流
海洋水文学与海岸动力学,厄尔尼诺现象
海洋水文学与海岸动力学,拉尼娜现象
海洋水文学与海岸动力学,净流程
海洋水文学与海岸动力学,滞流点
海洋水文学与海岸动力学,海水盐度
海洋水文学与海岸动力学,海岸线
海洋水文学与海岸动力学,海岸带
海洋水文学与海岸动力学,潮间带
海洋水文学与海岸动力学,海滩
海洋水文学与海岸动力学,大陆架
海洋水文学与海岸动力学,海湾
海洋水文学与海岸动力学,拦门沙
海洋水文学与海岸动力学,漂沙
海洋水文学与海岸动力学,浮泥
海洋水文学与海岸动力学,絮凝
海洋水文学与海岸动力学,回淤率
海洋水文学与海岸动力学,沿岸输沙
海洋水文学与海岸动力学,骤淤
海洋水文学与海岸动力学,冰凌
海洋水文学与海岸动力学,冰期
港口,港
港口,港口
港口,港口工程
港口,港界
港口,港区
港口,港口总平面
港口,港口陆域
港口,港口陆域纵深
港口,码头前沿作业地带
港口,港口作业区
港口,港内泊稳条件
港口,港口水域
港口,进港航道
港口,港口口门
港口,回旋水域
港口,锚地
港口,港口水深
港口,港池
港口,码头
港口,码头前沿线
港口,泊位
港口,泊位能力
港口,泊位利用率
港口,驳岸
港口,货种
港口,件货
港口,散货
港口,液体货物
港口,集装箱
港口,集装箱码头
港口,综合性码头
港口,专业性码头
港口,滚装船码头
港口,多用途码头
港口,货主码头
港口,石油码头
港口,单点系泊
港口,多点系泊
港口,驳船
港口,港作船舶
港口,趸船
港口,设计船型
港口,船舶实载率
港口,登记吨
港口,排水量吨位
港口,船舶总载重量
港口,船舶净载重量
港口,船型尺度
港口,船舶总尺度
港口,船舶方形系数
港口,港口吞吐量
港口,吞吐量不平衡系数
港口,港口通过能力
港口,港口集疏运
港口,通航密度
港口,疏运能力
港口,港口腹地
港口,港口年营运天数
港口,港口装卸工艺
港口,港口仓库
港口,前方仓库
港口,后方仓库
港口,港区堆场
港口,库场能力
港口,单位面积货物堆存量
港口,货物平均堆存期
港口,入库系数
港口,货运不平衡系数
港口,斜坡式码头
港口,直立式码头
港口,半直立式码头
港口,半斜坡式码头
港口,双级式码头
港口,多级式码头
港口,顺岸码头
港口,突堤式码头
港口,整片式码头
港口,引桥式码头
港口,墩式码头
港口,岛式码头
港口,栈桥式码头
港口,栈桥
港口,透空式码头
港口,重力式码头
港口,阶梯形断面方块码头
港口,衡重式断面方块码头
港口,卸荷板式方块码头
港口,卸荷板
港口,整体砌筑码头
港口,沉箱码头
港口,扶壁码头
港口,板桩码头
港口,格形板桩码头
港口,锚碇墙码头
港口,高桩码头
港口,承台式高桩码头
港口,前板桩式高桩码头
港口,后板桩式高桩码头
港口,全直桩码头
港口,装配式框架梁板码头
港口,浮码头
港口,趸船码头
港口,码头结构
港口,横向排架
港口,码头胸墙
港口,码头基床
港口,码头回填
港口,减压棱体
港口,码头端部翼墙
港口,斜拉桩板桩结构
港口,主桩板桩结构
港口,主桩套板结构
港口,桩基承台
港口,刚性桩台
港口,非刚性桩台
港口,柔性桩台
港口,簇桩
港口,码头设备
港口,系船浮筒
港口,系船柱
港口,系船环
港口,防撞设备
港口,护舷
港口,靠船桩
港口,系网环
港口,防波堤
港口,突堤
港口,岛堤
港口,潜堤
港口,堤头
港口,斜坡式防波堤
港口,直墙式防波堤
港口,混成式防波堤
港口,透空式防波堤
港口,浮式防波堤
港口,活动式防波堤
港口,喷气消波设备
港口,喷水消波设备
港口,透孔式沉箱防波堤
港口,削角式防波堤
港口,密集桩防波堤
港口,双排板桩堤
港口,格形板桩堤
港口,堆石防波堤
港口,砌石堤
港口,异形块体
港口,四脚锥体
港口,四脚空心方块
港口,扭工字块体
港口,平底四脚锥体
港口,三柱体
港口,铁砧体
港口,凹槽方块
港口,船厂水工建筑物
港口,船台
港口,滑道
港口,木滑道
港口,涂油滑道
港口,龙骨墩
港口,机械化滑道
港口,纵向滑道
港口,横向滑道
港口,摇架式滑道
港口,自摇式滑道
港口,平板车纵向滑道
港口,斜架车纵向滑道
港口,高低轨滑道
港口,梳式滑道
港口,气囊下水
港口,船坞
港口,双坞室式船坞
港口,灌水船坞
港口,浮船坞
港口,分段式浮坞
港口,母子浮坞
港口,坞室
港口,坞首
港口,坞门
港口,浮坞门
港口,船坞灌水系统
港口,船坞排水系统
港口,船坞泵站
港口,船坞疏水系统
港口,修船码头
港口,舾装码头
港口,试车码头
港口,模型试验港池
港口,宁波-舟山港
港口,上海港
港口,天津港
港口,广州港
港口,南京港
港口,深圳港
港口,连云港港
港口,武汉港
港口,港口淤积
港口,港口导航
港口,防波堤口门
航道,河流流态
航道,回流
航道,泡水
航道,漩水
航道,横流
航道,滑梁水
航道,扫弯水
航道,剪刀水
航道,过渡段浅滩
航道,边滩
航道,深槽
航道,浅滩
航道,正常浅滩
航道,交错浅滩
航道,尖潭
航道,沱口
航道,沙嘴
航道,复式浅滩
航道,散乱浅滩
航道,急流滩
航道,险滩
航道,石滩
航道,沙卵石滩
航道,溪口滩
航道,优良河段
航道,航道
航道,航道网
航道,平原航道
航道,山区航道
航道,数字化航道
航道,定线制航道
航道,深水航道
航道,拖带船队
航道,顶推船队
航道,分节驳船队
航道,航道等级
航道,航道尺度
航道,通航净空尺度
航道,航道水深
航道,航道宽度
航道,航道弯曲半径
航道,航道断面系数
航道,通航期
航道,通航保证率
航道,通航设计水位
航道,最高通航水位
航道,最低通航水位
航道,航行下沉值
航道,河流渠化
航道,连续渠化
航道,局部渠化
航道,运河
航道,内陆运河
航道,海运河
航道,设闸运河
航道,开敞运河
航道,苏伊士运河
航道,巴拿马运河
航道,运河供水
航道,航道整治
航道,炸礁工程
航道,水下钻孔爆破
航道,水下排淤爆破
航道,水下挤淤爆破
航道,绞滩
航道,扫床
航道,清槽
航道,整治线
航道,整治线宽度
航道,整治水位
航道,整治流量
航道,水深改正系数
航道,疏浚
航道,基建性疏浚
航道,维修性疏浚
航道,挖槽
航道,抛泥区
航道,疏浚土
航道,疏浚量
航道,上方
航道,下方
航道,吹填造地
航道,吹填筑坝
航道,裁弯取直
航道,裁弯引河
航道,整治建筑物
航道,实体坝
航道,透水坝
航道,丁坝
航道,顺坝
航道,沙袋填心坝
航道,锁坝
航道,潜坝
航道,鱼嘴
航道,鱼骨坝
航道,丁坝间距
航道,坝头冲刷坑
航道,上挑丁坝
航道,下挑丁坝
航道,正挑丁坝
航道,削坡
航道,排水盲沟
航道,护脚
航道,镇脚棱体
航道,枯水平台
航道,软体排
航道,勾头丁坝
航道,航标
航道,内河航标
航道,过河标
航道,沿岸标
航道,导标
航道,过渡导标
航道,首尾导标
航道,侧面标
航道,左右通航标
航道,示位标
航道,泛滥标
航道,桥涵标
航道,信号标志
航道,通行信号标
航道,水深信号标
航道,专用标志
航道,内河航标配布
航道,浮标
航道,灯塔
航道,灯船
航道,灯桩
航道,航道标牌
航道,航道维护
航道,航道管理
航道,航道服务区
航道,船闸运行管理
航道,过船建筑物
航道,船闸
航道,海船闸
航道,内河船闸
航道,多级船闸
航道,多线船闸
航道,广室船闸
航道,省水船闸
航道,井式船闸
航道,船闸有效尺度
航道,门槛水深
航道,船闸闸室
航道,闸墙
航道,闸底
航道,闸首
航道,导航墙
航道,隔流堤
航道,引航道
航道,外停泊区
航道,前港
航道,靠船墩
航道,浮式系船环
航道,浮式系船柱
航道,过闸方式
航道,船闸通过能力
航道,过闸耗水量
航道,船闸渗流
航道,过闸时间
航道,输水时间
航道,输水系统
航道,分散输水系统
航道,集中输水系统
航道,长廊道输水系统
航道,短廊道输水系统
航道,等惯性输水系统
航道,闸门输水系统
航道,槛下输水系统
航道,船闸输水水力计算
航道,船舶停泊条件
航道,缆绳拉力
航道,船闸输水阀门空化
航道,船闸闸门
航道,平板闸门
航道,人字闸门
航道,横拉闸门
航道,三角闸门
航道,顶枢
航道,底枢
航道,船闸阀门
航道,反向弧形阀门
航道,推拉杆式启闭机
航道,葛洲坝船闸
航道,三峡船闸
航道,升船机
航道,垂直升船机
航道,均衡重式垂直升船机
航道,浮筒式垂直升船机
航道,斜面升船机
航道,水坡式升船机
航道,承船厢
航道,承船车
航道,升船机闸首
航道,通航隧洞
航道,通航渡槽
航道,尼德芬诺升船机
航道,克拉斯诺亚尔斯克升船机
河口,河口
河口,河流近口段
河口,河口段
河口,河口河流段
河口,河口过渡段
河口,河口潮流段
河口,口外海滨
河口,间接河口
河口,潮汐河口
河口,强潮河口
河口,弱潮河口
河口,三角洲河口
河口,三角港河口
河口,河口盐淡水混合
河口,缓混合型河口
河口,强混合型河口
河口,弱混合型河口
河口,河口整治工程
河口,河口航道治理工程
河口,河口防护工程
河口,河口挡潮闸工程
海岸,海岸
海岸,淤泥质海岸
海岸,粉沙质海岸
海岸,沙质海岸
海岸,基岩海岸
海岸,红树林海岸
海岸,珊瑚礁海岸
海岸,海岸防护工程
海岸,海涂围垦工程
海岸,围海工程
海岸,蓄淡工程
海岸,保滩促淤工程
海岸,海岸工程
海岸,海堤
海岸,离岸堤
海岸,连岛堤
海岸,人工岛工程
海岸,人工育滩工程
海岸,沙丘补沙
海岸,滩肩补沙
海岸,剖面补沙
海岸,近岸补沙
海岸,人工岬角
海岸,跨海通道工程
海岸,跨海大桥
海岸,海底隧道
海岸,海岸风能工程
海岸,潮汐能电站工程
海岸,潮流能电站工程
海岸,波浪能电站工程
海岸,浅海采油采矿工程
海岸,浅海海底管线
海岸,滨海电厂工程
海岸,滨海电厂取排水工程
海岸,长江口深水航道治理工程
海岸,长江口青草沙水库
海岸,须德海围海工程
海岸,荷兰三角洲计划
海岸,杭州湾围垦工程
海岸,曹妃甸围海工程
海岸,香港机场填海工程
海岸,迪拜人工岛工程
海岸,杭州湾跨海大桥
海岸,江厦潮汐试验电站
海岸,朗斯潮汐能电站
环境水利,环境水利
环境水利,环境水力学
环境水利,环境水文学
环境水利,水体污染
环境水利,污染源
环境水利,点污染源
环境水利,非点源污染
环境水利,水污染物
环境水利,工业废水
环境水利,生活污水
环境水利,化学性污染
环境水利,物理性污染
环境水利,生物性污染
环境水利,易降解水污染物
环境水利,难降解水污染物
环境水利,水体中可溶性盐类
环境水利,悬浮固体污染物
环境水利,漂浮液体污染物
环境水利,水体放射性污染物
环境水利,污染物扩散
环境水利,水质指标
环境水利,溶解氧
环境水利,生化需氧量
环境水利,化学需氧量
环境水利,总有机碳
环境水利,氨氮
环境水利,总磷
环境水利,总氮
环境水利,电导率
环境水利,水质监测
环境水利,水质监测站网
环境水利,水质监测项目
环境水利,水质监测断面
环境水利,水质采样器
环境水利,采样点
环境水利,采样
环境水利,采样频率
环境水利,水质代表样
环境水利,水质混合样
环境水利,水质调查
环境水利,水质度量单位
环境水利,水质本底值
环境水利,污水排放量
环境水利,污染物降解
环境水利,水体自净
环境水利,底泥沉积物释放
环境水利,湖泊内源污染
环境水利,湖泊外源污染
环境水利,浅水湖泊
环境水利,深水湖泊
环境水利,污染物质复合作用
环境水利,氧亏
环境水利,河流复氧
环境水利,同化能力
环境水利,氧下垂曲线
环境水利,复氧系数
环境水利,耗氧系数
环境水利,热污染
环境水利,富营养化
环境水利,水库分层
环境水利,溶解氧超饱和
环境水利,生境
环境水利,水土交界面
环境水利,吸附
环境水利,解吸
环境水利,水华
环境水利,水质评价
环境水利,水质目标
环境水利,受损水体
环境水利,环境保护目标
环境水利,国控断面
环境水利,现状评价
环境水利,环境敏感目标
环境水利,水污染综合评价
环境水利,环境影响评价
环境水利,水质预测数学模型
环境水利,水环境容量
环境水利,环境承载力
环境水利,湿地环境效应
环境水利,环境累积效应
环境水利,环境友好社会
环境水利,环境可持续发展
环境水利,环境损益分析
环境水利,环境风险分析
环境水利,水环境质量标准
环境水利,水污染物排放标准
环境水利,排污削减量
环境水利,环境规划
环境水利,水功能区划
环境水利,饮用水水源保护区
环境水利,排污许可
环境水利,非点源污染物控制
环境水利,环境修复
环境水利,人工复氧
环境水利,水库冷害
环境水利,污染物总量控制
环境水利,水污染综合防治
环境水利,清洁生产
环境水利,生态环境调水
环境水利,引江济太
环境水利,流域水环境规划
生态水利,生态学
生态水利,种群
生态水利,生物群落
生态水利,群落演替
生态水利,生态系统
生态水利,生产者
生态水利,消费者
生态水利,分解者
生态水利,物质循环
生态水利,能量流动
生态水利,信息传递
生态水利,反馈调节
生态水利,生态系统类型
生态水利,生态系统服务功能
生态水利,生物多样性
生态水利,生态系统完整性
生态水利,生态系统稳定性
生态水利,生态平衡
生态水利,生态系统受损
生态水利,水生态系统
生态水利,浮游动物
生态水利,浮游植物
生态水利,挺水植物
生态水利,沉水植物
生态水利,底栖动物
生态水利,无脊椎动物
生态水利,胁迫效应
生态水利,环境要素
生态水利,河流缓冲带
生态水利,河岸带
生态水利,生态廊道
生态水利,河流连续体
生态水利,景观多样性
生态水利,生境破碎化
生态水利,空间异质性
生态水利,野生动物丰富度
生态水利,野生维管束植物丰富度
生态水利,外来物种入侵度
生态水利,生态水利
生态水利,生态水利工程学
生态水利,水利工程生态效应
生态水利,生态疏浚
生态水利,生态护坡
生态水利,生态工法
生态水利,土壤生物工程
生态水利,植被恢复技术
生态水利,前置库
生态水利,鱼礁
生态水利,白洋淀流域生态补水工程
生态水利,南四湖生态补水工程
生态水利,湿地生态恢复工程
生态水利,小流域综合治理
生态水利,生态承载力
生态水利,生态系统健康
生态水利,生态功能区划
生态水利,河流生态修复规划
生态水利,重要生态功能区
生态水利,生态脆弱区
生态水利,生态建设
生态水利,生态足迹
生态水利,生态红线
生态水利,湖泛
生态水利,生态需水量
生态水利,水功能区水质目标
生态水利,河流生态修复
生态水利,生态调度
生态水利,人工湿地
生态水利,污水土地处理系统
生态水利,生态影响
生态水利,生态影响评价
生态水利,水体生产力
生态水利,生态监测
生态水利,生态健康
生态水利,环境健康风险评价
生态水利,透明度
生态水利,叶绿素a
生态水利,微囊藻毒素
生态水利,水生态文明
水利经济,商品水
水利经济,水利经济
水利经济,水利工程经济
水利经济,水市场
水利经济,水资源价值
水利经济,水资源费
水利经济,水资源有偿使用制度
水利经济,排污权
水利经济,水权交易
水利经济,排污权交易
水利经济,水污染补偿
水利经济,水生态补偿
水利经济,水利多种经营
水利经济,水费
水利经济,水利工程投资
水利经济,综合利用水利工程费用分摊
水利经济,水电站单位千瓦投资
水利经济,水电站单位电能投资
水利经济,水电站发电成本
水利经济,水电站增加千瓦投资
水利经济,水利工程运行成本费用
水利经济,水利工程年运行维护成本
水利经济,综合利用水利工程投资分摊
水利经济,贷款利率
水利经济,折旧费
水利经济,折旧率
水利经济,水利工程经济效益
水利经济,防洪效益
水利经济,洪灾损失
水利经济,治涝效益
水利经济,灌溉效益
水利经济,节水灌溉效益
水利经济,水力发电效益
水利经济,梯级水电站联合调度效益
水利经济,城镇供水效益
水利经济,城镇供水缺水损失
水利经济,灌溉效益分摊系数
水利经济,水运效益
水利经济,水土保持效益
水利经济,水利旅游效益
水利经济,水产养殖效益
水利经济,水利工程生态效益
水利经济,水利工程环境效益
水利经济,水利工程社会效益
水利经济,流域生态系统服务价值
水利经济,水利工程直接经济效益
水利经济,水利工程间接经济效益
水利经济,防洪保护费
水利经济,洪水保险
水利经济,标杆电价
水利经济,水价
水利经济,水价模式
水利经济,完全水价
水利经济,两部制水价
水利经济,基本水价
水利经济,计量水价
水利经济,超额用水累进加价
水利经济,工业水价
水利经济,农业水价
水利经济,生活用水水价
水利经济,环境水价
水利经济,水利工程供水成本
水利经济,水利建设项目经济评价
水利经济,技术经济比较
水利经济,水利工程替代方案
水利经济,使用年限
水利经济,经济寿命
水利经济,经济分析期限
水利经济,水利工程技术经济指标
水利经济,净现值
水利经济,益本比
水利经济,内部报酬率
水利经济,投资回收期
水利经济,经济折现率
水利经济,财务基准收益率
水利经济,开发性移民
水利经济,水库移民安置规划
水利经济,水库移民环境容量
水利经济,水库淹没损失补偿
水利管理,水法律
水利管理,国际水法
水利管理,水法规
水利管理,水行政立法
水利管理,水行政执法
水利管理,水行政司法
水利管理,水政策
水利管理,水利产业政策
水利管理,水价改革
水利管理,水价管理办法
水利管理,水权
水利管理,初始水权
水利管理,二级水权
水利管理,河岸权
水利管理,水权制度
水利管理,取水许可制度
水利管理,水事关系
水利管理,水事纠纷
水利管理,水行政管理
水利管理,水行业管理
水利管理,水资源权属管理
水利管理,水资源开发利用管理
水利管理,水管理体系
水利管理,水管理制度
水利管理,水行政主管部门
水利管理,流域管理
水利管理,流域管理机构
水利管理,水区域管理
水利管理,水利产业管理
水利管理,水资源一体化管理
水利管理,流域综合管理
水利管理,数字流域管理
水利管理,水利信息化管理
水利管理,水利工程管理
水利管理,水利公安
水利管理,水利产业
水利管理,非经营性水利项目
水利管理,经营性水利项目
水利管理,综合利用水利项目
水利管理,水利特许经营项目
水利管理,建管合一
水利管理,管养分离
水利管理,水利项目法人责任制
水利管理,水利水电工程合同管理
水利管理,水利工程总承包
水利管理,平行分包
水利管理,水利水电工程移民监理
水利管理,水利水电工程移民监督评估
水利管理,水利调度管理
水利管理,大坝安全管理
水利管理,大坝安全鉴定
水利管理,堤防管理
水利管理,河道管理
水利管理,湿地管理
水利管理,海涂管理
水利管理,分滞洪区管理
水利管理,自主管理灌排区
水利管理,农民用水者协会
水利管理,水环境管理
水利管理,水量管理
水利管理,水质管理
水利管理,水污染源管理
水利管理,水政监察
水利管理,最严格水资源管理制度
水利管理,水资源管理“三条红线”
水利管理,饮用水源地管理
水利管理,水功能区分级管理
水利管理,自然保护区管理
水利管理,水利旅游管理
水利管理,水资源供给管理
水利管理,水资源需求管理
水利管理,用水定额管理
水利管理,水平衡测试
水利管理,城乡供水一体化
水利管理,虚拟水战略
水利管理,生态补偿
水利管理,防灾减灾预警系统
水利管理,水资源资产化管理
水利管理,水资源供需平衡
水利管理,跨流域调水管理
水利管理,小型水利工程产权制度改革
水利管理,河长制
水利管理,水利工程管理单位体制改革
水利管理,大中型灌区改造
水利管理,水利工程除险加固
水利管理,水利水电工程移民安置
水利管理,水利风景区建设与管理
水利科技,水利科技
水利科技,水利学科
水利科技,中国水利学会
水利科技,中国水利工程协会
水利科技,中国农业节水和农村供水技术协会
水利科技,中国水力发电工程学会
水利科技,中国航海学会
水利科技,中国海洋工程学会
水利科技,中国水运建设行业协会
水利科技,中国水土保持学会
水利科技,中国环境科学学会
水利科技,中国海洋湖沼学会
水利科技,中国水利经济研究会
水利科技,国际大坝委员会
水利科技,国际灌溉排水委员会
水利科技,国际水文科学协会
水利科技,国际水资源协会
水利科技,国际水利与环境工程学会
水利科技,世界水理事会
水利科技,世界水协会
水利科技,世界气象组织
水利科技,国际航运协会
水利科技,全球水伙伴
水利科技,美国地球物理联合会
水利科技,欧洲地球科学联合会
水利科技,国际水教育学院
水利科技,国际水文计划
水利科技,国家重点实验室
水利科技,水沙科学与水利水电工程国家重点实验室
水利科技,水文水资源与水利工程科学国家重点实验室
水利科技,水资源与水电工程科学国家重点实验室
水利科技,山区河流开发保护国家重点实验室
水利科技,水利工程仿真与安全国家重点实验室
水利科技,流域水循环模拟与调控国家重点实验室
水利科技,海岸和近海工程国家重点实验室
水利科技,河口海岸学国家重点实验室
水利科技,国家工程研究中心
水利科技,水资源高效利用与工程安全国家工程研究中心
水利科技,疏浚技术装备国家工程研究中心
水利科技,国家工程技术研究中心
水利科技,国家大坝安全工程技术研究中心
水利科技,国家工程实验室
水利科技,港口水工建筑技术国家工程实验室
水利科技,中国水利水电科学研究院
水利科技,南京水利科学研究院
水利科技,长江水利科学研究院
水利科技,黄河水利科学研究院
水利科技,珠江水利科学研究院
水利科技,水工程生态研究所
水利科技,天津水运工程科学研究院
水利科技,国际小水电中心
水利科技,亚太地区小水电研究培训中心
水利科技,美国陆军工程兵团
水利科技,美国田纳西河流域管理局
水利科技,美国水和能源服务部
水利科技,俄罗斯科学院水问题研究所
水利科技,英国水力研究中心
水利科技,法国地球物理及工业流体动力学实验室
水利科技,荷兰代尔夫特水力研究所
水利科技,丹麦水力研究所
水利科技,日本港湾空港技术研究所
水利科技,德国卡尔斯鲁尔联邦水工研究所
水利科技,印度中央水利电力研究站
水利科技,意大利结构模型研究所
水利科技,大禹水利科学技术奖
水利科技,水力发电科学技术奖
水利科技,中国航海科技奖
水利科技,潘家铮水电科技基金
水利科技,严恺教育科技基金
水利科技,张光斗科技教育基金
水利科技,水利青年科技英才奖
水利科技,世界气象日
水利科技,世界水日
水利科技,世界海洋日
水利科技,世界湿地日
水利科技,中国水周
水利科技,中国水博览会
水利科技,李仪祉
水利科技,潘镒芬
水利科技,郑肇经
水利科技,汪胡桢
水利科技,须恺
水利科技,张含英
水利科技,高镜莹
水利科技,施嘉炀
水利科技,李赋都
水利科技,张昌龄
水利科技,沙玉清
水利科技,崔宗培
水利科技,王化云
水利科技,顾兆勋
水利科技,黄文熙
水利科技,伍正诚
水利科技,王鹤亭
水利科技,张书农
水利科技,刘光文
水利科技,谢家泽
水利科技,徐芝纶
水利科技,黄万里
水利科技,林一山
水利科技,严恺
水利科技,张光斗
水利科技,张瑞瑾
水利科技,李鹗鼎
水利科技,林秉南
水利科技,华士乾
水利科技,钱宁
水利科技,张蔚榛
水利科技,赵人俊
水利科技,徐乾清
水利科技,谢鉴衡
水利科技,左东启
水利科技,陈志恺
水利科技,潘家铮
水利科技,王三一
水利科技,陈明致
水利科技,窦国仁
水利科技,沈珠江
水利科技,雷志栋
水利科技,丹尼尔·伯努利
水利科技,欧拉
水利科技,谢才
水利科技,拉格朗日
水利科技,达西
水利科技,傅汝德
水利科技,斯托克斯
水利科技,雷诺
水利科技,恩格司
水利科技,费理门
水利科技,普朗特
水利科技,萨凡奇
水利科技,冯·卡门
水利科技,太沙基
水利科技,巴甫洛夫斯基
水利科技,韦杰涅耶夫
水利科技,泰勒
水利科技,考斯加可夫
水利科技,泰西
水利科技,米勒
水利科技,易家训
水利科技,周文德
水利信息化,水利信息
水利信息化,水利基础信息
水利信息化,水灾害信息
水利信息化,水资源信息
水利信息化,水环境信息
水利信息化,水生态信息
水利信息化,农村水利信息
水利信息化,水利工程信息
水利信息化,水利政务信息
水利信息化,水利信息化
水利信息化,水利信息化综合体系
水利信息化,智慧流域
水利信息化,水利信息化基础设施
水利信息化,水利数据中心
水利信息化,水利专网
水利信息化,水利信息采集系统
水利信息化,水利工程监控系统
水利信息化,水信息存储和管理系统
水利信息化,水信息集成和共享服务系统
水利信息化,水利业务应用系统
水利信息化,决策支持系统
水利信息化,水利信息技术
水利信息化,遥测
水利信息化,遥感
水利信息化,自动控制
水利信息化,物联网
水利信息化,数据通信
水利信息化,计算机网络
水利信息化,数据库
水利信息化,智能数据处理
水利信息化,大数据
水利信息化,系统集成
水利信息化,云计算
水利信息化,地理信息系统
水利信息化,系统仿真
水利信息化,信息安全
水文化,文化
水文化,水文化
水文化,水利文化
水文化,物质形态水文化
水文化,水工程文化
水文化,城河
水文化,垛田
水文化,哈尼梯田
水文化,水工具文化
水文化,汲水工具
水文化,渡水工具
水文化,水力工具
水文化,镇水工具
水文化,水景观文化
水文化,滨水景观
水文化,水利风景区
水文化,水文化遗产
水文化,白鹤梁
水文化,渔梁坝
水文化,龙王庙
水文化,嘉应观
水文化,都江堰放水节
水文化,行为形态水文化
水文化,治水社会
水文化,水利社会
水文化,漕运优先
水文化,围水造田
水文化,人水和谐
水文化,节水文化
水文化,节水型社会
水文化,全国城市节水宣传周
水文化,世界海事日
水文化,中国航海日
水文化,世界防止荒漠化和干旱日
水文化,精神形态水文化
水文化,《老子》说水
水文化,《论语》说水
水文化,《孟子》说水
水文化,《管子》说水
水文化,《庄子》说水
水文化,《荀子》说水
水文化,《孙子兵法》说水
水文化,《河图》与水
水文化,“五行”与水
水文化,“八卦”与水
水文化,一水四见
水文化,大禹精神
水文化,水利精神
水文化,红旗渠精神
水文化,98抗洪精神
水文化,三峡移民精神
水文化,河流辩证法
水文化,“水灾害双重属性”理论
水文化,河流伦理
水文化,地域水文化
水文化,河流文化
水文化,海洋文化
水文化,海上丝绸之路
水文化,妈祖
水文化,疍民
