词条,释义
灌溉回归水 irrigation return water,"引入灌区的水量流经地面和地下又排回原河流的水。包括灌溉水的田间损失、渠道渗水、退水，以及库塘的渗漏水等。重复利用回归水，对扩大灌溉面积、增加农业生产有重要意义。因灌溉水在田面和土壤中流动的过程中，有许多因素使回归水水质发生变化，故在重复利用时需进行水质分析。
        
        "
灌溉水质 irrigation water quality,"灌溉水源的质量。通常以水中所含泥沙的数量和粒径、可溶性盐类的含量和种类，以及水的温度作为评价灌溉水质好坏的标准。灌溉水中的泥沙含量和粒径，以不破坏农田土壤结构和肥力和不淤积渠道为准。允许的泥沙粒径一般在0.005〖KG-1.3mm〗～0.001mm。灌溉水中的含盐量(即矿化度)和某些对作物危害严重的成分，如碳酸盐、钠、氯等离子的含量，应不超过作物的耐盐能力，以免影响作物生长。如水源受到污染，还应对汞、砷、镉、铬、硼和氰、氟、酚、醛等进行严格控制。利用工业废水和生活污水进行灌溉时，必须进行沉淀、氧化和消毒处理，使之符合国家规定的灌溉水质标准。
        
        "
矿化度 degree of mineralization,"亦称“总矿化度”。地下水中各种元素的离子、分子和化合物的总含量。通常根据一定体积的水在105〖KG-1.3mm〗～110℃的温度下蒸干后所得的干涸残余物总量来表示，也可将分析所得阴阳离子含量相加，求得理论的总矿化度。单位为g/L或mg/L。按矿化度的大小可把地下水分为五类： (1) 淡水，矿化度小于1g/L;(2) 微咸水(弱矿化水)，矿化度为1〖KG-1.3mm〗～3g/L;(3) 咸水(中等矿化水)，矿化度为3〖KG-1.3mm〗～10g/L;(4) 盐水(强矿化水)，矿化度为10〖KG-1.3mm〗～50g/L;(5) 卤水，矿化度大于50g/L。 淡水或微咸水可用于农田灌溉，咸水要采用一定的技术措施后才能用于灌溉，盐水和卤水不能用作灌溉水。
        
        "
灌溉水温 irrigation water temperature,"灌溉水的温度。是影响作物产量的一项因素。对水温的要求，因作物种类和生育阶段而异。如三麦根系生长的适宜水温为15〖KG-1.3mm〗～20℃，允许最低水温为2℃，对于水稻，如用低温水灌溉，会推迟作物生育期，造成延迟性冷害。据试验资料，水稻生育期平均水温23℃接近不受害，低于此值，不稔率明显增加，当平均水温降到18℃，不稔率为100%。提高水温不仅对促进水稻的生育过程、减轻延迟抽穗起着重要作用，且以水保温，是防御孕穗期因气温低而造成障碍型冷害的措施。但在高温时期，可以水降温，避免高温对植株的危害。水稻生育的适宜水温为30〖KG-1.3mm〗～34℃，最高温度为40℃。中国有许多灌区，用水库深层水或井、泉水灌溉，温度往往偏低，必须采取提高水温的措施，如取水库表层水灌溉，或延长输水路程等措施。
        
        "
灌溉工程 irrigation engineering; irrigation works,"为灌溉农田而修建的各项工程和设施的统称。包括从水源取水到田间灌水的整套工程设施。由三部分组成： (1) 水源(河流、湖泊、塘坝、水库及井泉等)和渠首取水建筑物(渠首的闸、坝和提水泵站等);(2) 输水和配水系统(包括各级渠道或管道，以及附属建筑物);(3) 田间灌水设施。按其输、配水工程的结构类型，分明渠灌溉工程系统和管道灌溉工程系统两类，前者由各级明渠把灌溉水送往田间;后者则用有压管道完成输、配水任务。
        
        "
蓄水灌溉 irrigation from storage works,"以河流或当地径流为水源，通过蓄水工程调蓄后进行的灌溉。可解决天然径流与灌溉用水在时间和空间的分配上存在的矛盾。
        
        "
塘坝 pond,"亦称“塘堰”、“坡堰”、“陂塘”。山丘地区的小型蓄水工程。其容积小于1万m3的称“小型塘坝”，1万〖KG-1.3mm〗～10万m3的称“大型塘坝”。修建在山谷、平缓坡地、冈地、山塝和沟谷的塘坝，分别称“山塘”、“平塘”、“冈塘”、“塝塘”和“冲塘”。主要作用是拦蓄当地地面径流，作为小面积农田的灌溉水源并供居民生活用水和发展水产养殖。对水土保持也有显著效果。
        
        "
引水灌溉 diversion irrigation,"从河流或其他水源自流引水进行的灌溉。适用于水源的水位、流量都能满足灌区用水要求的情况。工程设施包括在河流上修建引水枢纽(或称取水枢纽)及渠道系统。引水枢纽必须保证满足自流灌溉渠道的水位要求和流量要求，防止洪水及粗颗粒泥沙入渠。引水枢纽有无坝引水枢纽和有坝引水枢纽两种。
        
        "
灌溉输水 conveyance of irrigation water,"灌溉水从渠首经干渠、支渠到达斗渠分水口的过程。
        
        "
轮灌 rotation irrigation,"上一级渠道向下一级渠道配水时，下一级渠道依次轮流受水的渠道配水方式。有集中轮灌和分组轮灌。前者是依次逐渠配水，把上级渠道来水集中供给下一级的一条渠道，适用于上级渠道来水小的情况;后者把下级渠道划分为若干轮灌组，依次逐组配水。实行轮灌的渠道，要加大输水断面，一般只在斗渠、农渠采用。但在管理运用中，有时因水源供水严重不足，支渠也可实行轮灌。
        
        "
续灌 continuous irrigation,"上一级渠道同时向下一级所有渠道配水的渠道配水方式。续灌渠道在灌水期间连续工作。一般干、支渠多采用续灌。
        
        "
灌溉渠道 irrigation canal,"人工开挖或填筑的专供农田灌溉用的水道。按渠道通过的流量大小和所起作用，分干渠、支渠、斗渠、农渠等若干固定渠道，组成“灌溉渠系”，简称“渠系”。农渠以下还可设临时性的田间毛渠、输水沟、灌水沟等，组成田间灌溉网，亦称“田间渠系”。
        
        "
干渠 main canal,"灌溉渠系中起输水作用的第一级渠道。上承渠首，下接支渠，控制全灌区。应考虑地形、地质等条件规划布置。
        
        "
支渠 branch canal;secondary canal,"灌溉渠系中兼有输水和配水作用的渠道。上承干渠，下接斗渠。多沿灌区内的分水岭布置，还应考虑行政区划和道路布局等因素。大、中型灌区的支渠一般控制面积多在1万亩以上。
        
        "
斗渠 lateral canal,"灌区内的配水渠道。从支渠分水，配给农渠。其布置应考虑行政区划、田园化和机耕要求，要为农渠的合理布置创造条件。大、中型灌区的斗渠控制灌溉面积一般在5000亩左右。
        
        "
斗门 delivery gate,"设在斗渠进水口的启闭设施。用以控制和调节入渠流量。一般做成涵管式并安装插板闸门。
        
        "
农门 rural gate,"设在农渠进水口的启闭设施。用以调节进入农渠的流量。
        
        "
农渠 farm canal;quaternary canal,"灌区最末一级的固定渠道。从斗渠取水，配水入毛渠或直接送水入田间。其布置应适应田园化、机耕、种植和灌水要求。控制灌溉面积一般在500亩左右。
        
        "
毛渠 little canal,"田间渠网中的第一级渠道。上承农渠，下接输水沟，或与灌水沟、畦、格田相接。属临时性渠道。
        
        "
输水沟 feed ditch,"亦称“输水垄沟”。田间第二级临时渠道。垂直毛渠布置，下接灌水沟或畦。为适应地形，便于田间管理，其布置应有利于灌溉水进入灌水沟或畦田。
        
        "
灌水沟 furrow;corrugation,"亦称“垄沟”。对中耕作物(如玉米、棉花)实施沟灌时，作物行间的受水沟。沟距即作物行距。也有几行作物为一垄的垄间受水沟。断面呈三角形或梯形，也起排水作用。其布置应按照地形、土质条件，合理择用。
        
        "
泄水渠 sluiceway canal,"亦称“退水渠”。退泄渠道水的明渠。修建在易于发生事故和需要特别保护的关键渠段。如进水闸下游、引水渠末端、有大量坡水汇入渠段的下端，以及渡槽、倒虹吸、大填方渠段等重要工程的上游等。用以控制渠道水位不超过允许高度。如为泄空渠道剩余水量，也可在渠尾修泄水渠。
        
        "
长藤结瓜式灌溉系统 irrigation system as a long vane with melons,"山丘地区引蓄结合、渠库塘相连的灌溉系统。从远处河流(水库)取水，通过盘山渠道引水到灌区，渠道又与沿线和灌区内部的中小水库、塘坝相连接。因河(库)如根、渠道如藤、库塘如瓜，故名。在非灌溉季节，可将河流水或水库的弃泄水输入中小水库和塘坝存蓄;灌溉用水紧张时期库塘同时放水灌田，可减轻骨干渠道的输水负担，节省修渠工程量;同时充分发挥灌区内部库塘的调蓄作用，提高复蓄次数;扩大灌溉面积;有些长藤结瓜系统的骨干渠道，常年输水，流量较均匀，有利于发展水电和航运。
        
        "
渠道输水损失 conveyance loss of canal,"渠道在输水过程中由于渗水、漏水和蒸发而损失的水量。水面蒸发微小，一般不计。漏水损失，因施工不良或管理不善而造成，应尽量减少。通常所指输水损失，主要对渗水损失而言。其值与渠床土质、过水断面形态、渠道流量大小，以及地下水位高低等因素有关，可通过实测确定，在渠道设计中也可用理论或经验公式估算，如渗水损失过大，应采取防渗措施。
        
        "
渠道防渗 canal seepage prevention,"防止渠道渗漏，提高渠系水利用系数的措施。有： (1) 改变渠床土壤透水性能，如压实、人工淤填等物理机械方法和钠化法(食盐处理)、人工潜育法等化学生物处理方法;(2) 在渠床表面建立防渗层，亦称“渠道护面”或“衬砌”，如用黏土、灰土、水泥土、三合土、草泥等土料护面，用石、砖、混凝土、沥青等材料护面和设置塑料薄膜防渗层等措施，尽可能做到就地取材，费省效宏。渠道防渗还可防止灌区地下水位升高，提高渠道输水能力，节省建筑物投资，保障渠道输水安全，也有利于盐碱化的防治。
        
        "
人工淤填 artificial siltation,"亦称“人工挂淤”。减少渠道渗漏的一种方法。在渠道水中掺入黏土浆液，使其细土粒随水下渗，填塞渠床土壤空隙。适用于沙质土渠道。在静水和动水中均可进行。用土颗粒大小要根据渠床土壤颗粒粒径确定，并使渠道水流中的含土量限制在某一范围内。厚度一般为2〖KG-1.3mm〗～10cm。静水淤填适合于断面较小、坡降不大和周期性工作的渠道，并分次进行。动水淤填要控制渠中流速，淤填颗粒越细，流速应越小。渠道淤填后，必须加强管理养护。
        
        "
试渠 canal conveyance test,"亦称“试水”。新建渠道或旧渠道扩建改建后，在正式使用前的放水试验工作。主要目的是检验工程质量是否符合设计要求，以发现问题。方法有分段试水和全渠道试水两种。一般大型灌区两种方法可结合使用;小型灌区宜采用分段试水，以策安全。试水时，流量一般由小到大逐渐增加，同时应有安全防范措施。
        
        "
管道灌溉系统 pipe irrigation system,"由各级压力管道及其辅助设施组成的灌溉系统。一般由首部取水枢纽、压力管道系统和田间出水装置(喷头、滴头、放水阀门、给水栓等)三部分组成。根据灌溉设计流量和输水压力确定各级输、配水管道的管径，使灌溉系统的投资和年运行费用的总和最小，末级管道还要为各出水装置提供稳定而均一的工作水头。当有足够的天然水头时，首部取水枢纽只需修建调蓄水池或进水建筑物。但在更多的情况下则需修建加压泵站。
        
        "
地下渠道 subsurface canal;conduit,"亦称“暗渠”。埋设在地下用以输送灌溉水的低压管道。水从渠首流经各级地下渠道，再通过地面放水口，进入田间。其系统组成是： 渠首进水池(提水灌区为水泵出水池)，干、支两级或干、支、毛三级管道，附属建筑物。一般布置成鱼骨形、梳齿形和环状管网。中国多用前两种。渠道一般用灰土(石灰或石灰类工业废料掺以矿渣、粉煤灰等，与黏性土料按一定比例拌和)夯筑，或采用混凝土管或水泥土管。断面有城门洞形、圆形等。与明渠相比，有不占土地，行水快，输水损失少，便于机耕和交通等优点;但费工、费料。
"
配水井 distributary well; distribution box,"亦称“分水井”。地下渠道上的配水建筑物。用砖砌、混凝土预制或灰土夯筑，位于上下级渠(管)道衔接处，大小以能启闭闸门为度。主要起控制和分配水量、排气、调压、连接管道等作用，并作为检修地下渠道的出入口。
"
给水栓 hydrant,"压力管道输水灌溉系统上末级固定管道的供水装置。由上、下两部分组成。下部为阀体，与固定管道的出水口连接;上部为阀开关和出水连接短管，与田间移动式供水管道连接。既是固定式管道和移动式管道的连接管件，又有闸阀的功能，控制向农田的供水流量。
        
        "
田间工程 field works; on-farm development,"末级固定渠道控制范围内的临时或永久性灌排工程设施，以及土地平整、田间道路等工程的总称。田间灌溉工程包括只供一季作物灌水的毛渠、输水渠、灌水沟、灌水畦等临时性工程和埋设在地下的灌溉供水管道，以及附属管件、稻田田埂和田间道路等永久性工程。田间排水工程包括只供一季作物使用的临时排水沟网、埋设在地下的排水暗管及其附属设施等永久性排水工程。
        
        "
条田 strip check,"亦称“耕作区”。末级固定渠道(农渠)和排水沟(农沟)之间的田块。是布置田间工程、进行机械耕作和组织田间灌水的基本单元。条田规格应考虑地形条件，作物对除涝防渍的要求，以及提高机耕效率，便于组织灌水、中耕等田间管理工作的要求。必须因地制宜，合理规划。一般宽度以100〖KG-1.3mm〗～200m、长度以400〖KG-1.3mm〗～800m为宜。
        
        "
格田 chequered field,"水稻种植区内四周围以田埂形如格子状的小田块。是耕作、灌溉和田间管理的独立单元。有独自的进出水口。其尺寸视地形、地面坡度、沟渠布置、土地平整工作量、耕作和田间管理要求而定。平原区，一般长约100m，宽15〖KG-1.3mm〗～30m;山丘区小些。
        
        "
林带 forest belt,"亦称“林网”。带状的防护林。作用是： 护田防风，护岸防冲，固沙遮阴，改善气候，绿化大地，提供木材、燃料。还可发挥排水作用，能在一定程度上降低地下水位。规划林带要因地制宜，因害设防，因地种植。选择树种要考虑速生、优质，经济林、用材林、果木林要结合一起考虑。林带结构应根据需要决定带宽，乔木、灌木相结合种植。靠田一侧，不宜种植高大乔木，以防遮光。在风速较大地区应使林带与主风向垂直。其防风的影响范围，一般等于树高的20〖KG-1.3mm〗～30倍。
        
        "
灌水技术 irrigation technique,"将计划的灌水定额输入田间并转变为土壤有效水分的技术措施。要求做到根层土壤湿润均匀，减少田面流失和深层渗漏，避免土壤结构的破坏。随灌溉方法而异。
        
        "
地面灌溉 surface irrigation,"灌溉水在顺着田面流动或储存过程中，主要借重力作用湿润土壤的灌溉。有畦灌、沟灌、淹灌、漫灌等四种不同方法，前三者广泛使用。采用何种方法，决定于作物种类、农业技术条件、田面坡度和土壤性质等因素。为提高田间用水效率，20世纪后期又出现水平畦灌、涌流沟灌等技术。
        
        "
畦灌 border irrigation; check irrigation,"在整地播种时，临时修筑小埂，把田面分成许多狭长畦田的地面灌溉方法。灌溉水沿畦面流动，在流动过程中借重力作用湿润土壤。适用于小麦、谷子等窄行距、密播作物。易造成田面冲刷、土壤板结、深层渗漏。要求合理选定畦田规格(长、宽)，控制入畦流量和放水时间。在土壤透水性大或畦田纵坡小时，应缩短畦长，加大入畦流量。一般自流灌区畦长30〖KG-1.3mm〗～100m，入畦流量3〖KG-1.3mm〗～6L/(s·m)。畦宽视耕作机具而定，一般为2〖KG-1.3mm〗～4m。适宜的畦田坡度大致为0.001〖KG-1.3mm〗～0.003。
        
        "
膜上灌 film hole irrigation,"在地膜上输水，通过放苗孔或渗水孔向作物根系附近土壤补充水分的灌溉方法。是在地膜覆盖栽培条件下发展起来的一种节水灌溉技术。20世纪80年代首创于中国新疆维吾尔自治区。应用时，要求地面平整，纵向坡度小，尽量采用可降解地膜，防止污染土壤。可通过调整渗水孔孔径和密度提高灌水均匀度和控制灌水量。其特点为灌水均匀、适量，可防止深层渗漏，不破坏土壤结构，技术简单，投资较少，还可减少土壤水分蒸发和提高地温，节水增产效果明显。可在干旱缺水地区用于灌溉棉花、玉米、甜菜、小麦等作物。
        
        "
封水 closing inlet,"亦称“封口”、“改水”、“改口”。畦灌时水流到畦长的某个部位就封闭进水口的工作。如八成封水，即水流到畦长的80%时停止放水，由于水流到离畦尾还有一定距离就封闭进水口，畦内剩余的水流向前继续流动，到畦尾时则全部渗入土壤，使整个畦田受水较均匀。水流到畦尾时才停止放水则称“畦尾封水”或“满流封水”。根据不同的计划灌水定额、土壤透水性和畦田纵向坡度等条件，可采用不同的封水规定。
        
        "
水平畦灌 level basin irrigation,"在短时间内供水给大块水平畦田的地面灌溉方法。畦田四周修筑围埂，面积有的达13hm2以上。灌溉水通过供水口迅速遍布全畦，而后缓缓入渗。适用于各种作物和土壤条件，特别是入渗速度较小的土壤。具有入渗均匀、深层渗漏少，无地面流失的优点，并可直接控制供水时间，便于实现自动化管理。但对土地平整要求很高。
        
        "
沟灌 furrow irrigation,"在作物行间开沟灌水，主要借毛细管作用浸润土壤的地面灌溉方法。优点是不破坏土壤结构，节省水量。多用于棉花、玉米、甘蔗等宽行距中耕作物的灌溉。密植作物如小麦、谷子等，也有采用垄植沟灌的。在地面坡度较大，土壤透水性小的地区，可采用细流沟灌。
"
涌流灌溉 surge flow irrigation,"亦称“波涌灌溉”。通过放水阀门周期性启闭，在灌水沟中产生涌流，以加快水流前进速度的一种沟灌技术。通过阀门的启闭时间调节水流的推进距离，间歇供水，分段湿润土壤。一定数量的水，在灌水沟中的流速，比均匀流速的灌溉快2〖KG-1.3mm〗～3倍。可缩短灌水沟始末端的入渗时间差，使灌溉水量沿灌水沟均匀分布，并减少起始端的深层渗漏;还可通过改变阀门的启闭时间，来调节末端尾水，减少尾水损失，提高田间灌水质量和效率。
        
        "
漫灌 flood irrigation; wild flood irrigation; broad irrigation,"灌溉水沿着地面漫流的一种粗放的地面灌溉方法。可分两种： (1) 自由漫灌，地面无任何地埂约束，任水随地面坡向漫流，仅限于水源充沛、地势平坦广阔、地形起伏不大的田面，草原灌溉在不引起土壤冲刷的情况下也可采用。(2) 导流漫灌，用堤埂约束水流运动，限制自由漫灌的程度，但达不到畦灌标准要求的灌溉方法。无论哪种漫灌均浪费水量，灌水不匀，破坏土壤结构。只限于特定条件下采用。
        
        "
淹灌 inundation irrigation,"将灌溉农田用土埂围成若干格田，灌溉水引入格田后在田面滞留，形成水层，借重力作用使水渗入土壤的地面灌溉方法。多用于水稻灌溉、淤灌和冲洗改良盐碱地。格田规格，视地形坡度和农渠(沟)间距而定。格田有独自的进出水口以防止串灌串排。
        
        "
湿润灌溉 wetting irrigation,"在水稻返青后到黄熟期间，田面不留水层，土壤长期保持干干湿湿的稻田灌溉方式。根系层土壤含水量从饱和到田间持水量的85%之间变化。适用于地下水位高的稻田、低洼易涝田、山丘区冷浸田、江河平原的滨湖田，以及灌溉水温低、土质黏重、泥层深厚、保水保肥力强的稻田。有利于提高水温、土温，改善土壤通气状况，促进根系下扎，利于水稻的健壮生长，并减少孑孓滋生。
        
        "
水浆管理 water management of rice field,"水稻生育期间用水管理措施的总称。根据水稻各个生育期对水分的需要，结合当地自然条件(气候、土壤、水文地质情况)、水利条件、栽培技术、品种特点和生长情况等进行合理的灌溉和排水，以充分满足水稻对水分的要求，同时起调节土壤物理、化学、生物条件和控制肥力的作用。一般有水层灌溉、干干湿湿、落干烤田等措施。
        
        "
地下灌溉 sub-irrigation,"在土壤内部供水的灌水方法。有以下几种方式： (1) 暗管灌溉。借埋设在耕层下的管道，将灌溉水引入地下，由管道接缝或管壁孔隙流出渗入土壤。暗管可采用瓦管或穿孔塑料管，埋置深度和间距应通过试验确定。(2) 潜水灌溉。抬高地下水位，地下水由毛管作用上升到作物根系层，向土壤补充水分，满足作物的需水要求。两种方法均不破坏土壤结构，省水增产，不占用耕地，便于田间管理和机械作业。但表土湿润不够，不利苗期作物生长。
"
喷灌 sprinkler irrigation; overhead irrigation; spray irrigation,"以喷洒水滴的方式湿润土壤的灌溉方法。用专设的喷灌工程将有压水送至灌溉地段，压力水流经由专门的喷水装置(喷头)向空中喷射，在空气的摩擦、撞击下，形成细小水滴，洒落到田面上，湿润土壤。与地面灌溉相比，具有增产、省水、省工、保土和保肥，适应性强，机械化和自动化程度高等优点，但灌溉质量易受风的影响，设备投资和运行费用较高。
        
        "
微灌 micro-irrigation,"利用专门设备将有压水流变成细小的射流或水滴，湿润作物根部附近土壤的灌溉方法。主要包括： (1) 滴灌，利用滴头或滴灌带将灌溉水以水滴状流出;(2) 微喷灌，利用微型喷头将水喷洒到作物枝叶上和附近土壤上;(3) 小管出流灌溉，利用细小的塑料管与供水毛管连接，以小管射流的方式湿润作物根部附近土壤。微灌压力低、出水流量小和灌水均匀，具有节水、节能和增产的效果。
        
        "
微喷灌 micro-sprinkler irrigation,"通过管道系统输水，利用微型喷头以较小的流量将水或可溶性化肥喷洒到作物枝叶表面或附近土壤上进行灌溉的一种灌水方法。微灌的一种。是在滴灌和喷灌的基础上形成的一种灌水技术。主要用于地面灌溉或其他灌水方式难以保障的保护地特种作物，如温室蔬菜、育苗、花卉栽培或观赏作物。
        
        "
喷灌系统 sprinkler system,"从取水至喷洒自成体系的喷灌设施。由水源、动力机、水泵、输水管道和喷头等部分组成。按系统中管道或喷灌机组是否固定，分固定管道式、半固定管道式、移动管道式、行喷机组式和定喷机组式等类型。
        
        "
脉冲喷灌 pulse sprinkling irrigation,"用带有脉冲装置的喷头，间歇喷洒的喷灌。工作原理是： 支管以小流量不断供水给水气箱，箱内水面不断升高，空气不断压缩，积累一段时间(1〖KG-1.3mm〗～5min)后，通过压力自动控制装置，打开水汽箱的供水阀门，高压水从喷头喷出。随之水汽箱内压力下降，阀门便自动关闭，停止喷灌。水箱又开始充水，如此重复工作。射程较远，平均喷灌强度低，且可降低输水支管的管径和管道密度。
        
        "
喷灌强度 application rate of sprinkling,"喷头在单位时间内喷洒在地面上的水深。单位为mm/h。是衡量喷灌质量的一个指标，也是喷头的主要技术参数。有点喷洒强度和平均喷洒强度，分别表示某一点的水量和某一面积上的平均水量。后者应小于土壤入渗率，才不致引起地表径流和土壤板结。
        
        "
喷洒水利用系数 utilization factor of sprinkling water,"喷洒到灌溉土地上的水量与喷灌系统供给的水量之比。因喷洒过程中，部分水量在空中蒸发和被风吹走，故系数恒小于1，一般为0.7〖KG-1.3mm〗～0.9。是喷灌系统规划设计中的重要参数。
        
        "
漂移损失 drift losses,"喷头喷出的水滴较小时，一部分水滴未落到地面就被吹出喷灌区域或在空气中直接蒸发掉，造成的喷灌水量的损失。其主要影响因素为喷洒水滴的直径、风速和相对湿度。
        
        "
喷灌均匀度 sprinkling uniformity,"喷洒面积上水量分布的均匀程度。是衡量喷灌质量的一个指标，也是喷头的主要技术参数之一。与喷头结构、工作压力、喷头布置形式、喷头间距、喷头转速的均匀性、竖管的倾斜度、地面坡度和风速风向等因素有关。
        
        "
雾化程度 degree of atomization,"喷射水流达到雾滴的程度。以降落到地面或叶面的水滴的平均直径表示。是喷头主要技术参数之一，也是衡量喷灌质量的一种指标。水滴太大会打伤植物，破坏土壤结构，影响产量;太小则耗费较多的能量，蒸发损失大，受风的影响也大。故要根据作物所能允许的范围加以选择。因水滴大小的量测比较困难，又有以喷头工作压力水头(m)与喷嘴直径(m)之比表示的，称“雾化指标”，它与水滴大小有密切关系。根据中国实践，质量好的喷头，雾化指标在2500以上，适用于一般大田作物;对蔬菜、大田作物幼苗期，应大于3500。
        
        "
灌水器 irrigation implements,"微灌系统的末级出流装置。包括滴头、滴灌管(带)、微喷头、微喷带等。可置于地表也可埋入地下。作用是把末级管道中的压力水流均匀而稳定地分配到田间，其质量直接关系到灌水质量和微灌系统的工作可靠性。
        
        "
喷头基本参数 sprinkler basic parameters,"确定喷头主要技术特征的量。包括喷头的进水口直径、喷嘴直径(或喷孔截面积)、工作压力、喷水流量和射程。进水口直径指喷头进水管的内径，单位为mm。喷嘴直径单位为mm，非圆形断面则用喷孔截面积(mm2)表示。工作压力是指喷头正常运转时的水压力，用压力计直接在喷头进口处的竖管内测出。喷头流量以m3/h或L/s表示。射程是指喷头正常运转时，喷射水流所达到的范围内喷灌强度等于各点喷灌强度平均值5%的那一点到喷头的水平距离(m)。
        
        "
喷头 sprinkler,"亦称“喷洒器”。将压力水喷射到空中散成细小水滴，均匀降落到田间的灌溉设备。按喷洒特点，可分散水式和射流式两大类。按工作压力和射程，分低压(近射程)、中压(中射程)和高压(远射程)喷头三类。要求水力性能好(较低的喷灌强度、较高的雾化程度，较均匀的水量分布)，结构简单，使用灵活可靠、能量消耗少。选择喷头形式，主要决定于作物种类、土壤性质、喷灌系统的类型和作业方式等因素。
        
        "
低压喷头 low-pressure sprinkler,"亦称“近射程喷头”。工作压力小于200kPa，射程小于14m，流量小于2.5m3/h的喷头。射程近，水滴击打强度小，主要用于苗圃、菜地、温室、草坪、园林、自压喷灌的低压区或行喷机组式喷灌机。
        
        "
中压喷头 medium-pressure sprinkler,"亦称“中射程喷头”。工作压力处于200〖KG-1.3mm〗～500kPa之间，射程在14〖KG-1.3mm〗～40m之间，流量在2.5〖KG-1.3mm〗～32m3/h之间的喷头。喷灌强度适中，适用范围广，果园、草地、菜地、大田，以及各类经济作物均可适用。
        
        "
高压喷头 high-pressure sprinkler,"亦称“远射程喷头”。工作压力高于500kPa，射程一般大于40m，流量大于32m3/h的喷头。喷洒范围大，但水滴打击强度大，多用于对喷洒质量要求不高的大田作物和草原牧草等。
        
        "
射流式喷头 efflux sprinkler,"亦称“旋转式喷头”。喷射水流以一股集中的水舌在空中散成水滴并自动旋转的喷头。由喷体(喷嘴、喷管、弯管、空心轴)、喷座、转动机构、换向机构和粉碎机构等组成。喷头可具有单喷嘴、双喷嘴或三喷嘴。粉碎机构使射流粉碎成细小的水滴。转动机构推动喷头绕竖轴缓慢旋转。换向机构可使喷头来回旋转，没有换向机构的喷头只能作全圆周旋转。按转动机构的形式，可分反作用式、叶轮式和摇臂式三种。射流式喷头是中、高压喷头的基本形式，射程远，喷灌强度低，是使用得较多的一种喷头形式。但当竖管不铅直时，喷头转速不均匀，影响喷灌均匀度。
        
        "
摇臂式喷头 swing arm sprinkler,"全称“摇臂撞击式喷头”，亦称“冲击式喷头”。装有弹簧的摇臂，在水力冲击下能自动旋转的喷头。射流冲击摇臂前部的导流器，使摇臂偏离一定角度，在弹簧扭力作用下向回摆动，并敲击喷体使其旋转一定的角度;导流器又进入射流，重复上述过程，使喷头作圆周旋转。通过换向机构，可使喷头向回转动，进行扇形喷洒。有单喷嘴喷头和双喷嘴喷头等。有换向装置的，可作扇形喷洒;无换向装置的，只作圆周喷洒。结构比较简单，转速稳定且易于调节，喷灌质量较好;但在有风或安装不平的情况下，转速不均匀，不能经受剧烈振动。多用于中射程喷灌。
        
        "
叶轮式喷头 impeller sprinkler,"亦称“蜗轮蜗杆式喷头”。装有叶轮及蜗轮蜗杆可自动旋转的喷头。喷嘴喷出的压力水舌冲击叶轮旋转，带动叶轮轴下的蜗轮蜗杆减速装置，使喷头随着蜗轮转动。加上换向机构，可作扇形喷洒。工作可靠，转速均匀，不受振动、风力和安装的影响;但结构复杂，造价较高。多用于中、高压移动式喷灌机组。
        
        "
散水式喷头 spread sprinkler,"亦称“漫射式喷头”。水流以薄层向外散布的喷头。作全圆周或扇形喷洒。因喷头固定不动，故亦称“固定式喷头”。有三种： (1) 折射式喷头。有全圆喷洒式和一侧喷洒两种，前者的折射面为一倒圆锥体，后者呈一斜面或弧面。压力水由喷嘴喷出，被折射面分散为薄层而散开。(2) 缝隙式喷头。有固定缝隙式和可调缝隙式两种，前者为在喷管端部开一定形状的缝隙，水流作扇形喷洒;后者由可调节的倒圆锥体和底座组成，水流作全圆喷洒。(3) 离心式喷头。由喷管和带喷嘴的蜗壳组成，水流沿着蜗壳内壁切线方向进入蜗壳，再经由喷嘴作全圆喷洒。工作压力低(50〖KG-1.3mm〗～3500kPa)，水滴小，构造简单和工作可靠;但射程小(3〖KG-1.3mm〗～10m)，喷洒强度大。适用于苗圃、温室、蔬菜地，以及山区自压喷灌系统和大型自走式喷灌机上。
        
        "
折射式喷头 refraction sprinkler,"由喷嘴、折射锥和支架组成的喷头。水流由喷嘴垂直向上喷出，遇到折射锥即被击散成薄水层沿四周射出，在空气阻力作用下即形成细小水滴散落在四周地面上。
        
        "
缝隙式喷头 fissure sprinkler,"在管端开有一定形状缝隙的喷头。缝隙与水平面成30°，能使水流均匀地散成细小的水滴，并喷得较远。结构简单，制作方便，一般用于扇形喷灌，但对水质要求较高，水在进入喷头之前需经过良好的过滤。
        
        "
离心式喷头 centrifugal sprinkler,"主要由喷嘴、锥形轴(螺旋轴)、蜗壳、接头等部分组成的喷头。工作时水流沿蜗壳内壁的切线方向或螺旋孔道进入蜗壳，并绕垂直轴旋转，这样经过喷嘴射出的薄水层，同时具有离心速度和圆周速度，故水流离开喷嘴后就向四周散开，在空气阻力作用下，薄水层被粉碎成小水滴，散落到地面。
        
        "
地埋式喷头 underground sprinkler,"非喷灌期间隐藏在地面以下的喷头。喷头全部埋入地下，灌溉时在水压力的作用下，喷头伸出到地面或作物表面以上进行喷洒灌溉。灌溉完成后因无水压力支撑，在重力作用下缩回地面以下，灌溉设备良好隐蔽。具有使用寿命较长且不影响地面田间作业的特点。多用于绿地灌溉及部分经济作物的灌溉。
        
        "
自压喷灌 sprinkler irrigation under natural head,"亦称“重力喷灌”。将高处水源用管道引至灌区，以其自然水头所造成的压力进行的喷灌。按水源和灌溉农田的相对高差和喷灌压力的取得情况，分： (1) 完全自压。水源水头完全满足喷灌所需压力。(2) 自压并加压。水源水头不能完全满足喷灌要求，或部分喷灌面积位置较高，尚需再行加压。完全自压喷灌有不需机泵设备，投资少，节约能源，运行成本低，操作方便等优点。适用于灌区上方有库塘、渠道、山泉等水源的山丘区。
        
        "
恒压喷灌系统 sprinkling system with steady pressure,"保持管网压力相对稳定的喷灌系统。供水泵站采用多台水泵，在水泵与管网之间设置一个调压罐，在调压罐内，下部容积为灌溉水流所占据，上部容积被压缩空气所填塞，管网压力过高时，罐内水位上升，使压缩空气压力增大，通过传感器使部分水泵停机，管网压力下降时，罐内压缩空气压力减小，通过传感器使停机的水泵启动。消除了由于更换喷头、移动管道、部分地区中断或停止喷洒等引起管网压力的频繁变化，并能减轻或消除水锤的破坏作用，且具有节能、节水、运行安全、喷灌质量高等优点。
        
        "
喷灌机组 sprinkling machine unit,"简称“喷灌机”。由输水管道、增压、喷洒和行走等设备组成的喷灌机具。按移动方式，分手移式，如手抬式、手推车式、人工滚移式等;机械移动(机移)式，如滚移式、端拖式、拖拉机悬挂式、拖拉机牵引式、双臂式等;自动行走(自走)式，如中心支轴式(时针式)、平移自走式、平移-转动式、绞盘式等。按作业特征，分定喷式喷灌机和行喷式喷灌机，前者定点喷洒，后者边走边喷。
        
        "
固定式喷灌系统 fixed sprinkler system,"除喷头可移动外，喷灌系统的其他部分均固定不动，各级管道埋入地下，支管上设有竖管，根据轮灌计划，喷头轮流安装在部分竖管上进行喷洒的一种喷灌系统。系统操作使用方便，易于维修管理，多用于灌水频繁，经济价值高的蔬菜、林果和经济作物。但管材用量多，投资大，竖管对耕作有一定的妨碍。
        
        "
半固定式喷灌系统 semi-fixed sprinkler system,"支管和喷头可以移动，其他各组成部分都是固定的喷灌系统。干管埋入地下。喷灌时，将带有喷头的支管与安装在干管上的给水栓连接进行灌溉，并按计划顺序移动支管位置，轮流喷洒。设备利用率较高，管材用量较少。作为广泛使用的一种喷灌系统，特别适用于大面积喷灌工程建设。
        
        "
移动式喷灌系统 movable sprinkler system,"除水源工程外，水泵和动力机、各级管道、喷头都可拆卸移动的灌溉系统。喷灌时，在一个田块上作业完毕，依次转到下一个田块作业，轮流喷洒。设备利用率高，管材用量少，投资小;但设备拆装和搬运工作量大，维修工作量大，搬运时可能损坏作物。
        
        "
双臂式喷灌机 boom-type sprinkling machine,"亦称“双悬臂式喷灌机”。喷洒支管用悬臂式桁架装在拖拉机或拖车上的喷灌机组。有移动式和旋转式两种。前者用拖拉机或拖车牵引，边走边喷;后者位置固定，靠反作用力绕中心轴旋转喷洒，但位置改变时亦需拖车牵引。双臂式喷灌机喷灌质量好，但是结构较复杂，机行道占地多。适用于平坦的农田。
        
        "
中心支轴式喷灌机 center-pivot type sprinkling machine,"亦称“时针式喷灌机”、“圆形自走式喷灌机”。将一根安装着若干个喷头的长支管，架设在行走塔架上，以塔架的一端为中心支轴作圆周运动，边走边喷的喷灌机械。自动化程度高，灌水效率高，喷灌均匀度好，受风的影响小，设备投资少;但耗能大，机组拆装费事。宜用于大面积上的灌溉。
        
        "
平移自走式喷灌机 straight self-propelled sprinkling machine,"简称“平移式喷灌机”。将一根安装着若干个喷头的长支管，架设在行走塔架上，自动地向前平行移动，边走边喷的喷灌机械。喷灌均匀度好，受风的影响小，不改变耕作方式，可采用低压喷头以节省动力，设备投资少;但难保往返轮辙一致，设备振动大，影响自控系统的可靠性及寿命，机组拆装费事。适用于大面积常年灌溉的地区。
        
        "
绞盘式喷灌机 winch-type sprinkling machine,"用软管输水，绞盘卷绕钢索或软管牵引自走的喷灌机组。由喷头车、卷筒和驱动装置组成。通常有钢索牵引和软管牵引两种。结构简单，投资少，易于操作，使用灵活，对地形和地块形状的适应性强;但喷灌强度大，受风的影响大，喷灌均匀度差，耗能大，软管易损坏。适用于土地分散、地形复杂的农田，牧区草原和部分高秆经济作物和林业苗圃。
        
        "
微喷头 mini-sprinkler,"介于滴头与喷头之间的一种灌水器。是微喷灌系统的标志性设备。将管道内的连续压力水流以细小水滴形式喷洒在土壤表面，以有效补充土壤水分。灌溉时单位时间内喷洒到地面的水量应适应土壤入渗能力，不产生地表径流。
        
        "
喷灌带 sprinkler irrigation hose,"通过机械或激光在塑料薄壁软管表面打孔的兼有输水和喷灌功能的塑料软管带。抗堵塞性能较强，对水源要求低，可不用过滤设备直接采用地下水源等进行灌溉，运行水压较低，流量较大且灌水时间短。适用于平地或山坡地的果树、茶园、荔枝、香蕉、苗圃、大田、花卉，以及大棚栽培作物的灌溉。
        
        "
滴灌 drip irrigation; trickle irrigation,"利用管路系统和滴头等专用设备，使灌溉水(或含有化肥的水)缓慢滴出，浸润作物根系土壤的灌溉方法。可为作物提供良好的水、肥、气、热和微生物活动的条件，具有省水、省肥、增产的显著效果，且避免土壤板结和杂草滋生，还可适应复杂地形，易于实现灌水自动化。但造价高，滴头易堵塞，要求作水质处理，并需加强设备的维修保养工作。适用于干旱缺水地区，特别是干旱缺水的山丘区、高扬程灌区、深井灌区、严重渗漏的沙土区及城市郊区菜园、果园等。
"
膜下滴灌 drip irrigation under mulch,"将滴灌技术与覆膜种植相结合的一种高效节水灌溉方法。滴灌带敷设在地膜下，通过滴灌枢纽系统将水、肥、农药等按作物不同生育期的需要量加以混合，借助管道系统使之以水滴状均匀、定时、定量浸润作物根系发育区域。具有高效节水、抑盐、增温保湿、节省农药等特点，能有效改善土壤水、热、气、肥条件。适宜在中国西部干旱地区推广应用。
        
        "
滴灌带 drip irrigation hose,"亦称“滴灌管”。把滴头与毛管制造成一个整体，使其兼具输水和滴水功能的软管。输水过程中通过管壁上的孔口或滴头把水送到作物根部进行局部灌溉。按结构，分内镶式滴灌带和薄壁滴管带;按压力，分有压力补偿式滴灌带和非压力补偿式滴灌带两种。
        
        "
滴头 dripper; emitter,"滴灌系统的灌水器。作用是消除管路中的剩余水压力，使滴灌水徐徐滴出。一般由硬塑料制成。按与毛管的连接方式，分插入式滴头(一端插入毛管的壁孔中)和管路式滴头(连接于两段毛管之间)。按减压方式，分毛管式滴头、管嘴式和孔口式滴头等。应视滴灌方式、土壤性质和作物种类等因素选择。基本要求是： 出水量小，均匀稳定，结构简单，易于拆卸清洗，价格低廉，坚固耐用。
        
        "
孔口式滴头 orifice type emitter,"利用微小孔口的局部水头损失减压的滴头。一般是旁插于毛管上，进、出水口直径很小，中间有较大的空腔，压力水流经过扩散、收缩或旋转等方式消耗剩余能量。
        
        "
长流道滴头 long path emitter,"利用长流道的沿程摩阻损失减压的滴头。有狭长的流道，当水流通过流道时，由于沿程摩擦阻力，而将能量逐渐消耗掉，压力消散后的水流以水滴形式从滴头滴出，渗入土壤中进行灌溉。具体结构形式有三种： (1) 管间滴头(卧装)。中国制造的管间滴头，其流道宽度0.75〖KG-1.3mm〗～0.9mm，长度50〖KG-1.3mm〗～60cm，在1个大气压下，额定出水流量为2〖KG-1.3mm〗～3L/h。(2) 管上滴头(竖装)。结构与管间滴头基本相同，一头开口进水另一端封闭，螺纹芯子可拧出拧入，以便冲洗或调节流量。螺纹长的，流量为7.5L/h;螺纹短的，流量可达9.5L/h。(3) 螺旋形滴头： 亦称“发丝滴头”，是将内径为1.0〖KG-1.3mm〗～2.0mm的细聚乙烯管的一端插入打好孔的毛管中，然后用微管缠绕毛管，形成螺纹流道，并把微管的另一端固定在毛管壁上，形成微管滴头。用调整微管长度的方法，使整个毛管沿程出水量达到设计的均匀流量。具有易于维修，造价低，使用寿命长等特点。
        
        "
微孔毛管 micropore small hose,"管壁上密布着透水孔隙、埋设在作物根层以下土壤中的灌溉管道。使灌溉水通过管壁上的微孔由内向外呈发汗状渗出，随即进入土壤孔隙，给作物供水。有单壁管和双壁管两种类型，前者是通过管壁上的微孔渗水滴灌;后者有两层管壁，水由主管壁上的出水孔眼进入辅管腔，再经辅管壁上的孔眼渗出，辅管壁上的孔眼数是主管壁上孔眼数的5〖KG-1.3mm〗～10倍。此类兼输水和出水双重功能的毛管多用塑料制成，出水孔口很小，易堵塞。
        
        "
土壤湿润比 soil moist ratio,"在计划湿润层内，湿润土体与总土体的体积比。通常用地表下20〖KG-1.3mm〗～30cm 深处湿润面积与总面积的比值表示。是滴灌工程的设计标准之一。取决于滴头流量、滴头间距和土壤类别。对宽行距栽培果树，其最小值在干旱地区取33%，在降雨量较多的地区取20%;对窄行距作物，如蔬菜、大田作物，其值一般为70%〖KG-1.3mm〗～80%。
        
        "
井灌 water well irrigation,"利用打井开采地下水进行的灌溉。是合理、充分利用地下水，补充地表水不足的重要措施。亦可结合排水降低地下水位，防止土壤盐碱化，增加土壤的蓄水能力。但需做好地下水资源的开发利用规划和管理工作，避免过量开采，维持地下水的均衡状态。
        
        "
井渠结合 combination of well irrigation and canal irrigation; irrgation with surface water and groundwater,"灌区内采取渠灌与井灌相结合的措施。是地面水、地下水联合运用的一种灌溉方式。尤其适合地面水源供水不足的灌区。一般在渠灌系统的基础上，以其农、毛渠为井灌的干、支渠，水井布置在渠道两侧。井灌可降低地下水位，渠灌时的渠道渗漏水量补充地下水源，使地下水位回升，当地下水位上升到一定程度时，采用井灌。井灌与渠灌相互配合，解决干旱缺水灌区水量供求矛盾，扩大灌溉效益;调控地下水位，有利于防止灌区土壤盐渍化;增加容蓄暴雨于地下的能力，既减轻地面的涝情，又补充灌溉水源。
        
        "
井灌井排 irrigation and  drainage by well,"利用竖井抽水，排灌结合，合理使用地下水源的一种措施。适用于浅层地下水水量丰沛，且矿化度不高，能用来灌溉的地区。竖井抽水可降低地下水位，同时抽出的水用来灌溉、淋盐。可避免因灌溉不当而抬高地下水位，产生次生盐渍化的危害。有工程量小，投资少，见效快等优点。在综合治理旱、涝、盐碱灾害中广泛应用。
        
        "
筒井 shaft well,"亦称“浅井”。直径较大、形似圆筒、汲取浅层地下水的井。由井头(井口)、井筒(井身)、进水部分(滤水部分)和集水坑(或沉淀筒)组成。井深不超过30m。直径在0.5m以上，一般1〖KG-1.3mm〗～2m，亦有3〖KG-1.3mm〗～4m的。进水部分贯穿整个含水层，井底坐落在不透水层上的称“完整井”，否则称“非完整井”。
        
        "
大口井 large opening well,"亦称“大口径井”。由砖、块石、混凝土块砌成，或用钢筋混凝土、砾石水泥等就地浇筑以汲取浅层地下水的井。井径一般为2〖KG-1.3mm〗～12m，常用的为5m左右，根据水文地质条件、出水量、抽水设备、供水要求和施工方法等确定。井深一般小于30m，视含水层埋藏深度及其厚度而定。按进水方式，分井底进水、井壁井底同时进水等。出水量大，使用年限长，就地取材，施工方便。适用于地下水源丰富、埋藏浅，含水层透水性良好的地区，如河漫滩和一级阶地以及干枯河床、古河道和稳定河段的岸边。
"
管井 tube-well; tubular well,"俗称“机井”、“深井”。一种应用广泛的地下取水构筑物。由井台、井管壁、滤水管和沉沙管等组成。井壁和含水层中进水部分均为管状。井深一般在200m以内，最大可达千米。直径一般在500mm以下，最大可达1000mm。 通过抽水设备，可取集任何岩性和地层的地下水。管材可用钢管、铸铁管、钢筋混凝土管和塑料管等。
        
        "
滤水管 strainer,"亦称“花管”、“过滤器”。管井的进水部分。起滤水阻砂，支撑和护壁的作用。有缠丝滤水管、包网滤水管、包棕混凝土滤水管、塑料滤水管或石棉水泥滤水管和砾石水泥滤水管等多种类型，可根据当地材料和含水层颗粒粒径选择。滤水管在井中的长度，根据当地水文地质条件确定。
        
        "
筒管井 barrel-tube well,"亦称“改良井”、“下泉井”、“套井”。上部筒井和下部管井相结合的井。在下述情况下采用： (1) 在潜水含水层较厚或浅层水源不足、深层水源丰富的地区。为增加出水量，可在筒井底部加打管井至隔层或穿透不透水层至承压含水层。(2) 潜水水质不好，而下层有富水性较差但压力较高的承压含水层时。
"
真空井 vacuum well,"亦称“井泵对口抽”。把井管与水泵吸水管连接并密封成整体的管井。当水泵开动后，井内形成真空，使地下水进入的速度加快，增加出水量，提高动水位，缩短水泵吸水扬程，提高装置效率。一般应对地面到动水位以下1〖KG-1.3mm〗～2m的井壁周围用沥青或水泥封闭，以防漏气。
        
        "
井群 group of wells; battery of wells,"亦称“群井”、“联井”、“母子井”。由多眼水井联合开采地下水的井组。可在每眼井中安装抽水设备，抽水入同一渠道或管道;也可将几眼井用集水管或虹吸管连接起来，由主井集中抽水，称“虹吸联井”。按水文地质条件和用途，井位有直线形、棋盘形和梅花形等布置形式。可减少输水损失和提高地下水资源利用率。多用于城市、工矿企业的给水，矿区疏干排水，农田灌溉等方面。
        
        "
卧管井 horizontal pipe well,"亦称“水平管井”。由卧管(水平集水管)和竖井组成的一种井型。地下水通过卧管汇入竖井。卧管一般长100m左右，埋入深度至少应在最低地下水位以下2〖KG-1.3mm〗～3m，间距为300〖KG-1.3mm〗～400m。卧管一般为直径20〖KG-1.3mm〗～30cm的砾石水泥滤水管，周围填30〖KG-1.3mm〗～50cm厚的砾石作滤层。适用于地下水位埋深较浅(2〖KG-1.3mm〗～4m)、土质黏重的地区，但应有渠水入渗或地面水人工补给，以保证其出水量稳定。
        
        "
坎儿井 Karez; Kariz,"古称“井渠”，亦称“百眼串泉”、“串井”。干旱、半干旱地区开发利用浅层地下水进行自流灌溉的一种地下暗渠。一般顺地面坡度布置，包括竖井、暗渠两部分。竖井亦称“工作井”，在开挖暗渠时用以定位、进人、出土、通风，平时供检查维修用。暗渠分集水、输水两部分，前者深入含水层，收集地下水后通过输水部分引出地面与明渠相接。暗渠长的达10km以上，断面一般宽0.5〖KG-1.3mm〗～0.8m、高1.4〖KG-1.3mm〗～1.7m。具有不需提水工具、流量稳定、减少蒸发损失和防风沙侵蚀等优点。适用于地下水埋藏较浅、含水层较薄或透水性较弱的山丘区，或山前洪积扇前缘。主要分布在中国新疆的吐鲁番、哈密等地，20世纪50年代全新疆有坎儿井1600多条，其中吐鲁番有500多条。中亚、中东、北非一带也有此类井。来源一说源于汉代关中井渠;一说源于波斯;一说创于新疆当地。
"
辐射井 radial well; radial collecting well,亦称“横管井”。由筒井和若干个在含水层内沿井筒四周呈辐射状分布的水平集水管组成的井。地下水由辐射管汇入井中。井深与一般筒井相同，井筒的直径按辐射管施工方法和井内安装抽水设备的尺寸而定，一般约3m。人力施工可小些。也有把筒井改成辐射井的。辐射管一层布置4〖KG-1.3mm〗～18根，当含水层较厚、地下水丰富和渗透系数较大时，可布置两层。其长度根据出水量、含水层性质和管径大小确定，一般为数十米至一百多米。辐射管径有两种，人力施工时为50〖KG-1.3mm〗～75mm。 机械施工时为100〖KG-1.3mm〗～250mm。具有出水量大和效益好的优点。适合于富水性差的亚黏土、黄土地区，透水性较好的浅埋薄层含水层，截取河床潜流，大型基础工程的排水等。
锅锥 caldron type driller,一种回转式打井机具。由框架、挡泥筒、离合器、锥身、刀齿和上下扩孔刀等组成。其成套设备包括钻架、锅锥、钻杆和绞车等。钻凿直径有1100mm和550mm两种，分别称“大锅锥”和“小锅锥”。钻进时，钻杆带动锅锥回转，刀齿切削泥土，上下扩孔刀切削井壁，泥沙不断落入锥身，直至装满，由绞车将锅锥提升出井孔卸泥。锅锥打井适用于各种土、砂层。
水平钻机 horizontaldrill,"在集水井内向四周打辐射状水平孔的钻机。主要由传动机构、手摇绞车、高压水泵、钻杆、钻头、机座、转盘、轨道等组成。在钻井过程中，高压水不断通过钻杆由钻头射出，冲刷土壤并把泥土冲出孔外，使钻孔不断延伸。
"
洗井 flushing of well,"成井的一项重要工序。其作用是清除井内的残存泥浆，冲掉钻井过程中形成的护壁泥皮，使滤料稳定，并抽出含水层中的细小沙粒，从而在外围形成天然的滤水层。此外，可增强井孔周围的透水性，使机井达到正常的出水量。洗井的方法有活塞洗井、空气压缩机洗井和注水洗井等。洗井时间要掌握好，当水内含沙和泥浆很少时即可停止。
        
        "
土壤水库 soil reservoir,"农作物根系层土壤的贮水空间。以土壤空隙为蓄水库容，通过大气降水、农田灌溉、地下水和大气中水汽凝结等的补给，来满足作物生长对水分的需求，与地面水库的蓄水作用相似。土壤蓄水能力相当于土壤水库“库容”，其大小取决于土壤类型和根系层的深度。饱和含水量反映土壤水库的最大蓄水能力。土壤水资源通过“土壤水库”的调节而被植物连续地利用。
        
        "
牧区供水 water supply for pastoral areas,"牧业地区的人畜用水、饲料基地和草场灌溉用水的供应。牧业生产流动性大，供水分散，既要满足牧区定居点的供水，又要满足流动放牧点的人畜饮水，还要在牧道上建立人畜饮水站，以保证人畜转移草场时的供水。在水源方面除充分利用地面水外，大力开发利用符合人畜饮水标准和灌溉水质要求的地下水，是解决牧区供水的重要措施。供水点的布置和规模，一般应考虑草场载畜量、牲畜饮水半径、牲畜饮水定额、饲料基地位置和草场灌水定额等因素。供水设施除一般的取水、引水建筑物外，还应修建符合牧区供水需要的蓄水池、饮水槽、饮水台等特有的供水设施。
        
        "
农村饮水安全 rural drinking water safety,"使农村居民能够及时、方便地获得足量、洁净、负担得起的生活饮用水的工作和措施。农村饮用水安全评价分安全和基本安全两个等级，由水质、水量、方便程度和保证率4项指标组成，其中任何一项不达标即为饮水不安全。具体的标准是： 水质符合国家《生活饮用水卫生标准》要求的为安全;每人每天可获得的水量不低于40〖KG-1.3mm〗～60L的为安全;方便程度为人力取水往返时间不超过10分钟的为安全;供水保证率不低于95%为安全。
        
        "
灌溉管理 irrigation management,"灌区管理工作的总称。包括工程管理、用水管理、组织管理和经营管理。以用水管理为中心，采用多种手段，以实现灌区水资源的合理配置和灌溉系统的优化调度，促进工程的良性运行，达到节水增产目的，使有限的水资源获得最大的效益。
        
        "
灌区计划用水 planned water use of irrigation district,"在灌区范围内有计划地分配和利用水量，达到高效利用水土资源的管理工作。主要工作内容是编制、修正和执行用水计划。在灌溉年度(季度)开始之前预估水源供水量和灌溉用水量，通过水量平衡计算，编制灌区年度(季度)用水计划;在每次灌水之前，根据当时的实际情况修正年度(季度)用水计划，编制该次灌水的实施计划。在此基础上采用适当的灌水技术，按计划向田间进行灌水，为农作物生长创造良好的生态环境，促进农业的高产、稳产。
        
        "
灌溉预报 irrigation forecast,"根据天气预报、农田水分状况以及作物生长情况，对灌水日期和灌水量进行的预报。是灌区科学管理的重要手段，也是调节农田水分，为农作物在各生育时期创造适宜水分条件、合理利用水资源的重要工作。
        
        "
作物水分生产函数 crop water production function; crop yield-water relationship,"作物用水量与产量之间数量关系的表达式。是制定优化灌溉制度的重要依据，可将缺水引起的产量损失降低到最低程度。有全生育期和不同生育阶段两种函数类型。根据某一地区的实测资料建立的函数关系式只能在当地和条件相似地区应用。但使用相对用水量(实际蒸腾量/潜在蒸腾量)与相对产量(实际产量/最大产量)的函数关系式则具有通用性。
        
        "
量水槽 measuring flume,"通过缩窄渠道宽度、抬高渠底等措施使水流在槽内产生临界流速，构成一个控制断面，据此测算渠道流量的设施。常见的有巴歇尔量水槽、水跃量水槽、无喉道量水槽(喉道长度等于零)等。用木材、砖石、混凝土等材料修建或用混凝土预制构件装配。通过进口段水深的观测值，即可求得流量。具有水头损失小、不易淤积、适用的流量范围大(0.03〖KG-1.3mm〗～90m3/s)、量水精度高等优点，但结构复杂、造价较高。用于比降较小的清水或浑水渠道或小河流上。
        
        "
量水喷嘴 measuring nozzle,"由挡水墙和管嘴组成的量测渠道流量的设施。挡水墙用木板、砖石、混凝土等材料建造，管嘴用铁皮、木板等制作。管嘴断面有圆形、方形和长方形三种。圆形和方形适用于窄深渠道;长方形适用于宽浅渠道。管嘴的长度和入口断面尺寸依管嘴出口的孔口尺寸而定。根据挡水墙上、下游的水位差和管嘴出口处的孔口面积计算渠道流量。为保证量水精度，进出孔口的上缘须淹没在水面以下至少5cm。如渠道较宽、流量变化较大时，可在挡水墙上设置两个高程相同的管嘴，根据流量大小开启一个或两个管嘴进行量测。量水喷嘴量水精度较高、受泥沙淤积影响较小。适用于比降较小或水质较浑的渠道，过水能力一般为0.07〖KG-1.3mm〗～0.45m3/s。
        
        "
田间水利用系数 water efficiency in field,"灌入农田的有效水量与末级固定渠道供水量的比值。灌入农田的有效水量是指旱作农田计划湿润土层内灌水后增加的储水量或水稻田灌水后增加的储水量;末级固定渠道供水量指末级固定渠道放出的水量。其值与农田平整状况、田间工程配套状况和灌水技术水平等因素有关。是衡量田间水量利用程度的技术指标。
        
        "
渠道水利用系数 water efficiency of canal,"渠道净流量(水量)与毛流量(水量)的比值。任一渠道从水源或上级渠道引入的流量(水量)称“毛流量(水量)”;分配给下级各条渠道的流量(水量)之和称“净流量(水量)”。是表征渠道输水效率的技术指标，也是衡量渠道工程质量和管理水平的技术指标。
        
        "
渠系水利用系数 water efficiency  of  canal system,"灌区在一定时段内从末级固定渠道(农渠)流入毛渠或直接灌入农田的水量与渠首同期进水总量的比值。是衡量各级渠道的输水效率、工程质量和管理水平的技术指标。
        
        "
灌溉水利用系数 water efficiency  of irrigation,"灌区在一定时段内灌入田间并储存在作物根系吸水层(土壤计划湿润层)中的有效水量(对稻田指灌入格田的水量)与渠首引入总水量的比值。是评价灌区工程质量、灌水技术水平和管理工作水平的技术指标。
        
        "
作物水分生产率 crop water productivity; crop water use efficiency,"在一定的作物品种和耕作栽培条件下，单位水量所获取的产量。其值等于作物产量与作物净耗水量或蒸发蒸腾量之比值。单位为kg/m3。是衡量农田供水量被作物利用程度的一种技术指标。
        
        "
排水工程 drainage engineering; wastewater engineering,"收集和排出人类生活污水和生产中各种废水、多余地表水和地下水(降低地下水位)的工程。主要设施有各级排水沟道或管道及其附属建筑物，视不同的排水对象和排水要求还可增设水泵或其他提水机械、污水处理建筑物等。主要用于农田、矿井、城镇(包括工厂)和施工场地等。
        
        "
自流排水 gravity drainage,"排水区域内多余的地面水或地下水在重力作用下汇入排水沟道，逐级下排，最后进入容泄区的排水方式。当排水区域内最低地面高程高于容泄区的洪水位、农田地下水位控制高程高于容泄区的平均水位，并有一定落差足以补偿输水过程中的水头损失时，就可采用这种排水方式。技术简单，工程投资较少，使用广泛。
        
        "
提水排水 pumping drainage,"借助提水机具将排水区域内多余的地面水或地下水排至容泄区的排水方式。现代提水机具主要是机、电驱动的提水机械。当排水区域内最低处的地面高程低于容泄区洪水位、地下水控制水位低于容泄区平均水位时采用。在平原低洼地区和水网圩区广为使用。兴建排水泵站是现代排水工程建设中最常采用的提水方式。
        
        "
农田排水 farmland drainage,"排除田间积水和土壤中多余水分，降低地下水位的措施。包括除涝和降渍两部分。排水方式分地面排水(即排除涝水)和地下排水(即排除渍水和降低地下水位)。前者多用明沟排水，后者兼用明沟和暗沟(管)排水。按汇集地下水方式，分水平排水和垂直排水。水平排水是排水工程各组成部分都是水平或接近水平的，如明沟排水和暗管排水;垂直排水即竖井排水，通过打井以抽排地下水。按排水系统出口水位高低，分自流排水和提水排水。排水可改善土壤通气性，提高土壤温度、改良土壤、保证作物正常生长。
        
        "
地表排水 surface drainage,"排除因降雨等产生的地表径流和地表积水的排水措施。
        
        "
地下排水 subsurface drainage,"排除土壤中过多水分和降低地下水位的排水措施。有明沟、暗管(包括暗沟、鼠道)、竖井等形式。根据地形、土壤、水源补给等因素，结合社会、经济条件，比较分析后选定。
        
        "
控制排水 controlled drainage,"通过在农田排水明沟或暗管的出口加设控制设施，按照作物生长要求和农田水分状况对农田地面水位或地下水位实行有效管理的排水方式。研究表明，控制排水不仅可减少不必要的水量流失，还可同时减少肥料的流失，从而减轻农田化学物质对水体的污染。是最好的水管理技术之一。
        
        "
涝 waterlogging,"亦称“内涝”、“沥涝”。因当地降雨径流不能及时排出而酿成的灾害。表现为种植旱作物的农田积水，水稻田淹水过深、淹水时间太长，致使作物根系分布层缺氧、养分供应失调、作物生长受到抑制，轻则减产，重则绝收。常发生在排水工程不健全的平原低洼地区和暴雨洪水季节。
        
        "
渍 subsurface waterlogging,"亦称“暗涝”。作物根系分布层土壤过湿的现象。土壤水分过多，会导致土壤通气不良，抑制作物根系发育，从而影响作物的正常生长。在地下水位过高或降水过多、土质黏重的地区，易遭受渍害。
        
        "
冷浸田 cold waterlogged paddy field,"长期受冷泉水浸渍的低产农田。主要分布在中国南方各省的山区和丘陵谷地。一般耕作层较浅，底土较紧密;土温、水温低，土壤中还原状况强烈，有的产生铁锈水，缺乏有效养分。改良措施有： 开沟排水、降低地下水位、消灭串灌串排、冬耕晒垡、客土改良、施用石膏等特种肥料和种植绿肥等。
        
        "
除涝 waterlogging control,"亦称“治涝”。消除农田涝灾的措施。主要分为截、排、滞、降四类。截是拦截除涝区外部的径流(包括地面水和地下水)，使其不进入本区域，如开挖截流沟。排是汇集区内涝水送到区外河流(容泄区)，建立完整的排水沟系和排水闸、站。在平原易涝地区，可开挖河网，兼以容蓄涝水，并进行灌溉、航运、给水、养殖等综合利用。滞是充分利用区内湖泊、洼淀，汛前腾出部分容积，以临时存蓄涝水，待洪峰过后，再从湖泊、洼淀中排走，从而降低排水系统的投资。降是降低田间地下水位，减少地下水对作物根系层的水分补给。
        
        "
除涝设计标准 design criteria for surface drainage,"为除涝工程设定的抵御涝灾能力的技术指标。常用的表达方式是要求除涝工程将某一重现期的暴雨径流在规定时段内排出区外，不影响作物的正常生长。暴雨重现期一般采用5〖KG-1.3mm〗～10年，经济发达地区可适当提高。暴雨历时应根据当地经常出现的成灾雨型分析确定，常用1〖KG-1.3mm〗～3天。排水时段视地形、作物耐淹能力和滞蓄径流的条件等因素而定，常用1〖KG-1.3mm〗～3天。设计标准越高，农业生产不受涝灾的保证程度越高，但工程投资、占地面积和运行费用也越大。应通过技术经济论证确定合理的设计标准。
        
        "
排涝模数 modulus of waterlogging control,"单位面积上的排涝流量。单位为m3/(s·km2)。单位面积上要求排除的由设计暴雨产生的径流量，称“设计排涝模数”，是排涝工程设计的基本依据。受暴雨强度、地形、植被、土壤和河网密度等多种因素影响。排涝模数乘以排涝面积即得排涝流量。
        
        "
排水临界期 critical period of drainage,"排水量最大而又最紧迫的排水时段。是一年中暴雨强度最大、雨量最多、作物最易受淹而导致减产的时期。如南方夏季多雨，早稻要落干收割，中、晚稻要移植，耐淹能力又最差，是排水最急、排水量最大的时期。
        
        "
作物耐淹水深 water depth of submergence tolerance of crop,"在一定时间内作物受淹而不致影响产量的田间积水深度。随作物种类、生育阶段和淹水天数等而异。在除涝设计中，常依据作物耐淹水深，在暴雨多发季节用农田临时滞水，从而削减排涝流量，降低排涝工程规模和设备投资。
        
        "
作物耐淹历时 period of crop submergence tolerance,"在暴雨期间田间积水而不致危害作物生长的允许淹水天数。与作物种类、生育阶段、淹水深度等因素有关。是除涝设计中确定排水天数的依据。一般情况下，旱作物在耐淹水深下，耐淹历时为1天左右，水稻在耐淹水深下，耐淹历时为2〖KG-1.3mm〗～5天。
        
        "
地下水适宜埋深 optimum ground water depth,"满足作物正常生长需要的地下水埋藏深度。随作物种类、生育阶段、土壤性质等而异。如小麦播种期为0.5m，分蘖越冬期为0.8m，返青至成熟期为1.0〖KG-1.3mm〗～1.2m。控制农田排水沟中的水位，可获得在作物不同生育阶段所需要的适宜地下水埋深。地下水位保持在适宜地下水埋深的范围内，既满足防渍要求，又可利用地下水不断的补给，减少灌溉用水量。在有盐碱化威胁的地区，应根据地下水临界深度确定。
        
        "
地下排水模数 subsurface drainage modulus,"亦称“排渍模数”。单位面积内排出的地下水流量。单位为m3/(s·km2)。其值与当地的气象、土壤、水文地质、排水沟密度和地下水位控制深度等因素有关，难以精确计算，根据实测资料分析确定，或采用类似地区的经验数据。是计算排水沟排渍流量(日常流量)的依据。
        
        "
除涝排水系统 surface drainage system; drainage system for waterlogging control,"消除农田涝渍灾害的整套工程设施。基本组成部分包括田间沟网(系)、输水沟网(系)和排水出口(包括排水闸、站及容泄区)。
多余的地面水和地下水经由田间沟网汇集后， 通过各级输水沟到达干沟出口，自流或抽排入容泄区。根据排水区的地理条件，除涝排水系统中还有拦截区外坡地径流或分隔高低地的截流沟;在平原圩区，还有滞涝湖荡;对于平原易涝区的输水沟道，还应考虑灌溉、引水、航运等综合利用要求。按排水系统结构，分明沟排水系统、暗沟(管)排水系统和明暗结合排水系统。盐碱化地区，为控制地下水位和洗盐排水，还可出现除涝与治碱结合的竖井排水系统。
"
明沟排水 open ditch drainage,"在排水区内，开挖沟道排除多余的地面水、地下水和土壤水的工程措施。具有施工方便、投资少、收效快等优点，但占地较多;沟道边坡受冲蚀、冻融和地下水逸出的动力作用易于坍塌;沟道常年湿润易生杂草;维修工作量较大。广泛用于农田排水，也常用于城镇、工矿区和施工场地的排水。
        
        "
浅明沟 shallow ditch,"为汇集、排除田间积水和耕作层土壤滞水在田块中临时开挖的横、竖向排水沟。包括墒沟、腰沟等。是南方旱作区排除地表积水、土壤中多余水分，防治旱作物涝渍灾害的重要田间排水设施。
        
        "
毛沟 little field ditch,"旱作农田中临时开挖的季节性排水小沟。联结着墒沟与农沟，与灌溉系统中的毛渠相对应。汇集地面水和耕层土壤中的多余水分。
        
        "
腰沟 transverse ditch,"亦称“横墒沟”。在旱作农田中垂直耕作方向临时开挖的季节性浅明沟。作用是汇集、排除墒沟的积水。位于田块的中部。
        
        "
墒沟 drain furrow,"临时开挖的田间排水浅沟。如北方旱地的排水垄沟，南方麦田的竖沟、横沟、围沟等。各地规格不一，应结合当地土壤条件、降水强度、作物种植要求而定。多余的地表水和表层土壤水汇集到墒沟后，流入横沟、围沟或毛沟。
        
        "
农沟 field ditch,"明沟排水系统中的末级固定沟道。上承毛沟，下接斗沟，其深度和间距是田间工程规划的关键。深度要满足作物生长期间对地下水位控制的要求，也是确定各级输水沟道开挖深度的依据。其间距决定着田块的大小，应满足排地面水和农业机械化耕作的要求。与灌溉系统中的农渠相对应。根据调节地下水位的需要，农沟出口处可设闸控制。
        
        "
容泄区 drainage reception area,"亦称“承泄区”。承纳并宣泄排水区排出水量的区域。河流、湖泊、水库、地下不饱和透水层、多孔岩层、岩溶溶洞或裂隙都可利用。位置应选在排水区的最低处，以便布置排水系统和顺畅地排水。河流作容泄区应具有稳定的河槽和足够的输水能力。如不能满足上述要求，必须采取适当的整治措施。湖泊为容泄区，如调蓄能力不足，应整治出流河道、改善出流条件、降低湖水位。
        
        "
截流沟 intercepting ditch,"亦称“截水沟”、“撇洪沟”。为保护农田、村镇免受上方坡地径流的侵袭，在坡地下缘开挖的排水沟。通常沿等高线布设。有的截流沟与库、塘连接，截蓄结合，以扩大灌溉水源;有的可拦截地下水流，兼起截渗作用。
        
        "
截渗沟 seepage  intercepting ditch,"为拦截外部流向保护区的地下径流而开挖的排水沟。一般布设在水旱田分界处、低地上方、背河洼地的边缘、山麓与河流冲积扇的下部地区、水库周围、渠道两侧、圩堤内侧、冲谷冷浸田的上方等处。用以防止保护区内地下水位的抬高，以免造成渍害和盐碱化。
        
        "
撇洪沟 diversion flood ditch,"为拦截山洪，保护坡下农田、工矿、城镇、道路或建筑物等而修建的排水沟。在适当地点，把拦截的洪水导入沟溪或下游河道。
        
        "
等高截流 contour interception,"在山丘地区的坡面上隔一定距离沿着等高线开挖截流沟(环山沟)，以截蓄或截引坡面径流的措施。可使山水就地入渗，或引入附近水库、塘坝容蓄，做到水不下山，既防止水土流失，又扩大灌溉水源。遇暴雨蓄水满溢时，再把山洪导引入下游河道。是山区水利化的重要措施。还应用于山圩分家或圩内高低地分片的治理。
        
        "
沟洫 system of ditch and canal,"中国古代对农田排水沟道系统的称谓。早在西周时，农业生产实行井田制，已有比较完备的排水系统，排水沟小的为“沟”，大的为“洫”，统称“沟洫”。《周礼·地官·遂人》记载：“十夫有沟，百夫有洫。”汉代郑玄注释《周礼·地官·小司徒》也指出是用来消除水害的。后世常以“沟洫”两字表示农田灌溉排水的沟渠工程，现已鲜见使用。
        
        "
沟洫畦田 border field with opendrains,"在平原地区，挖沟筑畦，用以蓄水除涝的工程措施。在一般不涝，但有时雨大会使土壤过湿、不下雨又会发生旱情的平原高地，对农田深翻整平，修筑地埂，构成畦田。筑埂取土挖出的沟称“沟洫”，以容蓄田间来水。沟洫要与固定排水沟道相衔接，做到能蓄能排。
        
        "
沟洫条田 strip field with open drains,"简称“条田”。黄淮海平原上除涝的田间工程。在排水较畅的洼地或地势较平坦的缓坡地，开挖浅而密的田间沟，把田块分隔成条状。规格要根据地形、土壤条件，除涝、灌溉要求，机耕和田间管理的方便，因地制宜地确定，一般宽50m，长200〖KG-1.3mm〗～300m。条田沟要与排水系统衔接，使排水有出路。
        
        "
沟洫台田 raised field with opendrains,"简称“台田”。黄淮海平原上的除涝治碱工程。在地势低洼、下游水位顶托、排水不畅的易涝易碱地区，开挖深而密的田间沟，利用挖沟出土抬高田面，故称“台田”。规格要因地制宜，如纯系除涝防渍，应稍高于常年积涝水深，一般抬高0.2m左右;如为治碱，垫土厚度应根据盐碱化程度和土质情况，一般0.3〖KG-1.3mm〗～0.5m。宽度要考虑取土平衡，一般台面较窄，长度与条田同。要与排水系统衔接，使排水有出路。
        
        "
抬田 raised field,"为了减少因兴建水利枢纽工程而造成耕地淹没损失，将浅水淹没区的耕地，垫高至土地征用线以上0.5〖KG-1.3mm〗～1m，保留耕地面积的工程措施，对抬高后的耕地进行田间工程建设，完善农田灌排条件，使被抬高后的耕地满足农业生产要求。江西峡江水利枢纽库区，为减少移民，兴建了近2000hm2的抬田，取得了良好的社会经济效益。
        
        "
暗管排水 subsurface pipe drainage,"在地下埋设暗管以排除农田土壤多余水分、降低地下水位的措施。按结构形式，分： (1) 管道，有瓦管、灰土管、水泥土管、混凝土管和塑料管等;(2) 暗沟，挖一定深度的沟，上盖土垡再回填土而形成暗沟，或在沟底填滤水材料再回填土而形成填料暗沟;(3) 鼠道(见“鼠道排水”(228页))。
        
        "
暗沟排水 blind ditch drains,"利用埋设在地下的排水沟排除土壤中过多水分和降低地下水位的措施。暗沟应上盖土垡再回填覆土，或在沟底填滤水材料再回填覆土。排水暗沟的埋深和间距，根据作物种类、土壤质地、降雨量和蒸发量大小等因素决定。暗沟坡降一般1/500〖KG-1.3mm〗～1/1000。优点是节省土地、不占农田;就地取材，节省工程投资;能保证排水深度;较好地控制土壤水分，改善土壤通气状况。但易塌淤，费工费料，又不便维修。也可用暗管代替暗沟，但投资会加大。
        
        "
暗管排水系统 subsurface pipe drains system,"由暗管组成的农田排水系统。包括集(排)水管、输水管、截水管及其附属建筑物。集水管按一定深度和间距埋置于田间，末端与输水管连接。地下水和土壤中多余水分进入集水管后，再通过输水管排向泄水口。截水管多沿排水区边界垂直地下水流向布置，用以拦截邻区高地地下水的入侵，或设置在水旱作物分界处。管道上的建筑物，主要用于调节地下水位和工程检修。也可明沟与暗管结合。一般田间集水用暗管，输水用明沟。随着农田排水事业的发展，还有使用双层暗管的排水系统，或者上层鼠道与下层暗管相结合，以提高排水效能。
        
        "
排水管滤层 drain filter,"包裹在排水管周围的滤料层。作用是使地下水能自由进入暗管，同时又能阻止土壤颗粒进入暗管或滤层。滤层材料应价廉且易于取材，便于运输、施工，确保排水效能。常用的滤料有砾石(有良好的级配)、稻草、麦秸、稻壳和泥炭碎屑等，在暗管埋设后，松散地铺裹在暗管外面。另一种是用玻璃纤维、尼龙织物或其他合成材料做成纸或用稻草、泥炭屑等做成1〖KG-1.3mm〗～2cm厚的席，在埋管时成卷的放在铺管机上进行铺设。如排水暗管是穿孔塑料管(光壁管或波纹管)，还可将滤层纸或席预先包裹在管外，再行铺管。如土壤是稳定的，也可不设滤层;但对于无黏性的细沙或粉沙土，滤层是必不可少的。一个设计合理的砾石滤层，还可作为稳定排水暗管的基础。
        
        "
挖沟铺管机 pipe-laying trencher,"将挖沟和铺管两种功能集于一身的排水暗管施工机械。按挖掘部件，分链刀式挖沟铺管机和链斗式挖沟铺管机。前者的挖掘部件为带有刀片的链条，机器向前行驶，链刀同时旋转，挖成矩形沟槽，切割的土壤由螺旋输送器抛上沟的一侧或两侧地面。管道通过管箱铺设于沟底，接着填入滤料。链刀可随作业要求改变刀型和宽度，所需动力较无沟铺管机小。作业速度依土质软硬和选用的沟宽不同而异。后者的挖掘部件为两条带斗的链条，在链轮带动下，链斗通过输送带上的导料槽将土卸至沟的一侧，适用于开挖黏重土壤，但结构复杂，重量大，有被链刀式完全取代的趋势。又可按行走部件，分履带(链轨)式和轮胎式。挖沟铺管机的作业过程，可借激光自控装置准确控制管沟的纵坡。
"
无沟铺管机 trenchless plow,"亦称“排水管犁”。同时完成开槽、铺管、覆土工作的排水暗管施工机械。主要部件是带有刀口的柱形犁体(犁刀)和铺管装置。在动力驱动下直接行驶工作，靠犁刀挤压土壤开出一条沟缝，同时向沟缝放入管道和滤料。省去挖土工作，也无需回填，只要铺管机的履带在沟缝上行驶一趟就可弥缝。按控制埋管深度方法，分： (1) 深度限制轮式，适用于坡度均匀且能采用等深度操作的农田;(2) 浮动梁式，犁刀通过滚轮与拖拉机相连，操作深度是通过抬高或降低滚轮的挂结点而进行调节的，适用于地面不平的农田。无沟铺管机工作效率高，费用少(为开沟铺管机的1/3〖KG-1.3mm〗～1/2)，但所需功率大，为147〖KG-1.3mm〗～294kW，埋管直径较小，适用于湿润或干松土壤。
"
排水管清洗机 drain pipe cleaner,"简称“洗管机”。冲洗排水暗管内沉积泥沙的专用机具。分高压和低压两种。前者由高压柱塞泵、连接软管和喷嘴等组成。清洗时，喷嘴的一个出水孔向前喷出高压水冲洗管道，另有三个出水孔向后喷水，使喷嘴和连接软管在排水管中边冲洗边前进。后者由活塞隔膜泵和胶管等组成。清洗时，借助人力将胶管送入排水管中进行冲洗，也可与拖拉机配套使用。
        
        "
鼠道排水 mole drainage,"用特制的机具(鼠道犁)在土层中开凿、挤压出管状通道(称“鼠道”或“鼠洞”)，以排除农田土壤多余水分的工程措施。鼠道犁的成洞部件由犁刀和锥形扩孔器组成，在拖拉机或动力绞盘的带动下，犁刀破土成缝，扩孔器挤压土壤成洞。鼠道直径小于10cm，设置深度一般0.4〖KG-1.3mm〗～0.6m，有的深达0.8m左右，间距2〖KG-1.3mm〗～5m。鼠道出口段与排水沟垂直相交，洞口用瓦管等材料加以保护，以防止坍塌。在水旱轮作地区，为减少稻田渗漏，还应在洞口增加控制设备。
        
        "
鼠道犁 mole plough,"亦称“塑孔犁”、“暗沟犁”。由动力机、犁刀板和塑孔器等组成的开挖排水鼠道的专用施工机具。可由拖拉机或动力绞盘牵引作业，按与拖拉机的挂接方式，分牵引式与悬挂式;按工作部件，分振动式与非振动式。操作较简便。
"
生物排水 biological drainage,"亦称“植物排水”。利用植物根系吸水和叶面蒸腾作用降低地下水位的排水措施。常与沟、渠、路结合，布置护田林网，兼收控制地下水位、防风固沙、抑制土壤返盐和改善农田小气候等效果。除树木外，还可种植根深叶茂、耗水量大的牧草和其他植物。
        
        "
减压井 relief well,"设置在堤背水侧、坝下游土基内的排水设施。通常先在堤、坝下游坡脚外按需要的深度打出井孔，再在井内装滤管，并在滤管与井壁间填入砂砾料反滤层，以导渗入井，避免水流带出细沙，堵塞管壁。用以减小堤坝地基内的渗透水压力，防止土壤渗透变形和增强地基稳定性。主要用于基础为表层透水性弱而下层透水性强的双层或多层结构的土体。
        
        "
沉沙井 desilting well,"排水暗管或灌溉渠道上沉积水流中挟沙的设施。为一方形(或圆形)坑。常用砖、石、混凝土筑成。暗管沉沙井一般设置在管线坡度转折点或上下
管衔接处(也可作为管道联结箱)。为不妨碍耕作，埋置在地面以下并加顶盖。开敞的也起管道减压的作用。灌溉渠道上的，多设置在建筑物(如倒虹吸)进水口前。沉积的泥沙，可人工清除。
        
        "
跌水井 drop well; drop shaft,"调节暗管比降的建筑物。一般设置在地面高差较大处，以衔接上下管段。多用混凝土或瓦管做成。在灌溉渠道上，也有用跌水井衔接上下渠段的。
"
竖井排水 shaft well drainage; vertical drainage,"亦称“垂直排水”，简称“井排”。在排水区域内布置若干井点，通过抽取井水以降低地下水位的措施。地下水水质良好时，多结合井灌布置，以灌代排;如水质不佳，应把抽出的井水通过浅明沟送到排水区域以外。能较快地大幅度降低地下水位;有利于雨季蓄纳降水，减轻排涝负担;增加灌溉水源;改善地下水质;不必大量开挖明沟。但运行费用较高。
        
        "
排水分区 division of drainage district,"根据排水区域内的地形特点和排水出路而进行分区治理的措施。目的是尽量扩大自流排水的面积，并解决排水区域内高低地之间的矛盾，使排水更加迅速有效，排水工程的规划布置更加合理经济，并便于运行管理。
        
        "
圩区 polders,"亦称“圩垸”。四周环水、地势较低、依靠堤防保护方能从事生产、生活的地区。堤防包围的每一个独立区域，在长江下游地区称“圩”，中游地区称“垸”，统称“圩垸”。分布在沿江、滨湖和受潮汐影响的河流三角洲地带，地面高程大部分在河道的洪枯水位或高低潮位之间。汛期河湖水位常高于农田，必须筑堤防洪，在圩堤的适当位置建水闸、船闸、泵站，解决圩内的排水、灌溉问题和满足圩内外来往的交通需要。
        
        "
灌排分开 separate irrigation and drainage system,"灌溉系统和排水系统分开布置的灌排模式。平原灌区宜采用灌排分开的布置方式，不仅可及时排除涝水和有效地控制地下水位，起到排涝、降渍、防止土壤盐碱化的作用，而且可通过灌溉系统引用河水进行灌溉或洗盐，并配合深沟排水达到改良土壤和淡化地下水的目的。
        
        "
分级分片控制 control by steps and zonations,"在圩内和平原易涝地区，为解决高低地的排涝矛盾，根据地面高程分区划片，分别控制河网水位的治理措施。通过在圩区排水干河上建分级节制闸或简易船闸，并加高上游河堤，使圩内高低片分开，达到高水高蓄高排、低水低蓄低排，解决高低地的排涝矛盾。在平原易涝易旱地区，为发挥河网在除涝、蓄水、灌溉、航运等方面的综合效益，克服地形高低带来的矛盾，也需要在河道上设闸，实行分级分片控制。
        
        "
河网 river net; river network,"在江河下游的易涝平原上密布成网的水系。由新挖的许多大小河沟与原有河道所组成。以干、支河为骨干河网，大、中、小沟为基本河网或称“沟网”。作用是排水和降低地下水位，兼通农船。大、中、小沟的开挖，应结合田、渠、路、林统一规划。为便于控制运用，在骨干河网上，分段建闸、形成梯级，大沟出口处，也建闸控制，以便有计划地进行排、滞、蓄、引、灌。
        
        "
梯级控制 stepped control,"在平原河网的骨干河道上，分段建闸以控制落差和分级治理的措施。为达到排洪、除涝、灌溉、航运、给水等综合利用的目的，在平原坡地的骨干河道上，根据地形的高程，分段建闸，使建筑物上下游的水面形成一定的落差，即所谓梯级。干旱时闭闸，遇到暴雨时开闸，有控制地进行滞涝、排水、引水、蓄水，灵活调度，以消除洪涝灾害，发展灌溉，保障工农业生产的需要。
        
        "
蓄洪垦殖 flood storage and reclamation,"利用沿江、滨湖的洼地，兼顾分洪、种植双重任务的土地利用方式。在洼地周围筑堤建闸，使其与江、湖隔绝，进行垦殖，在江河流量不超过下游安全泄量的一般年份，保持正常的农业生产，而在大水年份，开闸分洪，利用垦殖区暂时滞蓄洪水。如长江中游的洪湖蓄洪垦殖区、华阳河蓄洪垦殖区。
        
        "
围垦 inning,"在沿江、滨湖滩地或滨海滩地(海涂)上，圈围筑堤进行垦殖的工作。滨湖围垦称“围湖造田”;滨海围垦称“海涂围垦”或“围海造田”。围垦区内需修建排灌系统，对海滩地尚需进行盐分淋洗和改良土壤。应在水利、农林牧副渔、卫生和环保等部门统一协调下规划围垦，综合利用自然资源，以发挥最高效益，保持生态平衡。中国自1996年后，为避免因围垦而使湖面缩小，影响蓄洪能力，围湖造田已受限制，对严重影响防洪的围垦区还要求退田还湖。
        
        "
盐碱地改良 saline-alkaline land reclamation; improvement of saline-alkaline land,"亦称“治碱”、“改碱”。盐土、碱土和盐渍化土壤的改良和利用，以及预防土壤次生盐渍化的工作。分水利和农业两个方面。水利方面： 建立完善的排灌系统，做到灌排分开，加强用水管理，严格控制地下水位，灌水冲洗，引洪放淤，种植水稻等，不断淋洗和排除土壤盐分。农业方面： (1) 物理改良，改善土壤质地和结构，增施有机肥料，增强土壤渗透性能，减少土壤蒸发;(2) 化学改良，降低或消除土壤碱性，改善其理化性质;(3) 生物改良，选种耐盐作物，改进种植方法，增加地面植被，减少地表蒸发。盐碱地改良要因地制宜，综合治理。
        
        "
盐碱土 saline-alkaline soil,"含有过多可溶性盐碱成分的土壤。土壤饱和溶液在25℃时的电导率大于4mS/cm，pH小于8.5，交换性钠的百分率小于15%的土壤，称“盐土”;电导率大于4mS/cm，pH约为8.5，交换性钠百分率大于15%，所含可溶性盐中重碳酸钠占优势，并有部分碳酸钠存在的土壤，称“苏打盐土”或“碱化盐土”;电导率小于4mS/cm，pH为8.5〖KG-1.3mm〗～10，交换性钠的百分率大于15%的土壤，称“碱土”。盐土和碱土统称“盐碱土”，是干旱、半干旱地区分布很广的土类，在半湿润、湿润地区的滨海地带也有分布。盐土由于土壤溶液浓度高，妨碍植物根系吸水，严重时导致植株枯萎。碱土由于碱性强，对植物和土壤微生物都有毒害作用，并恶化土壤物理性状。在良好的排水条件下，盐土可通过灌水和利用降水淋洗土壤中过多的可溶性盐分，使土壤脱盐得以改良，并结合农业措施和林业措施，巩固脱盐效果。碱化盐土和碱土则需要使用化学改良剂，再配合农业措施和水利措施，进行改良。
        
        "
盐土 solonchak; saline soil,"耕层土壤中水溶性盐类含量过高，危及作物生长的土壤。广泛分布于世界的干旱地带和沿海地区。中国主要分布在东北、华北、西北，渤海、黄海沿岸等地。其特征是盐分易在表土积累，形成盐霜、盐结皮等。可根据1m土层内所含可溶性盐类占干土重的百分率来划分。含盐量小于0.2%称“非盐渍化土”， 0.2%〖KG-1.3mm〗～0.5%称“轻盐渍化土”， 0.5%〖KG-1.3mm〗～0.7%称“中盐渍化土”， 0.7%〖KG-1.3mm〗～1.0%称“强盐渍化土”，大于1%则称“盐土”。其盐类的成分主要是氯化钠、硫酸钠。改良措施可采用排水、冲洗和种稻等，以加快土壤的脱盐。并结合种植绿肥，增施有机肥料等措施，可使它逐渐得到改良。
        
        "
碱土 solonetz; alkaline soil,"土壤胶体吸附代换性钠离子较多，呈强碱性的土壤。在中国分布很少，只有东北、内蒙古和宁夏等地有少量存在。含盐成分主要是碳酸钠、重碳酸钠。一般都为光板地，土壤高度分散，湿时泥泞、干时固结，土壤通气性和透水性差，致使作物不易出苗生长。可根据代换性钠离子的含量(称“碱化度”)划分，小于5%称“非碱化土”，5%〖KG-1.3mm〗～10%之间称“弱碱化土”，10%〖KG-1.3mm〗～20%之间称“强碱化土”，大于20%则称“碱土”。碱化程度较小的，可在灌溉排水的基础上，采用深翻结合施有机肥或种植绿肥改良。碱化程度高的，需施用化学改良剂(如石膏、磷石膏和黑矾等)。
        
        "
盐渍化 salinization,"亦称“盐碱化”。盐分在土壤中积聚形成盐渍(碱)土的过程。滨海地区由于长期受海水浸渍发生盐渍化，内陆的干旱、半干旱地带，蒸发量大于降雨量，土壤下层和地下水中所含的盐分，因地下水埋深小，借水分的毛管上升不断进入耕作层，水分蒸发后，盐分就积聚起来，导致土壤盐渍化。地下水位的高低、地下水矿化度的大小与土壤盐渍化过程有着密切的关系。人为不合理灌溉等，也会使地下水位上升，引起或加速可溶性盐类在表层积聚，引起土壤盐渍化，这种盐渍化称“次生盐渍化”。
        
        "
碱化 basification; alkalization,"土壤溶液中的代换性钠离子被土壤胶体吸附的过程。土壤中含有的碳酸钠、碳酸氢钠等盐类，能在土壤中发生强烈水解，胶体吸附一定量的代换性钠离子后，使土壤呈强碱性反应，形成土壤的碱化。苏打盐土逐渐脱盐、碱化，以及含有重碳酸钠和碳酸钠的地下水在上升过程中不断蒸发也能使土壤碱化。
        
        "
次生盐渍化 secondary salinization,"亦称“土壤次生盐碱化”。由于不合理的人为措施而引起耕作土壤盐渍化的过程。主要因灌排系统不配套，过量灌水，排水受阻，引起地下水位上升所致。农业技术措施运用不当，也会加速其发展。防治措施应以减少对地下水的补给、降低和控制地下水位为主。有健全灌排系统、加强用水和排水管理、进行渠道防渗、采用节水灌溉技术、平整土地和合理运用农业技术措施等。
        
        "
地下水临界深度 critical depth of groundwater,"在干旱季节，不致引起耕层土壤积盐的地下水埋藏深度。是盐渍化地区确定排水沟深度的依据。其值等于毛管水强烈上升高度与作物主要根系分布层厚度之和。如地下水矿化度不高，则可用耕作层厚度代替主要根系分布层厚度。
        
        "
水盐运动 water-salt movement,"溶解于地下水或土壤水中的盐分随水运移的状况。是由于水的压力差或溶液浓度差的作用所致。与气候、地形、土壤、水文地质条件、灌溉排水和农业技术措施等因素有关。在蒸发作用下，土壤水或地下水把盐分积聚在地表，灌溉或冲洗又把盐分带到土层深部或排出区域之外。研究水盐运动规律，可掌握田间土壤和地下水盐动态变化，制定相应的控制措施，达到改造利用盐碱地和防治次生盐渍化的目的。
        
        "
返盐 salt accumulation,"亦称“积盐”。盐分由土壤下层上升到表层的现象。形成原因主要是灌溉不当(如大水漫灌)和排水不良，使地下水位升高到临界深度以上。土地不平整、农业技术措施不当也会引起土壤返盐。持续不断地返盐会引起土壤重新盐碱化。
        
        "
土壤改良 soil amelioration; soil improvement,"改善土壤性状，提高土壤肥力，为植物生长创造良好土壤环境的工作。主要有： (1) 通过水利措施改良土壤，如排水、灌溉、洗盐、放淤等;(2) 通过农业技术措施改良土壤，如深耕、施肥、合理轮作、压砂、换土、栽种绿肥作物、平整土地、修梯田等;(3) 通过营造森林改良土壤，如营造护坡林、护田林、固沙林等。土壤改良必须根据当地的自然条件和经济条件，因地制宜地制订规划，分期分批实施，达到既改良土壤，又能当年收效的目的。
        
        "
洗盐 salt-leaching,"用淡水冲洗土壤中过多盐分的措施。在盐碱地上采用拦蓄雨水、引水灌溉、种植水稻、引洪放淤等方法，可有效淋洗根层土壤中的过多盐分。必须与开沟排水相结合，使淋洗后的含盐水分及时排出，避免因抬高地下水位而招致土壤返盐的现象。
        
        "
压盐 salt-leaching out root zone,"通过灌水淋洗土壤盐分的措施。在次生盐渍化威胁的地区(如中国西北及华北的一些地区)，春季干旱多风，气温上升快，蒸发量加大，土壤水分损失较快，盐分随之向地表积聚产生返盐现象，以致影响作物生长，必须加大灌水定额，在满足作物需水的同时淋洗根层土壤盐分。通常盐碱地上的灌水定额要比当地非盐碱地的灌水定额约多20%左右。在秋季冲洗改良的盐碱地上，为防止春季返盐，保证春播，应进行播前灌水压盐，并加大灌水定额到60〖KG-1.3mm〗～100m3/亩，可明显地提高出苗率。
        
        "
脱盐 desalinization,"农田土壤中可溶性盐类的含量逐渐减少的现象。农作物正常生长允许的土壤含盐量称“土壤脱盐标准”。改良盐碱土可通过以灌水冲洗和排水为主的水利措施结合农业措施，使作物根系层中的土壤含盐量逐渐减少，达到脱盐标准。
        
        "
抽咸补淡 pumping off salted water and replenishing fresh water,"凿井抽走浅层地下咸水，再通过降水入渗或引地表水回灌，逐渐淡化地下水的措施。在浅层地下水矿化度很高的地区，利用竖井排水的方式将咸水抽出，通过明沟排水系统排入容泄区，能迅速降低地下水位，增加土壤蓄纳雨水的能力，减少地表径流，并使土壤盐分得到淋洗。在地表水源充足的地区，可采用人工回灌措施补给地下水，逐年降低地下水矿化度。对治理涝、渍和土壤盐碱化颇有成效。
        
        "
蓄淡养青 fresh water storage and irrigating crops,"滨海垦区为防御咸水危害和拦蓄淡水而采用的工程措施的总称。措施有： 修建挡潮堤、闸，以抗御风暴潮的威胁，防止咸水入侵;开挖排水沟，排除垦区内部的咸水;在河口处修建挡潮堤、闸，进行河槽蓄淡，海湾堵港蓄淡，圈围海滩地可利用垦区内部港汊、洼地蓄淡，以满足土壤洗盐、作物灌溉和生活用水的需要。
        
        "
翻淤 turn up bottom clay,"改造盐碱地的深翻措施。土壤盐分分布上重下轻，下层土质又较好(如淤土)时，将下层好土翻到地表，把表层盐碱土翻到下层，可改变土壤剖面的盐分分布状况，为作物创造一个适宜生长的耕作层。
        
        "
盖砂 covering sand,"以砂盖土的保墒防盐措施。风力强、蒸发量大、气候干旱、砂石资源较多的地区，在农田上盖砂可减少土壤蒸发和防止土壤返盐。有两种方法： (1) 耕地前将砂撒开，经过耕作，使其与土壤混在一起;(2) 在播种后出苗前，按播种方式将砂呈条状或穴状撒开，以覆盖播种部位地面，抑制返盐。盖砂的作用在于防止地面蒸发，减少盐分上升，改善盐碱地的水分物理状况。甘肃省有些地区也有用石子铺地保墒并防止返盐的。
        
        "
覆盖 mulching,"利用某种材料覆盖农田土面或水面的一种栽培措施。具有保水、增温、改善土壤理化性能、有利土壤微生物活动、防止土壤盐碱化等作用，有利于促进农作物的生长发育。
        
        "
水土保持 soil and water conservation,"防治水土流失，保护、改良和合理利用水土资源，建立良好生态环境的工作。运用农、林、牧、水利等综合措施，如修筑梯田，实行等高耕作、带状种植，进行封山育林、植树种草，以及修筑谷坊、塘坝和开挖环山沟等，借以涵养水源，减少地表径流，增加地面覆盖，防止土壤侵蚀，促进农、林、牧、副业的全面发展。对于发展山丘区和风沙区的生产和建设、减免下游河床淤积、削减洪峰、保障水利设施的正常运行和保证交通运输、工矿建设、城镇安全，具有重大意义。
        
        "
小流域治理 small watershed control,"以小流域为单元，防止水旱灾害和水土流失的治理措施。其面积一般为10〖KG-1.3mm〗～30km2。宗旨是： (1) 全面规划，合理安排农、林、牧等各业用地，对流域内水土资源进行合理开发利用，对水旱灾害的预防和治理提出预案;(2) 防治水土资源的损失和破坏，保护土地生产力;(3) 防止流域生态系统退化，维持生态平衡，提高经济可持续发展能力。一般常分为总体规划和专项规划两种，前者是对全流域治理的总体布置;后者是对单项任务编制的具体方案，前者是后者的基础和依据。
        
        "
水土流失 soil and water loss,"土壤在水的浸润、冲击作用下，结构发生破碎和松散而随水散失的现象。人类对水土资源不合理的开发和经营，使土壤覆盖物遭受破坏，加速水土流失进程。可使土壤肥力降低、水灾和旱灾频繁发生、地下水位降低、河道淤塞、环境质量下降、生态系统的平衡遭到破坏。必须采取水土保持措施加以防治。
        
        "
风蚀 wind erosion,"以风的作用力为主要应力导致的土壤侵蚀类型。风力作用于地面，引起地表土粒、沙粒飞扬、跳跃、滚动和堆积，并导致土壤中细粒损失。主要发生在干旱和半干旱地区。
        
        "
水蚀 water erosion,"以水的作用力为主要应力导致的土壤侵蚀或水土流失类型。水在流动过程中有破坏地表并掀起地表物质的作用。水流破坏地表有侵蚀、磨蚀和溶蚀作用三种方式。中国黄土高原水蚀作用最严重，造成水土流失，使河水中含沙量剧增。
        
        "
面蚀 surface erosion,"全称“面状侵蚀”，亦称“片蚀”。在缺乏植被的缓坡地面上，一遇暴雨，表层土壤均匀地受到冲刷，随水流失的现象。面蚀的速度虽较缓慢，但流失的是表层肥沃土壤，且分布面广，土壤侵蚀量很大，表土损失量每年可达0.1〖KG-1.3mm〗～15mm，对农业生产的影响较大，也是河道中泥沙的主要来源。如不及时治理，还可能发展成为沟蚀。
        
        "
沟蚀 gully erosion,"全称“沟状侵蚀”。降雨径流在地面上汇集成股，将斜坡地面切割出一定沟痕的水土流失现象。按发展阶段划分为： (1) 细沟侵蚀。面蚀进一步发展，就在沿坡方向形成紊乱的侵蚀细沟，沟的宽深不超过0.2m，沟槽常不固定。(2) 浅沟侵蚀。细沟进一步发展，相互连通、汇集而发展成浅沟，沟宽1.5〖KG-1.3mm〗～2m，深为0.5〖KG-1.3mm〗～0.8m，沟槽固定，沟的纵断面和坡面一致，耕作受一定阻碍。(3) 切沟侵蚀。沟的宽深均大于1m，甚至达数十米，沟身下切已不和坡面一致，把原坡切割得支离破碎，耕作受阻，是水土流失带来的严重恶果。
        
        "
沟壑密度 gully density,"单位面积上沟道所占的长度。以km/km2计。中国黄河中游地区，水土流失严重的地方，每平方千米面积上的沟壑数可达30〖KG-1.3mm〗～50条以上，总长达6〖KG-1.3mm〗～7km，且沟头每年以数十米至数百米的速度前进。
        
        "
侵蚀模数 erosion modulus,"地表单位面积上每年由于水、风等侵蚀所丧失土壤的数量。以m3/(km2·a)或t/(km2·a)计。用以表示土壤侵蚀的程度。
        
        "
水平埝地 level terraces,"亦称“埝地”。中国西北黄土高原缓坡地区(地面坡度小于5°)筑有宽顶缓坡土埂(埝)的条田。是一种水土保持工程措施。土埂一般沿等高线布置，就近取土堆筑、夯实，表面呈曲面，种植作物。两埝之间平整成水平田面。具有保水、保土、保肥、有利耕作和灌溉等优点。
        
        "
沟头防护 gully head protection,"阻止侵蚀沟继续向上游延伸的防护措施。是山丘区水土保持的重要措施。在沟头上游坡面上沿等高线开沟筑埂，选择适当位置开挖涝池，拦蓄坡面径流;或加固沟头、营造沟头防护林等。
        
        "
水簸箕 drainage dustpan,"在坡地侵蚀浅沟中，修筑小土埂，以蓄水拦沙的小型工程。土埂和与其垂直的沟槽构成簸箕状的坑塘，故名。沿沟槽分段修筑，形成工程群体，蓄水保土，拦沙造地，防止侵蚀沟继续下切。埂坎间距视沟槽纵坡而定，一般为5〖KG-1.3mm〗～15m，埂高一般采用0.5〖KG-1.3mm〗～1.0m，埂顶宽0.2〖KG-1.3mm〗～0.3m，外坡1∶〖KG-*2〗1，内坡1∶〖KG-*2〗0.5。集水面积较大时，在土埂一端设固定的泄洪口，宣泄过量洪水，保证堤埂安全。
        
        "
人工沙障 blocking sand by artificial barrier,"为控制风沙危害而设置的障碍物。作用是： 增加地表粗糙度，削弱近地面风速，改变风沙流结构，制止风蚀，调节堆积。类型有： (1) 高行立式(障高75〖KG-1.3mm〗～100 cm);(2) 半隐蔽式(障高20〖KG-1.3mm〗～30cm);(3) 隐蔽式(埋在沙内，露出障顶约5cm);(4) 平铺式;(5) 簇式。按其类型分别选用草、枝条、砾石、黏土等材料。也可采用植树、种草等生物障碍，称“生物沙障”。
        
        "
蓄水保土耕作 tillage techniques of storing water and conservation soil,"在坡耕地上采用的保水、保土、保肥、提高作物产量、减少土壤侵蚀的耕作方法。分为四类： 以改变微地形为主的沟垄耕作、坑田(区田)耕作、圳田(0.6〖KG-1.3mm〗～1.0m宽的窄小梯田)耕作等;以增加植被为主的草田等高带状间作等;以减少土壤水分蒸发为主的保留残茬，秸秆覆盖、地膜覆盖、砂卵石铺盖(砂田)等;以增加土壤抗蚀力为主的免耕法、少耕法等。
        
        "
涝池 pond; pool,"亦称“水塘”、“池塘”。在地面掘土成池，用以拦蓄地表径流的小型蓄水工程设施。是中国西北黄土高原地区的一种抗旱和水土保持工程措施。多开挖在路边、村旁、坡脚和沟头上方，以拦蓄地表径流，防止土壤侵蚀，为人畜饮水和抗旱灌溉提供辅助水源。
        
        "
水窖 water cellar,"亦称“旱井”。干旱地区存蓄雨、雪水的地下工程设施。在地下水很深或地下水矿化度高的地区，在村旁、田边、路旁等水流汇集的地方，开挖形如瓶、瓮、窑洞等形式的土窖。深5〖KG-1.3mm〗～10m，直径3〖KG-1.3mm〗～5m，容积一般为30〖KG-1.3mm〗～40m3，大的可达100〖KG-1.3mm〗～600m3。内壁与底部用胶泥(黏土)防渗。下雨时，把地表径流蓄入窖内。是当地人、畜饮用水的主要来源，还可浇灌农田。在水源比较丰富的地区，为了蓄水、用水和管理方便，可修成连环旱井群。是高原、干旱地区的一种水利设施，也起防止水土流失的作用。
"
淤地坝 warp lamd dam; silt retaining dam,"在侵蚀沟内为拦泥淤地而修建的坝工建筑物。坝体多为黄土均质坝，也有少量土石混合坝、塑性心墙坝和砌石拱坝。是中国西北黄土沟壑区水土保持工程措施之一。具有拦截泥沙、增加耕地、削减洪峰、固定沟床等作用。坝上游的淤地称“坝地”或“沟(川)台地”。
        
        "
谷坊 check dam,"在侵蚀沟壑或山溪中修筑的挡水拦沙的小坝。坝高一般小于5m。是山丘区水土保持工程措施之一。按建坝材料，分土谷坊、石谷坊、混凝土谷坊和插柳谷坊等。可缓和水流，阻截泥沙，制止溪、沟侵蚀的发展，减轻山洪和泥石流的危害。小坝上游的淤地可造林或种植作物。
"
等高沟埂 contour furrow and ridge,"亦称“撩壕”。在山坡上沿等高线开沟，在沟的下侧堆土筑埂的水土保持工程措施。用以拦截降水径流，减少坡面冲刷。
        
        "
鱼鳞坑 scaled pit; fish scaled pit,"在陡坡地上修筑的用以拦截地面径流和种植树木的小土坑。在靠山坡一侧挖土成坑，在外侧堆筑截流挡水的堤埂，坑的形状近似半圆，像一片鱼鳞。等高成行，上、下交错布置。坑的规格及其间距视地面坡度、土壤性质、设计暴雨量、植树造林要求等因素而定，水平方向的间距为1.5〖KG-1.3mm〗～3.0m(约2倍坑径)，上下两排坑的斜坡距离为3〖KG-1.3mm〗～5m，坑深约0.4m，土埂中间部位填高0.2〖KG-1.3mm〗～0.3m。坑的堤埂一般用表土或石块砌筑，坑内生土外露，树宜种在坑的内坡。每坑一树。
        
        "
水平沟 contour furrow; contour trench,"在山坡上沿等高线开挖的水平沟槽。是荒坡造林的水土保持设施之一。在25°左右的坡地上，自上至下，断续开挖，上下沟槽成品字形交错排列。作用是拦蓄雨水，减轻坡面冲刷。其断面大小、深浅和间距，视地形坡度、土质、雨量和植物的种类而异，一段长3〖KG-1.3mm〗～5m，深0.3〖KG-1.3mm〗～0.5m，底宽0.3〖KG-1.3mm〗～0.5m。沿沟的下侧用挖出的土、石垒埂，并植树于沟埂内侧。土埂和坡面可种草或矮小灌木。
        
        "
梯田 terrace; terraced fiele,"在坡耕地上沿等高线筑埂、平地，修成台阶状的农田。是山丘区水土保持措施之一。各级田块的边缘用土石筑埂。按田面坡度状况，分水平梯田、反坡梯田、坡式梯田。可保水、保土、保肥，有利增产。
"
引水拉沙 water diversion for sluicing sand,"开渠引水，利用水流能量冲拉沙丘，改变地形，降低风蚀危害，开发利用沙丘土地的技术措施。工程体系包括修建在沙丘上游的引水渠和蓄水池，沙丘顶部、腰部或坡脚处的冲沙壕，沙丘下游低洼地区拦截泥沙的围埂和排除余水的排水口等。引水渠的比降视水源含沙情况和地面坡度而定。新造出的平地，经加工平整和土壤改良，可用作农田、苗圃、林地或牧场。在陕西、内蒙古、甘肃、宁夏等地有水源条件的沙漠地区已推广使用。
        
        "
防护林 shelter forest,"以防治风灾和改良生态环境为主要目的的人工林。按种植形态，分片林(含树丛、灌丛)、林带和林网。有调节江河流量、涵养水源、减少土壤侵蚀、保护堤岸、防风固沙、改善气候、净化和美化环境等作用。按保护的对象和发挥的功能，又可分水源涵养林、水土保持林、防风固沙林、农田防护林、牧场防护林、护岸林、护路林等。
        
        "
戽斗 bailing bucket; noria; scoop,"形似斗状，两边系绳，在人力操控下汲水灌田的旧式农具。用粗绳缚于木桶或笆斗两边，两人相对站于沟、塘岸边，双手各执一绳，以协调的动作将沟、塘水汲入田间。中国很早就已使用。三国魏初张揖《广雅》已有记载。元代王祯《农书》卷十八：“戽斗，挹水器也。凡水岸稍下，不容置车，当旱之际，乃用戽斗，控以双绠，两人掣之，抒水上岸，以溉田稼。其斗或柳筲，或木罂，从所便也。”
        
        "
水车 waterwheel,"用人力、畜力、风力、水力或电力转动带有刮板的链带或带有汲水筒的水轮，将河、湖、塘、井中的水从低处提升到高处的机具。如龙骨水车、管链水车、斗式水车等。用于灌溉农田或排除积水。中国使用水车灌溉甚早，龙骨水车在公元168—189年间已有使用，斗式水车(国外称“波斯轮”)在公元670年前也已出现。《宋史·河渠志五》：“地高则用水车汲引，灌溉甚便。”
        
        "
斗式水车 bucked-chain waterlift,"亦称“波斯轮”。一种提取井水的机具。多用畜力拉转。因水平传动齿轮形似“八卦”，中国北方农村称“八卦水车”。国外称“波斯轮”。由齿轮和多个联成环状的水斗组成。据《太平广记》载，公元670年以前即已出现。原为木斗木轮，后改为铁制。提水高度不大于10m，出水量约8m3/h，在管链水车出现后，逐渐被淘汰。
        
        "
龙骨水车 dragon bone waterlift,亦称“翻车”。一种古老的木制提水工具。由车槽、刮板、链条和齿轮等组成。用人力、畜力或风力带动链条循环转动，由装在链条上的刮板将水刮入车槽，水沿车槽上升，流入田间。提水高度一般为1〖KG-1.3mm〗～2m，出水量随车槽尺寸和齿轮转速而异，一般为6〖KG-1.3mm〗～35m3/h。
管链水车 disk-chain waterlift,"亦称“皮钱水车”、“解放式水车”。
借助带有橡皮止水片的链条在汲水管中自下而上的运动，不断从井中提取地下水的机具。由机架、锥形齿轮、链轮、链条、皮钱(止水片)、水管和牵引杆等组成。水管垂直置于井中，管内有一根绕链轮转动的链条，等距离串有许多皮钱，在人力、畜力或其他动力驱动下，链轮带着链条循环转动，皮钱即不断地提水出井。中国北方井灌地区曾广泛使用，后逐渐被水泵取代。但在能源短缺、地下水埋深不足10m时，仍然适用。
"
筒车 scoop water wheel; tube waterlift,"亦称“转轮式水车”。用转轮带动汲水筒提取河水的机具。其转轮用木或竹制成，直立于河边，底部浸入水中，受水流冲击而转动。轮周系有竹制或木制的盛水筒，筒在水中盛水后，随轮转至上方，水自动倾入特备的槽内，流入农田。历史悠久，唐代刘禹锡《机汲记》中已有记载。中国甘肃、宁夏一带所用的筒车，轮径有达20m以上的，当地称“天车”。自20世纪60年代水轮泵大量使用后，已逐渐被淘汰。
        
        "
桔槔 shadoof,"俗称“吊杆”。利用杠杆原理制作的原始提水机具。在一横木上，选择适当位置作支点，系一根绳子，悬吊在木柱上或树干上，一端用绳挂一水桶，另一端系重物，使两端上下运动以汲取井水。有关的可靠记载最早见于《庄子》。
"
辘轳 windlass,"安装在井口上方约1m处的绞车式起重装置。井上竖立支架，上装可用手柄摇转的轮轴，转轮上饶一绳索，绳的一端固定在转轮上，另一端系提取的重物。摇动手柄，使转轮绕轴旋转，重物即被提升。另有一种双辘轳，转轮两端各有一个手柄，转轮上按不同方向绕两根绳索，下端各系一重物，无论转轮朝哪个方向旋转，两个重物一上一下，交替做功。常用于从井中汲水，也用于地下工程的施工出土和凿井采矿等。三国魏明帝(226—239年在位)建凌霄观时已使用。从井中汲水的井辘轳的较早记载见于南唐李璟(916—961)的《应天长》词“柳堤芳草径，梦断辘轳金井”。
        
        "
风车 wind mill; wind wheel,"亦称“风力机”。将风能转变为机械能的一种动力机具。历史悠久，见于东汉晚期(公元2世纪)墓葬的壁画上。由风轮、支架、机头、机尾和传动装置等组成。有卧轴式和立轴式两种。前者风轮的方向随风向的改变而移动;后者不论任何方向，均能使风帆迎风受力而推动风轮旋转。风轮旋转，通过传动部件带动龙骨水车、骨链水车或唧筒进行抽水，或作为农业加工的动力，还可带动发电机发电。是一种开发风力资源的良好工具。但受风速限制，不能持续运转，一般以3〖KG-1.3mm〗～6m/s风速(相当于2〖KG-1.3mm〗～4级风)为宜。
        
        "
泵站 pumping station; pumping plant,"亦称“水泵站”、“抽水站”、“提水站”。将水从低处提升至高处或增加输水管中水流压力的工程设施。由机电设备和水工建筑物组成。前者包括水泵机组、闸阀、辅助设备、变电所，以及泵房内的电器设备;后者包括引水建筑物、进出水池、进出水流道和泵房等。按用途，分灌溉泵站、排涝泵站、灌排结合泵站、给水泵站、排水泵站、调水泵站、增压泵站等;按动力，分机电泵站、潮汐泵站、水轮泵站、水击泵站、太阳能泵站等。广泛用于农田排灌、牧区供水、跨流域调水、工矿企业和城镇的给排水等方面。
        
        "
泵站效率 efficiency of pumping station,"泵站输出功率占输入功率的百分率。表示泵站的能量利用程度。泵站运行时，动力机经传动装置带动水泵运转，通过进水管路将水从进水池吸入水泵后，再压至出水池。此过程的每个环节都有能量损耗，分别用动力机、传动装置、水泵、进出水管路和进出水池等设备的效率表示能量在各部分传递的有效程度。泵站效率则为上述各值之积。是评定泵站工程设计、机泵选型配套和运行管理水平的综合性技术指标，也是泵站技术改造的基本依据。
        
        "
机电排灌 pumping irrigation and drainage,"机械排灌和电力排灌的总称。利用动力机或工作流体驱动水泵或其他提水工具，进行农田灌溉或排水的技术措施。工程内容包括泵站、输配电系统、灌排渠沟及其建筑物等。适用于不能自流灌溉或排水的地区。
        
        "
泵房 pump house,"安装水泵，动力机，进、出水管道，电气设备和辅助设备的场所。分固定式和移动式两大类。固定式泵房根据基础的特点，又可分分基型、干室型、湿室型和块基型四种。移动式泵房有泵船和泵车两种。采用哪种形式，视机组类型、水源水位变幅、地基条件和枢纽布置方案等而定。
        
        "
圬工泵站 masonry pumping station,安装圬工泵的抽水站。与一般抽水站的区别是： 用砖、石、混凝土、钢筋混凝土建造的开敞式进、出水室，代替轴流泵的进出水管路。泵房一般分三层： 下层为进水室;中间为出水室，用钢筋混凝土板与进水室隔开，并在板中心安装圬工泵;上层为电机层，安装动力机、传动设备和电气设备。大型圬工泵站都担负排涝任务，部分小型圬工泵站既能用于灌溉，也能用于排涝。
泵船 pumping ship,"将水泵机组安装在船上，可移动工作的泵站。船位应选在河面较宽、水深、水流平稳、岸坡适度、河床稳定的河段或水库的适当位置。船舱部位安装水泵机组，首尾布置绞车、系缆桩、导缆钳等设施，岸坡上安装输水管，与水泵出水管用联络管相接。适用于水位变幅较大、建造固定泵站有困难的场合，小型泵船也可用于水网地区需要沿河流动抽水的场合。
"
泵车 pumping car,"上面安装着水泵机组、可沿轨道上下移动工作的抽水车。与其行车轨道、牵引设备、绞车房、配电间、变电设备、进出水管道等共同组成抽水泵站。行车轨道和出水管沿水源的岸坡布置。适用于水源水位变幅较大，建固定泵站不经济的地方。不受河道水流的冲击与河道、水库风浪波动的影响，比泵船稳定性能好，但出水量较小。泵车站址应选择在倾角为10°〖KG-1.3mm〗～30°的岸坡，地质条件较好的地段。以河流为水源的泵车站还应选择靠近主流的河段。
"
泵站前池 forebay of pumping station,抽水站的引水渠与泵站进水池的衔接建筑物。平面呈梯形。结构简单，可建于一般地基上。具有平顺和扩散水流的作用，为水泵取水提供良好的条件。有正向进水和侧向进水两种。前者的水流方向与进水池水流方向一致，水流平稳;后者的水流方向，与进水池水流方向大致垂直。流速分布不均，容易产生漩涡、回流和淤积，影响水泵取水。
泵站进水池 inlet sump of pumping station,"亦称“集水池”。水泵进水管取水的水池。是泵站的组成部分。位于泵房前的进水池可分开敞式、半开敞式和全隔墩式三种。在泵房下部的进水池则有矩形、多边形、半圆形和蜗壳形等形式。其形状和尺寸对水泵的效率、出水量、运行和泵站的工程造价等都有较大影响。设计时，应保证池中水流平稳，各断面流速分布均匀，避免水流脱壁，产生漩涡。其边壁以半圆形为最好，但对于立式轴流泵则以选用蜗壳形边壁为好。在多泥沙河流取水还应考虑防淤和清淤措施。参见“泵站前池”附图。
"
泵站出水池 outlet sump of pumping station,"抽水站出水管道与灌溉干渠或排水容泄区的衔接建筑物。起消能稳流，避免冲刷渠道或容泄区岸坡的作用。平面布置有正向出水、侧向出水和多向出水等形式，以正向出水的水流条件最好。按出水口出流方式，分自由出流式、虹吸出流式和淹没出流式。前者仅用于临时性抽水装置;后两者多用于大中型泵站。各部分的尺寸，主要根据消能要求决定。应建于挖方地基上，采用浆砌块石或钢筋混凝土结构。
        
        "
水泵进水流道 inlet conduit of pump,"与泵房基础浇筑成一体的有压进水室或管道。为水泵进水创造良好条件，以提高水泵效率。有以下几种形式： (1) 肘形进水弯管。水流条件好，但施工开挖深度大，造型立模复杂。(2) 钟形进水室。亦称“平面涡形进水流道”，剖面上部呈钟形，下部加设导流锥，水流条件较好，施工开挖深度小，立模较简单，但进水室较宽。(3) 双向进水流道。从上、下两侧进水、出水，是排、灌结合的一种新型流道，可闸、站结合，但水流条件较差，需通过模型试验确定合理的形式和尺寸。
        
        "
水泵出水流道 outlet conduit of pump,"水泵导叶体后至出水池的那部分流道。用钢筋混凝土浇筑而成。形式有： (1) 直管式。管口设置拍门或快速闸门等断流装置，结构简单、容易断流、能适应出水池任何水位情况，但断流时易产生较大振动，管径较大时，则需在拍门上装置缓冲设备。(2) 蜗形出水室。亦可用拍门和快速闸门断流，可缩短泵轴长度、降低泵房高度。适用于低扬程泵站，出水池水位变幅不太大的场合。(3) 虹吸式。利用虹吸作用达到输水和断流的目的，运行安全可靠，但结构复杂、工程量大，适用于出水池水位变幅较大的场合。(4) 双向出水流道。与双向进水流道配合，可灌、排结合，闸、站结合，适于水位变幅不大的场合。
        
        "
真空破坏阀 vacuum break valve,"安装在虹吸式出水管驼峰处的通气阀门。主要作用是当需要停机或检修机组时，向管内充气，破坏真空，使之断流，防止机组倒转或排除进水管中的存水。此外，在机组启动时，虹吸管内水位升高，管内空气受压缩压力增大，使真空破坏阀自动打开，放出部分空气，加快出水管虹吸作用的形成，降低启动扬程。真空破坏阀须瞬时开启、动作灵活、安全可靠，在站内事故停电时，也能保证工作。
        
        "
大型灌区 large-sized irrigation district,"设计灌溉面积在2万hm2以上的灌区。根据《第一次全国水利普查公报》数据，全国共有大型灌区456处，总灌溉面积1867万hm2，其中： 设计灌溉面积2万〖KG-1.3mm〗～3.33万hm2的灌区占全国大型灌区灌溉面积的31%;设计灌溉面积3.33万〖KG-1.3mm〗～10 万hm2的大型灌区占全国大型灌区灌溉面积的33%;设计灌溉面积10万hm2以上的大型灌区占全国大型灌区灌溉面积的36%。1996年，水利部启动大型灌区续建配套与节水改造工程建设。
        
        "
中型灌区 middle-sized irrigation district,"设计灌溉面积为667〖KG-1.3mm〗～2万 hm2的灌区。其中，灌溉面积在0.33万〖KG-1.3mm〗～2万hm2的亦称“重点中型灌区”。根据《第一次全国水利普查公报》数据，全国共有中型灌区7316处，总灌溉面积1487万hm2。
        
        "
小型灌区 small-sized irrigation district,"设计灌溉面积在667 hm2以下的灌区。根据《第一次全国水利普查公报》数据，全国共有3.33〖KG-1.3mm〗～667 hm2的小型灌区205.82万处，总灌溉面积2280万hm2。
        
        "
特大型灌区 oversized irrigation district,"设计灌溉面积超过66.6万hm2以上的灌区。中国特大型灌区有3处，分别为内蒙古河套灌区(73.3万hm2)、四川都江堰灌区(72.4万hm2)、安徽淠史杭灌区(68.3万hm2)。
        
        "
自流灌区 gravity irrigation district,"利用重力作用在水源处设闸取水，使灌溉水经由各级渠道输送到田间的灌区。当水源水位高于渠首灌溉设计水位时，就具备自流灌溉的条件，只需建闸控制，实行无坝取水。从山区河流引水时，如水源水位低于渠首要求的水位但相差不大时，可利用河道比降较大的特点，把引水口位置向上游移动，寻找一个能满足自流引水要求的适当地点;或在预定地点拦河筑坝，壅高水位，实行有坝取水。成本较低，经济效益较大。
        
        "
水库灌区 reservoir irrigation   district,"以水库为灌溉水源，通过灌溉渠系将灌溉水输送至田间灌溉的灌区。可解决天然径流与灌溉用水在时间和空间的分配上存在的矛盾。
        
        "
提水灌区 water lifting irrigation district; pumping irrigation district,"利用机械从水源取水并提升一定高度后，借重力作用送入渠道或压力管道进行灌溉的，或直接由水源提水进行灌溉的灌区。当水源水位低于渠首灌溉要求水位，且没有其他经济合理的方法可提高水位时，应采用机械提水灌溉。一次把灌溉水提升到灌区最高点的称“一级提水灌溉”;由几个泵站接力，经过几次提升，送水到灌区最高点的称“多级提水灌溉”。若在提水管路沿线有大片耕地需要灌溉，则应分级提水和分区配水，以减少能量消耗。需要一定的动力和机电设备，基建投资和运行费用较高，只有在不具备自流灌溉条件时，才采用。
        
        "
都江堰灌区 Dujiangyan Irrigation District,"四川中部引岷江水灌溉的灌区。因渠首为都江堰而得名。战国秦蜀郡守李冰创建。渠首位于都江堰市(原灌县)，包括鱼嘴(分水工程)、飞沙堰(溢流分洪排沙工程)和宝瓶口(引水流量控制工程)三大主体工程。中华人民共和国成立后，对灌区进行大规模改建、扩建，使全灌区有效灌溉面积由1949年的18.6万多 hm2发展到66.7万hm2以上。渠首设左(内江河口)右(沙黑总河)两个取水口，取水高程729m，六大干渠设计引水流量600m3/s。现有干渠、分干渠(灌排兼用)55条，长2437km;支渠536条，长5472km;斗渠5460条，长12037km，其中已衬砌渠道占30%。全灌区有大、中型水库11座，总库容10.89亿m3;小型水库364座，总库容1.51亿m3。灌区从20世纪80年代初开始建立起水利自动化和现代化管理系统。
        
        "
泾惠渠灌区 Jinghui Canal Irrigation District,"陕西引泾河水灌溉的灌区。位于关中平原中部。北依仲山和黄土台塬，西、南、东三面有泾河、渭河和石川河环绕，清峪河自西向东穿过，总面积1180km2，设计灌溉面积9万多 hm2，有效灌溉面积8.4万hm2。灌区前身是郑国渠，与都江堰、灵渠合称“秦代三大水利工程”。相传始建于秦始皇元年(公元前246年)，由韩国水工郑国主持修建，唐代后灌溉范围不断萎缩。20世纪20年代末期关中大旱后，由近代水利学家李仪祉主持，兴建泾惠渠灌溉工程，到1949年灌溉面积为3.3万多 hm2。1949年后对泾惠渠进行扩建、改建，渠首引水能力由原来的16m3/s增加到50m3/s。灌区现有总干渠1条，干渠4条，支渠、分支渠20条，排水干沟8条，支沟56条，机井14000多眼，抽水站107处，装机容量8100kW。
        
        "
洛惠渠灌区 Luohui Canal Irrigation District,"陕西引北洛河水灌溉大荔、蒲城和澄城三县的灌区。位于关中平原东部。北洛河横穿灌区，将其分为洛东、洛西两个部分。该灌溉工程始建于1934年，由近代水利学家李仪祉主持修建，原设计灌溉面积为3.3万hm2，1950年开始受益。后经扩建改建，使灌区形成一个以引为主、蓄引提结合的新型灌区。总干渠全长21.5 km，沿洛河东岸沟壑区经五号隧洞到达义井，再分为东、中、西三条干渠，构成洛东灌区的骨架。洛西干渠在总干渠13 km处设闸分水，长22.1km。渠首多年平均引水量为2.1亿m3，占洛河径流量的24.1%。有效灌溉面积5.18万hm2;干支渠共有23条，总长236.6 km，已衬砌148.9km，占总长度的62.9%。
        
        "
宝鸡峡引渭灌区 Baojixia Division Irrigation District,"陕西从渭河自流引水的灌区。位于关中平原西部，西起宝鸡峡，东至泾河岸，南界渭河，北抵渭北高塬腹地。控制面积23.55万hm2。其前身为1937年由近代水利学家李仪祉主持修建的渭惠渠灌区。1958年从渭惠渠总干渠17km处引水，修建了“渭高抽”工程，扩建后灌溉面积由原来的1.8万hm2增至8.2万hm2。1971年建成灌溉面积为11.8万hm2的塬上灌区。按自然地形和工程布局，分塬上、塬下两大供水系统，分别在宝鸡林家村和眉县魏家堡筑坝设闸引水，灌溉着宝鸡、杨凌、咸阳、西安4市(区)的14个县(市、区)、97个乡镇的近20万hm2农田。灌区有中型水库6座，总库容3.3亿m3;总干、干渠6条，支渠77条，斗渠1956条;各类骨干建筑物5107座;抽水泵站22座，总装机2.69万kW;水电站4座，装机3.39万kW。是一个有两处引水枢纽、引抽并举、渠库结合、长距离输水、水工门类齐全的大型灌排体系。
        
        "
景泰川提灌工程 Jingtaichuan Electric High-Lifting Irrigation Project,"从黄河提水的高扬程电力灌溉工程。位于甘肃景泰。设计灌溉面积5.3万hm2。一期工程于1974年冬竣工，分11级提水，净扬程446m，提水流量为10.3m3/s，灌溉农田2万hm2。支渠以上泵站13座，机组96台，总装机容量为6.4万kW。 渠系布置分总干、干、支、斗、农5级，总干渠长20km，干渠2条，支渠15条，支渠以上建筑物451座。
        
        "
内蒙河套灌区 Inner Mongolia Hetao Irrigation District,"内蒙古从黄河自流引水的灌区。位于内蒙古河套平原。是中国最大的引黄灌区。南临黄河，北靠阴山山脉，西接乌兰布和沙漠，东抵包头市郊。河套灌区东西长250km，南北宽50km，总土地面积119万hm2，包括巴彦淖尔七个旗县区，阿拉善、鄂尔多斯、包头的一部分，引黄灌溉面积60万hm2，黄河流经灌区南部边缘345km，灌区年均引黄用水量约48亿m3左右。引黄灌溉已有两千多年的历史，始于秦汉，兴于清末，直至民国时期逐步形成十大干渠。中华人民共和国成立至20世纪90年代，河套灌区经历了引水工程建设、排水工程畅通、世行项目配套等三次大规模水利建设阶段，形成比较完善的灌排配套工程体系。现有总干渠1条，干渠13条，分干渠48条，支渠372条，斗、农、毛渠8.6万多条。排水系统有总排干沟1条，干沟12条，分干沟59条，支、斗、农、毛沟1.7万多条，拥有各级灌排渠道64000km，各类建筑物18.35万座。
        
        "
红旗渠 Hongqi Canal,"河南林县(今林州市)的灌溉工程。1960年开工，1969年初步建成。从山西平顺石城镇引浊漳河水，在太行山中盘山开渠，穿岭越谷，进入林州市境。包括总干渠、三条干渠和支渠配套工程，渠道总长2000多km，隧洞180个，渡槽150座，沿渠设中、小水库50座，塘坝343座，总有效库容1亿m3，机井1400眼，提灌站190座和小水电站47座。灌区内形成一个蓄、引、提结合的长藤结瓜式灌溉系统。灌溉面积达3.6万hm2，解决人、畜吃水困难。
        
        "
苏北灌溉总渠 Northern Jiangsu Irrigation Main Canal,"位于苏北平原腹地，兼具分洪、排涝、灌溉、航运、发电等多种功能的人工河道。西起洪泽湖，东至扁担港入海，全长168km。1951年冬季开工，1952年春竣工。渠底宽50〖KG-1.3mm〗～140m，平均挖深4m。渠首建高良涧进水闸、船闸和水电站各一座，与洪泽湖沟通。在淮安附近与京杭运河相交，运河东建分水闸、船闸各一座。东沙港附近建阜宁腰闸、船闸和水电站各一座。海口建六垛南闸。两岸还有淮安抽水站、运西水电站、杨湾渠北闸、东沙港闸和十多座涵洞，形成江苏第一个人工开挖，配套齐全，能行洪、排涝、灌溉、航运、发电的综合利用河道。汛期经高良涧闸分泄淮河洪水800m3/s入海;宣泄渠北地带涝水300m3/s;从高良涧闸引水500m3/s灌溉沿渠两岸及里运河沿岸超过26.7万 hm2农田;向里运河输送航运用水，当淮水不足时，可通过淮安抽水站抽引北调的江水入渠，灌溉两岸农田并利通航。
        
        "
淠史杭灌区 Pi-Shi-Hang Rivers Irrigation District,"中国在丘陵地区兴建的最大灌区。位于安徽中西部，跨六安、寿县、肥西、合肥、肥东、长丰、金寨、霍邱、舒城和庐江等10县(市)。设计灌溉面积80万hm2，灌溉水源为发源于大别山腹地的淠、史和杭埠三河。蓄引三河之水，建成紧密相邻的三个灌区，即淠河灌区、史河灌区和杭埠河灌区，总称“淠史杭灌区”。始建于1958年，1972年骨干工程基本建成，20世纪80年代又进行大规模的配套工程建设。灌溉工程体系包括位于大别山山谷中的佛子岭、磨子潭、响洪甸、梅山和龙河口五大水库;横排头、红石嘴2座渠首枢纽;2条总干渠、11条干渠、19条分干渠、317条支渠;支渠以上建筑物20370座;中型水库24座;小型水库1178座;水源补给站38座;从渠道取水的电灌站334座。在干旱期间用水较紧张，从2004年开始，采取“以供定需、定额配水、水权到县、总量控制、丰增枯减、实时调控”的管理措施，以缓解供水压力。
        
        "
安丰塘水库 Anfengtang Reservoir,"古称“芍陂”。位于安徽寿县的一个平原水库。春秋时代(距今2500多年)楚令尹孙叔敖创建。《水经注》称“陂周一百二十许里”，《后汉书·王景传》称“灌田万顷”。但其后塘面逐渐被垦占，到建园时，蓄水量不足1000万m3，灌溉面积仅五六万亩。1958年将淠河东干渠与安丰塘串联，使其成为淠河灌区的反调节水库，进行全面整修，堤周长24km，高6.5m，水面34km2，库容9100万m3，其中有效库容6677万m3。灌溉面积增加到4.26万hm2。建有泄水闸(泄流能力110m3/s)1座，节制闸2座，放水涵洞15座。下游有分干渠2条，渠系配套大体完善。
        
        "
人民胜利渠 People's Victory Canal,"曾称“引黄济卫灌溉工程”。位于河南新乡地区，引黄河水的灌溉工程。兼有补给卫河航运水量的任务。1951年动工，1952年4月放水。主要灌溉新乡、安阳、焦作的8个县(市、区)47个乡镇的9.8万hm2耕地。灌区南起黄河，北至卫河，西界共产主义渠，东沿黄河故道伸展至柳微丰庄一带。灌溉系统包括引黄渠首闸一座，位于黄河铁桥西侧秦广坝头附近，正常引水流量60m3/s;固定渠系分总干、干、支、斗、农五级。总干渠沿京广铁路向北到新乡市注入卫河，担负灌溉、排涝和济卫等任务。总干渠上设沉沙池三处。灌区内有小型提灌站78处，机井11000多眼，实行井渠结合灌溉。
        
        "
韶山灌区 Shaoshan Irrigation District,"位于湖南中部丘陵地区，蓄引湘江支流涟水的自流灌溉工程。1965年动工，1967年全部建成。主要工程有： (1) 水府庙水库。总库容5.6亿m3，其中防洪库容1.9亿m3，兴利库容2.7亿〖KG-1.3mm〗～3.7亿m3，具有灌溉、发电、防洪、航运和城镇厂矿用水、养殖等综合效益;水库枢纽包括高35m的砌石重力坝1座，装机容量3万kW的坝后电站1座，二级船闸1座。(2) 洋潭灌溉引水枢纽。包括高14m的砌石重力坝1座，装机容量1500kW，坝后电站1座，升船机1座，渠首进水闸1座。(3) 渠系工程。主要有总干渠及南、北干渠240km，支渠1600km，渡槽、隧洞35座，灌区内小型电灌站193处。韶山灌区灌溉着双峰、湘乡、湘潭、宁乡、韶山、望城、雨湖7县(市)共6.7万hm2耕地。
        
        "
尼罗河灌区 Nile River Irrigation District,"利用阿斯旺水利枢纽调节尼罗河径流并供水灌溉尼罗河三角洲平原和尼罗河谷地的灌区。位于埃及境内。灌区内气候干旱，年平均降水量仅10mm，农业生产完全依赖灌溉。灌溉面积200万〖KG-1.3mm〗～300万hm2。主要灌溉作物有棉花、水稻、小麦、玉米、甘蔗和洋葱等。从尼罗河引水灌溉的历史悠久，最早可追溯到公元前3400年。根据国际协定，尼罗河向埃及的年可供水量为550亿m3，约占埃及全国用水量的95%，其中85%为农业用水。尼罗河上共建有9处闸坝工程，其中阿斯旺水利枢纽可对尼罗河水进行多年调节，向灌区常年供水;三角洲闸控制着三角洲的灌溉面积达162万hm2。现行灌水方法主要是沟灌和畦灌，平均每公顷灌溉定额在15000m3以上。为防治土地次生盐渍化，修建有较完善的排水骨干工程和田间暗管排水网。灌区成立农民用水者协会，吸收农民参与灌溉管理，着力提高灌溉用水效率。
        
        "
印度河灌区 Indus River Irrigation District,"巴基斯坦从印度河干、支流引水灌溉的灌区。位于印度河下游的巴基斯坦境内。灌区面积1400万hm2，灌区内降水分布极不均衡，南部较少，有些地区年降水量不足100mm;北部降水较多，个别地区达2000mm以上，每年可种植两季作物。主要作物有水稻、棉花、烟草、甘蔗、玉米、小麦、柑橘、香蕉和椰枣等。印度河水源主要是冰山融化的雪水，含沙量小，水质良好，宜于灌溉。灌区工程始建于20世纪20年代。为解决印度与巴基斯坦的用水矛盾，两国在1960年签订《印度河水条约》，规定印度河干流和西部2条支流(杰赫勒姆河和杰纳布河)的来水归巴基斯坦使用;东部3条支流(拉维河、比亚斯河和萨特莱杰河)的来水归印度使用。巴基斯坦原靠东部3条支流供水灌溉的153万公顷农田改由西部河流供水，巴基斯坦在20世纪60〖KG-1.3mm〗～70年代兴建印度河西水东调工程。到80年代初期，灌区已建成3座大水库、19座拦河闸、45条引水渠道和9万余条输水渠道。引水渠道总长5.71万km，引水流量7100m3/s。年引水能力达1296亿m3。建成机井13万余眼。由于长期过量用水和排水不畅等原因，灌区土壤盐渍化现象严重。1960年开始实施盐渍化控制和土壤改良计划，收到一定效果。
        
        "
灌溉农业 irrigation agriculture; irrigation farming,"泛指以水浇田的农业。根据水源水位高出或低于田面的情况，分为自流灌溉和提水灌溉。中国的灌溉具有悠久历史，在古代就修建有许多灌溉工程，四川都江堰灌区、内蒙古河套灌区、安徽芍陂、河北西门豹渠、陕西郑国渠、广西灵渠、浙江鉴湖、宁夏唐徕渠、太湖的塘浦圩田、南方沿江滨湖地区的圩垸河网工程等，都是历史上著名的灌溉工程。中华人民共和国成立后到20世纪末，共建成水库85000多座，农用机井达到398万多眼，建成万亩以上灌区5600多处，小型农田水利工程600多万处。使灌溉面积从1949年的1600万hm2增加到2000年的5500万hm2，增加2倍多，灌溉面积和增长速率均居世界前列。在不到全国农田总面积一半的灌溉面积上，生产着占全国总产2/3的粮食、棉花和其他经济作物。进入20世纪80年代后，灌溉工程的服务范围从过去单纯向农业供水扩大到向林业、牧业、渔业、乡镇工业，以及居民生活供水。著名的大型灌区有四川都江堰灌区、内蒙古河套灌区、安徽淠史杭灌区、宁夏青铜峡灌区、陕西宝鸡峡引渭灌区、河南人民胜利渠灌区、湖南韶山灌区等。灌溉作物主要有水稻、小麦、玉米等粮食作物，棉花、烟草等经济作物，以及蔬菜、果树等。中国采用的灌水技术以地面灌溉为主，有沟灌、畦灌和稻田淹灌等，喷灌、滴灌从20世纪70年代后期开始大面积推广应用，地下灌溉、地面管道灌溉等也已广泛使用。
        
        "
城市水务 urban water affairs,"城市化地区涉水的一切事务。涵盖城市化地区防洪、治涝、排水、给水、水资源、水环境、水生态、水景观等涉水工程及非工程技术，涉及城市水文规律分析，城市防洪与减灾、城市水资源利用与保护、城市水务规划与管理、城市水环境保护与生态修复等基本理论研究和技术开发。
        
        "
水务一体化 integrated water management,"对涉水事务的各个环节进行有效协调、统一管理的机制。水务一体化力求对区域防洪治涝和水资源的开发、利用、配置、节约、保护实行统一规划，统一调度，统一管理，改变涉水事务分散管理和多重管理造成的资源浪费、效率低下问题，更有效地利用水资源和降低洪涝灾害。
        
        "
城市水文效应 urban hydrological response,"城市化地区人类活动和自然条件改变对水文过程和水文特性造成的影响。在城市化地区，屋顶、硬质地面等不透水面积的大幅度增加，绿地等透水面积显著降低，混凝土管道和人工河道为主体的排水系统取代天然河网排水体系，造成下渗量减少，地表径流系数增加，地面汇流时间缩短，径流总量增多和洪峰流量增大，导致城市化地区水文过程和水文特征的改变。
        
        "
热岛效应 ,"释文见32页。
        
        "
水面率 water surface ratio,"区域内水面面积与总面积之比值。由于水面面积随水域水位而动态变化，故水面率通常是指常水位或平均水位的水面积与区域总面积的比值。是反映区域水生态环境状态的重要指标，在区域水安全、水资源、水环境、水生态、水景观规划与管理中起重要作用。
        
        "
河道蓝线 river blue-line,"河道工程保护范围的控制线。河道蓝线之间的范围为河道蓝线控制范围，包括水域、沙洲、滩地、岸线、堤防、水工建筑物、护堤地、截水沟等河道管理范围及其外侧因河道整治和生态景观建设、绿化造林防护等需要而划定的河道保护范围和规划保留区。是城市规划的控制要素之一，是水务部门依法行政、指导河道建设和管理的重要依据，也是工程建设用地定界依据之一。
        
        "
涉水工程 wading project,"与水体密切关联的工程。包括防洪、治涝、排水、供水、灌溉、航运、水资源、水环境、水生态、水景观等工程。在同一流域或同一区域，涉水工程之间具有一定关联，在规划、建设和管理中必须注意协调。
        
        "
最佳水力半径 optimal hydraulic radius,"在河道断面形态、过水面积、水面坡降一定的条件下，河道断面过水能力(流量)最大时对应的水力半径。即最优水力断面的水力半径。一般，采用最佳水力断面的河道工程建设费用较小，常作为用于灌溉和排水河渠工程规划设计的依据。由于基于最佳水力半径的河渠工程一般多为矩形和梯形，造成河道滩地和湿地缺失，影响河道天然的水文、生态效应，必须引起足够的重视。
        
        "
水域占补平衡 water area dynamic balance,"以同等的水域面积和水域功能补偿开发建设占用水域造成的影响。在区域开发建设中，占用多少水域面积，建设单位应当根据所在地水域保护规划要求和被占用水域面积、水量、功能，兴建相应的替代水域工程或者采取功能补救措施，并需得到水行政主管部门批准。建设项目占用水域采取“谁占用，谁补偿”、“占用多少、补偿多少”、“先补偿、后占用”的原则，以保持水面率和水域功能的稳定性。
        
        "
竖向标高 vertical elevation,"竖向规划中开发建设者为满足道路交通、地面排水、建筑布置和城市景观等方面的综合要求，对自然地形进行利用、改造、确定坡度、控制高程和平衡土石方等进行的规划设计标高。
        
        "
低影响开发 low impact development缩写LID,"通过源头分散的广泛控制措施，维持和保护自然水文和生态功能，缓解人类活动造成的径流增加、面源污染负荷加重的城市雨水管理理念。开发措施主要体现在雨水下渗、雨水滞蓄和雨水利用等方面，目的是有效维持开发前的水文条件，控制径流污染。典型的低影响开发措施包括绿色屋顶、渗透沟渠、生物滞留池、植草沟、渗透铺装、雨水桶等。
        
        "
分散式雨水收集利用 distributed rainwater collection and utilization,"采用小型雨水收集设施对雨水进行收集和利用的控制措施。多采用分散式雨水桶收集雨水，经处理后作为杂用水用于冲厕、绿化、冲洗道路等。适用于单体建筑或小建筑群屋面等雨水水质较好的场所，尤其适用于已建成区、集中收集困难的单体建筑等。
        
        "
退田还河 returning farmland to rivers,"将围垦河边或河内淤地改造成的农田恢复为河面的工程措施。天然河道是重要的富有生物多样性的生态系统，在调节气候、涵养水源、保持水土等方面具有不可替代的综合功能。退地还河能有效调节江河流量，促进环境稳定性的增强，保持生态的平衡。当围垦对象为湖泊时，称“退田还湖”。
        
        "
退田还湖 returning farmland to lakes,"见“退田还河”。
        
        "
城市水文模型 urban hydrological model,"能够按一定要求描述和模拟城市水文特性和水文过程的数学模型。目前常用的城市水文模型可以模拟城市的土地利用、排水工程、治涝工程、防洪工程的作用，模拟城市的产流过程、地面汇流过程、管渠汇流过程、河网汇流过程。模型可以根据设计暴雨或实际暴雨过程及边界条件，通过模拟计算，输出城市系统每一节点的水位、水头、流量、流速等水文过程和地面积水的时间、面积、积水深度等涝情特征。
        
        "
平原河网感潮区 plain tidal river network,"受海洋潮汐影响、河道呈网状的平原区域。中国的平原河网感潮区位于东部沿海平原区域。河网密度高、地势平坦、水流顺逆不定、排水缓慢，汛期常遭遇上游洪水、当地暴雨、潮汐多重灾害，俗称“洪、涝、潮三碰头”，极易造成严重的洪涝灾害。中国的平原河网感潮区人口密度高、经济发展快、人类活动影响显著，水安全、水资源、水环境、水生态等水问题复杂。
        
        "
防洪风险管理 flood risk management,"基于降低洪水风险的管理。包括防洪风险分析、防洪风险评价、防洪风险决策、防洪风险监控全过程，目的是减少洪水发生频次，降低洪水灾害损失和重大人员伤亡事件。常用的三种措施： (1) 减少洪水发生频率，使洪水远离保护区;(2) 减少风险区人口财产损失，降低洪水灾害程度;(3) 完善应急措施，降低洪水灾害后果。
        
        "
分质供水 dual water supply,"按用户对水质需求采用独立管网系统按水质供水。分质供水系统一般以自来水为原水，分直接饮用水和一般生活用水，分别采用独立的管道供水系统直通用户，达到优质优用、低质低用的要求，保障人民健康，更好地利用水资源。
        
        "
联网供水 networking water supply,"通过联网对不同区域供水系统进行统一调度的供水体系。打破原有供水管网系统的区域限制，在更大的范围内实行供水管道组网，由主管部门进行大范围、多角度的统一优化调度，可以对供水单位和用水单位进行更为精确化、个性化的水管理，避免了一些区域供水能力过剩而另一些区域供水不足的问题，尤其是能够应对由干旱、水污染等突发原因造成的局部区域的供水困难事件。
        
        "
应急水源地 emergency water sources,"用于在非常情况下应急供水的水源系统。在常规水源严重污染、连续干旱、发生战争、地震灾害等非常情况下，常规供水不足或受阻中断时，应急水源地能够快速启用并在一定时间段内满足居民低水平用水需求。应急水源地规划建设是保障城市供水安全的一个重要举措。
        
        "
城市防洪 urban flood control,"防御来自城市上游或城市周边区域的洪水以保障城市安全。城市防御的洪水类型主要有城市江河洪水、山丘区洪水、上游水库下泄洪水、周边区域暴雨洪水、沿海和河口风暴潮等。应针对城市特点和洪水类型，建立城市防洪体系，采取相应的防洪工程措施、防洪管理措施和非工程防洪措施。
        
        "
城市内涝 urban waterlogging,"由于当地强降水或连续性降水超过城市排水能力致使城市内产生积水灾害的现象。反映城市内涝程度常用积水点数、积水范围、积水深度、积水时间来表达。造成内涝的客观原因是降雨强度高，降雨范围集中、降水历时长;城市局部区域地面高程低、排水系统设计标准低、排水系统淤积阻塞、排水工程故障、排水调度管理失误也是城市内涝的重要原因。
        
        "
城市防洪体系 urban flood control system,"按城市防洪总体要求，由城市防洪工程措施、非工程防洪措施、防洪管理措施组成的防洪系统。常用城市防洪工程措施包括防洪堤坝、防洪涵闸、泄洪河道、分洪河道、防洪水库、分蓄洪区;城市非工程防洪措施主要包括加强城市防洪指挥系统、建立城市防洪预报调度系统、完善城市防洪信息系统、健全城市防洪应急机制和风险管理、推行洪水保险、重视城市防洪工程管理等。
        
        "
城市治涝体系 urban waterlogging control system,"按城市内涝防治要求，由城市管渠排水工程、城市治涝工程、内涝应急系统组成的城市治涝防治体系。城市管渠排水工程通过常规的雨水管渠系统收集排除小流域面积上的降雨径流，主要针对城市常见雨情，设计重现期一般为2〖KG-1.3mm〗～3年。城市治涝工程包括城市河湖蓄排工程、地面滞蓄工程、地下储蓄和深隧排水工程等，主要针对城市高强度、大面积、长历时的超常暴雨，设计重现期一般为20〖KG-1.3mm〗～100年。内涝应急系统提供突发性涝情的应急对策措施，以降低突发性涝灾损失和后果。
        
        "
城市防洪标准 urban flood control standard,"一般以所抵御洪水发生的频率或重现期来表达。体现了一个城市抵御洪水的能力，对城市的安全具有非常重要的意义，与城市的规模、人口、经济、重要性，以及洪水特性、自然地理特性等多重因素有关。中国颁布《防洪标准》(GB 50201—2014)和《城市防洪工程设计规范》(GBT 50805—2012)等规范，可以作为制定城市防洪标准的主要依据。
        
        "
城市排水小系统 urban drainage system,"相对于城市治涝大系统而提出的、以市政管网为主体的城市雨水管渠排水系统。一般由道路边沟、雨水井、排水管道、调节池、排水泵站、滞留池等设施组成。城市排水小系统主要针对城市常见雨情，解决的是小流域面积上产生的排水问题，设计暴雨重现期不超过10年，一般为1〖KG-1.3mm〗～3年。
        
        "
城市治涝大系统 urban stormwater control system,"由河湖蓄排工程、地面滞蓄工程、地下蓄水和深隧工程等组成的城市治涝系统。主要针对城市高强度、大面积、长历时的超常暴雨，设计重现期一般为20〖KG-1.3mm〗～100年，传输城市常规的管渠排水系统无法传输的径流，故称“治涝大系统”。在城市治涝大系统中，河湖蓄排工程接受来自城市管渠排水系统排入的暴雨径流;地面滞蓄工程的由城市绿地、道路、广场等具有一定滞蓄能力的工程组成，允许滞蓄超常暴雨径流，以降低城市暴雨径流强度;地下蓄水和深隧工程将超过管渠排水系统、河湖蓄排工程和地面滞蓄工程的涝水滞蓄地下和排放到较远的接受水体。
        
        "
城市防洪圈 urban flood control loop,"城市外围封闭的防洪屏障。根据城市防洪保安的要求，利用堤防、防洪墙、涵闸等防洪工程措施，连接周边高地、山脊线，构成可以抵御城市周边河湖设计洪水的封闭屏障。在流域防洪工程体系无法满足城市防洪要求时，防洪圈是保护城市安全的一种有效途径，具有城市防洪自保工程性质。
        
        "
防洪墙 flood wall,"亦称“防汛墙”。用于城市河道防洪的一种墙式挡水建筑物。由钢筋混凝土或砖石等建筑材料所建，具备占地面积小和强度高的特点，可以抵御河道高水位和风浪，常用于城市河湖沿线防洪挡潮，也适用于硬质堤坝的加高，以防洪水漫堤。
        
        "
排涝泵站 drainage pump station,"排除城市或区域涝水的排水泵站。用来排除设计排涝标准下不能自流排至外河，且不能被滞洪区容纳的涝水量，其设计规模根据设计标准下的调洪分析计算确定，一般用泵站装机容量和设计排涝流量来表达。泵站规模决定于服务区域面积、服务区土地利用性质、服务区可调蓄水面率、当地暴雨特性、排涝设计标准、区域内外水位差等因素。
        
        "
地下贮留池 underground retention basin,"建设在地面以下用于贮留雨水或城市污水的蓄水建筑物。如果是雨水地下贮留池，当汛期暴雨量超过城市排水系统排除能力时，多余的雨水可以暂时性存储于地下贮留池，在雨后排出，起到调蓄涝水的作用。在水资源不足地区，地下贮留池收集的雨水在处理后加以利用，可以补充当地的水资源。如果是污水地下贮留池，当城市污水量超过污水厂处理能力时，多余的污水可暂时存储于地下贮留池，在城市污水量低于污水厂处理能力时，把地下贮留池的污水送入污水厂处理，起到调蓄污水的作用。
        
        "
深隧 deep tunnel,"位于城市地下深层的隧道排水系统。是在城市地下数十米深度开挖的通向远方收纳水体的大型隧道，具备较强的输送径流和滞蓄水量的能力。主要用于排除超过城市管渠排水系统排除能力的高强度、大范围、长历时的超标准暴雨径流。是现代城市在保留并发挥原有排水系统和天然水系作用的基础上，由浅层排水系统转向立体空间排水体系的有效途径，可解决城市排水防涝系统建设用地不足矛盾，提高城市的排水防涝标准，降低城市内涝灾害风险。另一作用是改变城市污水或污水处理厂尾水的排放点，使得城市污水和尾水远离诸如水源地、生态保护区、城市景观区等敏感区域，起到保护城市水资源和水生态环境作用。
        
        "
渗透池 infiltration pond,"利用地面低洼地或地下水池提供给雨水渗透的设施。具有增加雨水下渗、调蓄雨水径流，降低排水流量，净化雨水水质作用。常见有地面渗透池和地下渗透池两类。当土地可得且土壤渗透性能良好时，可采用地面渗透池。池可大可小，也可几个小池综合使用，视地形条件而定。地面渗透池有的是季节性充水，有的则是四季均有水。在地面渗透池中宜种植植物。当地面土地紧缺时，可利用地下渗透池，即一种地下贮水装置，利用碎石空隙、穿孔管、渗透渠等贮存雨水，在降雨结束后能够不断向周边渗透，以补充地下水。
        
        "
雨水花园 rain garden,"利用浅洼地种植湿地植物来控制雨水的设施。能加强雨水渗透，削减雨水径流量，截留雨水污染物质，改善雨水径流水质。适用于住宅区、商业区等建筑以及停车场、道路、广场等不透水区域的周边。
        
        "
植物浅沟 biological ditch,"亦称“植草沟”、“生物沟”。一种生态地表排水工程措施。依托绿地或绿化带建设的浅沟，沟内植草，通过下渗、植物过滤等原理净化和削减雨水径流。植物浅沟具有滞留、削减、输送雨水径流，截流雨水污染物作用，一般不占用专门土地，适用于城市园区道路的两侧，不透水地面的周边、大面积绿地内等，可以与雨水管网联合运行，节约城市排水系统建设和面源污染治理费用。
        
        "
下沉式广场 sunken plaza,"亦称“下凹式广场”。地面高程低于周边地区地面的广场。在遭遇特大的暴雨时可考虑滞蓄部分涝水，保障周边区域的安全。下沉式广场位置、面积大小和设计高程取决于区域内涝防御要求和设计暴雨重现期，一般需与城市规划设计同步进行。
        
        "
下凹式绿地 sunken green space,"在地面或道路周边设置低于路面地平的绿地。是截流和净化小流量雨水径流的一种工程措施。可短时间存蓄雨水，增加雨水下渗量，降低汇流速度，减小地表径流，截留地面污染物质，是城市雨水利用方面的一种较为简便的方法，工程投资少，利用效果好。适用于住宅区、道路、停车场、广场等不透水区域的周边绿地。
        
        "
绿色屋顶 green roof,"在建筑屋顶上种植植物滞蓄雨水的调控措施。在建筑屋顶上部分或完全的覆盖高质量的防水膜并种植适宜的植物，以补偿建筑物建设时所破坏移除的植被，通过植物的滞蓄功能调控作用于不透水表面的雨水。直接依托不透水建筑，不单独耗费土地资源，在源头上对水量和水质进行调控;可以消减暴雨径流量，减缓面源污染;美化城市居住环境，调控建筑物温度。
        
        "
透水铺面 permeable pavement,"采用透水性铺设材料增加下渗量来削减雨水径流的工程性措施。常用的有透水沥青、水泥孔砖、网格砖、多孔性混凝土。可以让雨水渗透到地下，减少地表径流，涵养地下水。适用于城市路面、停车场和广场等地方。
        
        "
等高绿地 contour grassland,"布置在广场、建筑物等不透水铺砌周边高程相等绿地。可均衡接受来自不透水铺砌物汇集的暴雨径流，通过绿地的下渗、滞蓄功能，减低暴雨径流强度和总量，拦截暴雨径流的污染物质，降低城市不透水面积增加对环境的影响。
        
        "
渗透沟渠 infiltration trench,"具有较好渗透能力的城市雨水排水管渠。将传统的城市雨水管渠尤其是不透水的混凝土排水管渠改为渗透管、穿孔管或渗渠，周围回填砾石，雨水在排水构筑物输送过程中，通过埋设于地下的多孔管材向四周土壤层渗透，削减、净化雨水径流，涵养地下水。适用于地下水位埋深较大的城市区域。
        
        "
综合径流系数 integrated runoff coefficient,"城市各类土地利用的地表径流系数的面积加权平均值。反映城市产流特性，是城市排水系统设计流量计算的主要指标。综合径流系数的计算公式为： 
"
地表径流系数 surface runoff coefficient,"流域面积上的地表径流深度与相应降水量的比值。城市不透水面积比重高，下渗量小，地表径流比重高，地表径流系数代表了城市产流强度，是分析城市内涝成因，确定城市排水系统规模的重要参数。在城市建设发展过程中，采用各种措施降低地表径流系数，可以减缓城市化对排水防涝系统的压力，有效地降低城市内涝灾害风险。
        
        "
绿地下渗率 grassland infiltration rate,"水分自绿地地表渗入土壤中的强度。单位为mm/min或mm/h。影响绿地下渗率的因素是绿地的植被类型、植物密度、土壤性质、地面坡度等。在充分供水条件下的地面下渗率称“下渗能力”，下渗能力随入渗水量的增加而递减，可用下渗曲线或下渗公式来表达。在城市地区常用霍顿下渗公式来描述城市绿地下渗特征。
        
        "
下渗曲线 infiltration curve,"下渗能力随时程变化的曲线。水透过地面进入土壤的过程称“下渗”，渗入土壤的水量称“下渗量”，单位时间的下渗量称“下渗率”，在充分供水条件下的土壤下渗率称“下渗能力”。在土壤充分干燥和充分供水条件下，下渗能力随时程而递减，描述或拟合下渗曲线的经验方程称“下渗公式”，如霍顿下渗公式、菲利普下渗公式、考斯加柯夫下渗公式等。
        
        "
霍顿下渗公式 Horton infiltration formula,"美国人霍顿(R.E. Horton)在大量土壤入渗试验基础上于1933年提出的下渗公式。可以较好地拟合下渗能力随下渗时间的变化曲线。霍顿下渗公式是一个经验公式，表达式为： 
"
洪峰模数 peak discharge modulus,"洪峰流量与流域面积的比值。如果已知流域的洪峰模数，则洪峰模数与流域汇水面积的乘积为洪峰流量。反映了一个流域的洪峰流量强度，由于消除了流域面积对洪峰流量的影响，便于不同流域面积之间洪峰模数的对比分析。洪峰模数作为一个参数可以进行地区综合，无流量资料流域可以通过移用相似流域的洪峰模数的途径推求设计洪峰流量。
        
        "
洪水利用 floodwater utilization,"将洪水转换为可利用的资源并降低洪水风险的措施。在开发利用洪水资源中，既要尽量减少洪水对人类社会造成的损失和侵害，还要发挥洪水在自然生态系统中的洗涤、净化、补充地下水、维持湖沼、改良土壤等重要而有益的作用。基于不同流域的水系特性和雨洪过程，在暴雨洪水监测、预报和预测的基础上，常用的洪水利用的途径包括： 重复利用防洪库容多调蓄洪水;拦蓄汛末暴雨洪水;汛期从干流引水，跨流域配置洪水资源;启用行蓄洪区，回补地下水和湿地。
        
        "
短历时暴雨 short duration rainstorm,"短时间内高强度的降水过程。天然小流域成峰暴雨历时不超过24 h，在小流域设计洪水计算中，短历时暴雨是指历时不超过24 h降水，常采用1、3、6、12、24 h作为雨量统计时段。城市流域面积较小，成峰暴雨历时一般低于120 min，在城市管渠排水系统设计流量计算中，短历时暴雨是指历时不超过120 min的降水，常采用5、10、15、20、30、45、60、90、120 min作为雨量统计时段。
        
        "
城市暴雨公式 urban rainstorm formula,"描述城市设计雨量-重现期-历时的关系式。中国常用的城市暴雨公式的形式为： 
"
城市设计暴雨雨型 urban design storm pattern,"城市设计暴雨的降雨强度随时间分配的过程。据此可以由设计雨量推求设计暴雨过程。特征包括雨峰的个数、主雨峰位置、时段雨量分配，降雨历时等要素。一般情况下，是对城市若干次实测次暴雨的雨型特征统计分析得出。
        
        "
芝加哥雨型 Chicago Rainfall Pattern,"1957年美国的凯弗(Keifer)和Chu在芝加哥市进行雨水管网系统研究时，根据强度—历时—频率关系得到的一种设计雨型。是以暴雨强度公式为基础，引入暴雨雨峰位置参数，通过数学推导转换为瞬时雨强过程线，可以用数学公式来表达。适用于城市短历时设计暴雨的时间分配。值得注意的是凯弗(Keifer)和Chu在当时采用的暴雨强度公式为： q=，而中国目前通用的暴雨强度公式是： q=，按凯弗(Keifer)和Chu的方法，转换出的暴雨时间分配公式是不同的，不能混淆使用。
        
        "
地面集水时间 surface concentration time,"雨水从汇水面积上流程最远点传输到雨水口的时间。影响城市地面集水时间的因素包括流域面积大小、流域面积形状、地面覆盖类型、地面坡度和降雨强度等诸多因素。是由设计暴雨推求排水系统设计流量的重要参数，一般采用经验公式计算，或根据给水排水手册查算。
        
        "
受纳水体 receiving water,"亦称“接受水体”。接纳排放废水、污水、尾水或其他类型排水的水体。包括河流、湖泊、海洋、水库、沼泽等。由于废水、污水及尾水包含有害污染物质，对受纳水体的水质和生态系统产生潜在的不利影响。因此，在确定废水、污水和尾水的受纳水体时，必须进行环境影响评价，认真分析排放的水量水质对受纳水体可能的不利影响，采取必要的补偿措施，以保障受纳水体可以满足水(环境)功能区划标准。
        
        "
凝结核 condensation nucleus,"大气中能黏附水汽而且能使水汽凝结的微粒。半径一般小于0.1μm。雨云中的凝结核可以促使云中的水汽凝结成雨滴，形成降水。降水量大小与雨云的水汽含量、温度，以及凝结核数量和性质密切相关。人工增雨则是采用人工增加云中的凝结核数量的途径促进降雨的形成和雨量的增加。在城市化地区，人类活动会显著增加大气中凝结核的数量，使得城市地区的降水频次和降水总量增加。
        
        "
初期雨水 initial rainwater,"一次降雨初期阶段的雨水。在降雨初期，雨水往往吸附和溶解了空气中的大量污染性颗粒和分子，降落地面的雨水又冲刷地面沉积物质，使得初期雨水中含有大量的污染性物质，远高于降雨中后期的雨水。如果将初期雨水直接排入自然水体，将会对水体造成污染，必须认真分析研究初期雨水污染成因和形成机制，采取对应的治理措施。
        
        "
人工湖 artificial lake; man lake; reservoir,"即“水库”(4页)。
        
        "
亲水平台 waterside terrace,"从陆地延伸到水面或紧邻水边，使人们能够更方便地接近水体的场地和建筑物，如岸边的观景走廊、观景台、水面上的景观浮桥、水上步道等。人类的亲水性与生俱来，亲水平台以人水和谐为设计理念，加强人与自然的接触和沟通，改善城市环境及促进生态系统的健康。
        
        "
亲水空间 hydrophilic space,"能适应不同人群和功能的需要变化，并展开一系列多元化的亲水活动的城市滨水的场地和设施。位于城市水域空间与陆地空间的交接区域，最接近城市滨水地带中水域的前沿。一般由水体、水体所附属的空间节点(码头、河埠、桥等)、沿河道路、小型开敞空间和沿河建筑构成。亲水空间强调了对人自身活动的支持和引导，将水域空间与城市陆域空间衔接起来，让水陆空间相容相渗。亲水空间使人的活动与水环境更加融合，加强两者的接触，形成多样的滨水生活。
        
        "
清水通道 clear water channel,"专用于输送清洁水的控制性河道。由输水河道、河道沿程控制性水工建筑物、清水水源组成。清水通道建设的主要目的是将水源地的清水沿程不受污染地输送到需水地点或区域，输水河道又具备较好的生态景观功能。常用于河道沿程水环境功能区划不达标、周边河网水质较差的区域。
        
        "
景观河道 landscape river,"寓有良好景观功能的河道。一个良好的景观河道必须具有充分的水量、洁净的水流、生态性护岸，保持河流弯曲蜿蜒、断面宽窄不一、河底深浅变化的自然景观，河道两侧具有良好的植被、开阔的空间，为人们的休闲娱乐提供适宜的场所，创造人水和谐的优美境界。
        
        "
复式断面 compound cross section,"由两个以上明显不同形态过水断面组成的河道断面。天然河道一般既有主槽又有滩地，多属于复式断面，枯水季节水流多在主槽内流动，洪水期间水流在主槽和滩地内同时流动。城市河道多为人工开挖或改造的河道，复式断面一般以常水位为基准设立沿河亲水走廊，低于亲水走廊的断面为枯水过水断面，高于亲水走廊为洪水过流断面。采用复式断面设计城市排洪河道可以解决常水位情况下亲水性不足的问题。
        
        "
断头浜 ends down creek,"一端为盲端、另一端与其他水体相通的河浜。城市地区的断头浜因水体流通性差、自净能力低，易发生淤积和水质恶化，严重时会造成河水黑臭和蓝藻暴发的现象。
        
        "
中水回用 reclaimed water utilization,"各种排水经处理达到回用水质标准后作为非饮用水加以重复使用。通常将饮用水称“上水”，用过的废水称“下水”，而将下水经过处理达到回用标准的非饮用水称“中水”。中水水质达不到饮用水标准，多用于非人体接触用水。按中水水质状况可用于厕所冲洗、园林浇灌、农田灌溉、道路保洁、洗车、城市喷泉、设备冷却、消防、河流补水等用途。是节约水资源、减少污水排放、保护生态环境的有效途径之一。
        
        "
节水减排 water conservation and wastewater reduction,"亦称“节水减污”。在节约用水的同时达到减少污水排放的目的。中国很多区域面临水资源紧缺现象，与此同时河湖水质污染严重，更加重了水资源短缺现象，不少丰水地区亦出现水质型缺水状况，节水减排是水资源利用和保护的一项重要国策。
        
        "
循环用水 cycling use of water,"在一个生产过程中，由给水、排水和水处理设施按一定的工艺流程组成一个闭路循环的用水系统，将系统内产生的废水，经适当处理后回用，不补充或少量补充新鲜水，而不排放或少排放废水的循环用水方式。采用循环用水的生产工艺基本没有尾水排放，可有效节约水资源，避免工业废水排放对水体的污染，是一种较佳的工业用水模式。
        
        "
源头消减 source reduction,"通过从源头分散性控制措施消减雨水径流和面源污染的减污模式。常用的措施包括分散式雨水收集利用、雨水花园、雨水湿地、植物浅沟、下凹式绿地、透水铺面、渗透沟渠等。通过这些措施，可增加雨水下渗，涵养地下水，减小和滞蓄地表径流，拦截地面污染物质，延长汇流时间，降低涝水流量。可有效地缓解城市建成区面积扩张造成的地表径流增加、面源污染负荷加重的状况，维持城市的自然水文特性和生态功能。
        
        "
分流制排水系统 separate flow system,"将生活污水、生产废水与雨水分别在两种以上管道系统内排放的排水系统。专用于排除生活污水和工业废水的系统称“污水排水系统”，污水排水系统的水全部送污水厂处理后排放。专用于排除雨水的系统称“雨水排水系统”，雨水排水系统的雨水可直接排入水体。还有一种是截流式雨水排水系统，可以截流污染较为严重初期雨水送入污水厂处理后排放，超过截流量的雨水直接排入水体，避免初期雨水对接受水体的污染。
        
        "
合流制排水系统 combined flow system,"将生活污水，工业废水和雨水混合在同渠内排除的排水系统。常采用的是截流式合流制排水系统，在无雨期，排水系统的污水通过截流主管全部送入污水厂处理后排放，在雨期，当雨水与污水流量之和超过截流干管的输送能力时，超出的混合污水量经过溢流井或泵站排入受纳水体，称“溢流”。
        
        "
城镇水系统 urban water system,"以一定地域空间内的城镇水资源为主体，以水资源开发利用和保护为过程，随时空变化的动态系统。由城镇水源、供水、用水和排水四大要素构成。以水量保障、水质保障和水压保障为主要功能。从用水需求、环境污染、减少渗漏、节水措施和加强补给等方面进行调控，保证其功能的发挥。
        
        "
给水系统 water supply system,"由取水、输水、水处理和配水等设施组成的总体。设施包括取水构筑物、输水管渠、水处理构筑物、调节和增压构筑物、配水管网等，其中输水管渠、配水管网、调节及增压构筑物总称“输配水系统”。按水源种类，分地表水(江河、湖泊、蓄水库、海洋等)给水系统和地下水(浅层地下水、深层地下水、泉水等)给水系统;按供水方式，分自流系统(重力供水)、水泵供水系统(压力供水)和混合供水系统;按使用目的，分生活用水、生产用水和消防用水系统;按服务对象，分城镇生活给水和工业给水系统。
        
        "
统一给水系统 combined water supply system,"用同一系统供应生活、生产和消防等各种用水的供水方式。系统中只有一个管网，即管网不分区，其供水具有统一的水压和水质。当工业用水量占总供水量比例较小、各类用户要求的水压和水质基本接近，且供水区地形平坦时采用，便于集中管理，节约建设费用。
        
        "
分压给水系统 separate pressure water supply system,"根据地形高差或用户对管网水压的要求，实行不同供水压力的分系统供水方式。各区供水自成体系，又互相保持必要的联系。采用分压给水系统可避免低区水压过剩，以减少电费和维修等费用。
        
        "
分质给水系统 separate quality water supply system,"根据用户对水质要求的差异，实行不同供水水质的分系统供水方式。可采用同一水源，经过不同的水处理过程和管网，将不同水质的水分别供给各类用户;也可采用不同水源，如地表水经混凝、沉淀后供给工业生产用水，地下水经消毒后供给生活用水等;将城市污水再生处理后作为厕所便器冲洗、绿化、洗车等用水，即另设生活杂用水系统;利用海水作为冲厕用水，即另设海水利用系统等。
        
        "
分区给水系统 zoned water supply system,"将给水管网系统划分为多个区域，各区域管网具有独立的供水泵站，以满足特定的水压需求的供水方式。可降低平均供水压力，避免局部水压过高，减少爆管概率和泵站能量浪费。大型管网系统可能既有串联分区又有并联分区，以便更加节约能量。对于地形起伏较大的城镇，高、低区域采用由同一水厂供水的分压给水系统，称“并联分区给水系统”;采用增压泵房(或减压措施)从某一区域取水，向另一区域供水的系统，称“串联分区给水系统”。当城镇用水区域划分成相距较远的几部分时，由于统一供水不经济，可采用几个独立的系统分区供水，待城镇发展后逐步加以连接，成为多水源的统一给水系统。
        
        "
区域给水系统 regional water supply system,"跨地域界限向多个城镇和乡村统一供水的方式。按照水资源合理利用和管理相对集中的原则，该系统供水区域不局限于某一城镇，而是包含若干城镇及其周边的村镇和农村集居点，形成一个较大范围的供水区域。可由单一水源和水厂供水，也可由多个水源和水厂组成。
        
        "
集中式供水 central water supply,"自水源集中取水，经处理后，通过输配水管网送到用户或公共取水点的供水方式。包括自建设施供水。为用户提供日常饮用水的供水站和为公共场所、居民社区提供的分质供水均属于此。
        
        "
分散式供水 decentralized water supply,"分散的从水源取水，未经处理或经简易处理的供水方式。
        
        "
给水水源 supplying water source,"给水工程所取用原水的水体。分地下水源和地表水源。前者包括潜水(无压地下水)、自流水(承压地下水)和泉水;由于受形成、埋藏和补给等条件影响，具有水质澄清、水温稳定、分布面广等特点，但地下径流量较小，有的矿化度和硬度较高，部分地区可能出现铁、锰、氟、砷、氯化物、硫酸盐、各种重金属或硫化氢含量较高的情况。后者包括江河、湖泊、水库和海水，受地面各种因素影响较大，一般具有径流量相对较大、矿化度和硬度低、含铁锰量较低等特点，江河水浊度较高(特别是汛期)、水温变幅大、受沿岸污染影响较大，湖泊和水库水因流动性小、浊度较低、自净能力有限等，有机污染和富营养化问题较多。
        
        "
给水工程 water supply engineering,"(1) 为居民或工厂、矿场、铁路供应生活、生产等用水的工程。其整套设施称“给水系统”，一般由取水构筑物、净水构筑物、泵房、调节水池、输水管道、配水管网等组成。将地面或地下的天然水，经过处理，符合使用标准后，输送给用户或用水设备。(2) 研究水的取集，输配和加工处理的一门学科。研究内容包括取水工程、给水处理工程和输配水工程。
        
        "
取水工程 water intake engineering,"给水工程的重要组成部分之一。任务是从水源取水，并送至水厂或用户。由于水源不同，取水工程对整个给水系统组成、布局、投资及运行维护的经济性和安全可靠性具有重大影响。取水构筑物是取水工程中的主要设施，是自地表水源或地下水源取水的各种构筑物的总称。按水源类型，分地表水取水构筑物和地下水取水构筑物。前者主要有： (1) 岸边式取水构筑物。设在岸边，原水直接流入进水间的取水构筑物，一般由进水间和泵房两部分组成。适用于岸边较陡、主流近岸、岸边有足够水深、水质和地质条件较好、水位变幅不大的情况。(2) 河床式取水构筑物。利用进水管将取水头部伸入江河、湖库中取水，原水通过进水管流入进水间的构筑物，一般由取水头部、进水管(自流管或虹吸管)、进水间(或集水井)和泵房组成。适用于河床稳定、河岸较平坦，枯水期主流离岸较远，岸边水深不够或水质不好，而河中又具有足够水深或较好水质时。后者常见的有： (1) 管井。从地面打到含水层，抽取地下水的井。用于开采深层地下水，直径一般为50〖KG-1.3mm〗～1000mm，井深可达1000m以上。常见的管井直径大多小于500mm，井深也在200m以内。随着凿井技术的发展和浅层地下水的枯竭与污染，直径在1000mm以上、井深在1000m以上的管井已有使用。按其过滤器是否贯穿整个含水层，可分为完整井和非完整井。管井施工方便，适应性强，能用于各种岩性、埋深、含水层厚度和多含水层的取水工程，是地下水取水构筑物中应用最广泛的一种形式。(2) 大口井。由人工开挖或沉井法施工，设置井筒，以截取浅层地下水的构筑物。广泛用于开采浅层地下水，井直径一般5〖KG-1.3mm〗～8m，最大不宜超过10m，井深一般在15m以内。具有构造简单、取材容易、使用年限长、容积大能兼起调节水量等优点，在中小城镇、铁路、农村供水采用较多。但深度浅，对水位变化适应性差，采用时必须注意地下水水位变化。
        
        "
输配管网 delivery pipe & distribution system,"给水系统中的管道系统。从水源到水厂(原水输送)或当水厂距供水区较远时从水厂到配水管网(净水输送)的称“输水管”或“输水渠”。一般不沿线向外供水。输水管道的常用材料有铸铁管、钢管、钢筋混凝土管、PVC-U管等，输水渠道一般由砖、砂、石、混凝土等材料砌筑。分布在供水区域内的配水管道网络称“配水管网”。功能是将来自集中点(如输水管渠的末端或贮水设施等)的水量输送并分配到整个供水区域，使用户就近接管用水。由主干管、干管、支管、连接管、分配管等构成。还需安装消火栓、阀门(闸阀、排气阀、泄水阀等)和检测仪表(压力、流量、水质检测等)等附属设施，以保证供水和满足生产调度、故障处理、维护保养等管理需要。
        
        "
水质 water quality,"水的物理、化学、生物学等方面的性质。标志着水体的物理(色度、悬浮物等)、化学(有机和无机物含量)和生物学(细菌、微生物、浮游生物、底栖生物)特征及其组成状况。
        
        "
用水水质标准 water quality standard,"用水对象(如生活用水、工业用水、城市杂用水、景观环境用水等)所要求的各项水质参数应达到的指标和限值。是给水处理的参考和依据，不同用水对象所要求的水质标准不同，主要包括生活饮用水卫生标准、食品和饮料类水质标准、城市杂用水水质标准、游泳池用水标准、工业用水水质标准等。随着科技进步和社会发展，水质标准在不断修订和完善中。
        
        "
饮用水 drinking water,"供人饮用的水和生活用水，其水质应符合生活饮用水卫生标准。
        
        "
给水处理 water supply treatment,"对水源水或不符合用水水质要求的水，采用物理、化学、生物等方法改善水质的过程。任务是通过必要的处理方法去除水中杂质，使之符合生活饮用或工业使用所要求的水质。水处理方法应根据水源水质和用水对象对水质的要求确定。对于不受污染的地表水源而言，水处理对象主要是水中悬浮物、胶体和致病微生物。常规处理工艺十分有效。对于微污染水源，水中溶解性有机物，特别是具有致癌、致畸、致突变的有机污染物(简称“三致物质”)或“三致”前体物，通常需要在常规处理工艺基础上增加预处理和深度处理。常规处理一般包括混凝、沉淀、过滤、消毒。预处理指设在常规处理工艺之前的粉末活性炭吸附、臭氧或高锰酸钾氧化、生物预处理等工序。预处理方法除能去除水中有机污染物外，同时也具除味、除臭及除色等作用。深度处理指在常规处理后的颗粒活性炭吸附、臭氧-活性炭、高级氧化、膜分离等工序。
        
        "
混凝 coagulation,"水中胶体粒子以及微小悬浮物的聚集过程。是凝聚和絮凝的总称。其中胶体失去稳定性的过程称“凝聚”，脱稳胶体相互聚集的过程称“絮凝”。在工艺设计中，往往将混凝过程分为混合和絮凝两个阶段。前者指使投入的混凝剂迅速均匀地扩散于被处理水中以创造良好反应条件的过程，对取得良好混凝效果有重要作用;对水流进行剧烈搅拌以利于混凝剂快速水解、聚合及颗粒脱稳，通常在10〖KG-1.3mm〗～30s至多不超过2min内完成，速度梯度一般在700〖KG-1.3mm〗～1000 s-1之间。后者指完成凝聚的胶体在一定的外力扰动下相互碰撞、聚集，形成较大絮状颗粒的过程，主要靠机械或水力搅拌促使颗粒碰撞凝聚，絮凝体尺寸逐渐增大，粒径可从微米级增到毫米级，变化幅度达几个数量级。由于大的絮凝体容易破碎，故自絮凝开始至结束，速度梯度应逐次减小，采用机械絮凝池时，搅拌强度应逐渐减小;采用水力絮凝池时，水流速度应逐渐减小。
        
        "
沉淀 sedimentation,"水中悬浮颗粒依靠重力作用，从水中分离出来的过程。在给水处理中，常遇到两种沉淀，一种是颗粒沉淀过程中彼此没有干扰，只受颗粒本身在水中的重力和水流阻力作用，称“自由沉淀”;另一种是颗粒在沉淀过程中彼此相互干扰，或受到容器壁干扰，虽然其粒度和第一种相同，但沉淀速度却较小，称“拥挤沉淀”。典型的沉淀工艺主要包括平流沉淀池、斜管沉淀池和斜板沉淀池。是去除水中悬浮颗粒的工艺。
        
        "
澄清 clarification,"集混凝、沉淀于一体的净水处理工艺。利用澄清池中活性泥渣层与原水中杂质颗粒相互接触、吸附，以达到清水较快分离的目的，可较充分发挥混凝作用和提高澄清效率。典型的澄清工艺主要包括机械搅拌澄清池、水力循环澄清池和脉冲澄清池。机械搅拌澄清池是利用机械的提升和搅拌作用，促使泥渣循环，并使原水中杂质颗粒与已形成的泥渣接触絮凝和分离沉淀的构筑物。水力循环澄清池是利用水力的提升作用，促使泥渣循环，并使原水中杂质颗粒与已形成的泥渣接触絮凝和分离沉淀的构筑物。脉冲澄清池是使处于悬浮状态的泥渣层不断产生周期性的压缩和膨胀，促使原水中杂质颗粒与已形成的泥渣接触絮凝和分离沉淀的构筑物。高密度沉淀(澄清)池作为针对微污染水源水质净化研发的新型净水工艺，采用载体絮凝技术达到快速沉淀目的，其特点是在混凝阶段投加高密度不溶介质颗粒(如细砂)，利用介质的重力沉降及载体的吸附作用加快絮体生长及沉淀，具有处理效率高、单位面积产水量大、抗冲击负荷强、占地面积小等优点。
        
        "
过滤 filtration,"借助粒状材料或多孔介质截除水中悬浮物的过程。滤池通常置于沉淀池或澄清池之后，进一步降低水的浊度，水中有机物、细菌和病毒等将随水的浊度降低而被部分去除，残留于滤后水中的细菌、病毒等在失去颗粒物保护和依附后，易于在消毒过程中被杀死，这为滤后消毒创造良好条件。在饮用水的净化工艺中，有时沉淀池或澄清池可省略，但过滤是不可缺少的，它是保证饮用水卫生安全的重要措施。典型的过滤工艺主要包括普通快滤池、虹吸滤池、无阀滤池和V形滤池。普通快滤池为传统的滤池布置形式，滤料一般为单层细砂级配滤料或煤、砂双层滤料，冲洗采用单水冲洗，冲洗水由水塔(箱)或水泵供给。虹吸滤池是一种以虹吸管代替进水和排水阀门的快滤池形式，滤池各格出水相互连通，反冲洗水由未进行冲洗的其余滤格的滤后水供给。无阀滤池是不设阀门、过滤与反冲洗过程自动进行的快滤池形式。V形滤池采用粒径较粗的均匀滤料，各滤格两侧设有V形进水槽，冲洗采用气水微膨胀兼有表面扫洗的冲洗方式，冲洗排泥水通过设在滤格中央的排水槽排出池外。
        
        "
消毒 disinfection,"使病原体灭活的过程。并非要把水中微生物全部消灭，只是要消除水中致病微生物(病菌、病毒和原生动物胞囊等)的致病作用。为防止通过饮用水传播疾病，在给水处理中消毒是必不可少的，是生活饮用水安全、卫生的最后保障。消毒可根据原水水质和处理要求，采用滤前及滤后二次消毒，也可仅采用滤前(包括沉淀前)或滤后消毒。采用滤前消毒可延长氯的接触时间，有利于杀死水中微生物，防止藻类生长，清洁滤砂和降低水的色度等，但氯耗稍大，当水中有机物含量高时，还将使出水的三卤甲烷含量增加。采用何种加氯方式应根据原水水质而定。
        
        "
生物预处理 biological pre-treatment,"利用生物作用，置于常规处理工艺前用以去除原水中氨氮、异嗅、有机微污染物等的净水过程。水源水中营养物质浓度低，用于受污染水源水的生物预处理方法主要是生物膜法，常用接触氧化池和生物滤池。对水中氨氮去除有效，去除率可达70%〖KG-1.3mm〗～90%，还能去除部分常量和微量有机污染物，改善水的浊度、色度等，减轻后续处理构筑物负荷，提高处理水水质。运行效果受温度影响较大，较适用于南方地区。当水中可生物降解有机物含量较低时，效果不好。需要增设大型处理构筑物，故建设费用较高，其推广受一定影响。
        
        "
化学预处理 chemical pre-treatment,"依靠氧化剂的氧化能力，分解破坏水中污染物的结构，达到转化和分解污染物目的的净水过程。主要包括预氯化、高锰酸钾预氧化、光化学预氧化和臭氧预氧化等。以氧化水中有机物和藻类为主，改善水体色、嗅、味。
        
        "
臭氧-活性炭工艺 ozone-activated carbon process,"利用臭氧氧化、颗粒活性炭吸附和生物降解功能所组成的净水工艺。在水中投加少量臭氧的目的是将溶解性和胶体状有机物转化为较易生物降解的有机物，将某些分子量较高的腐殖质氧化为分子量较低、易生物降解的物质并成为炭床中微生物的养料来源。在活性炭床内，有机物吸附在炭粒的表面和孔隙中，微生物生长在炭粒表面和大孔中，通过细胞酶的作用将某些有机物降解，因此有机物的去除在于活性炭吸附和生物降解的双重作用。在水源受到污染，水中氨氮、酚、农药及其他有毒有害有机物经常超标，而水厂常规处理工艺又不能将其去除的情况下，是饮用水深度处理的有效方法之一。
        
        "
膜处理 membrane treatment,"以选择性透过膜为分离介质，在其两侧施加某种推动力，使进水侧组分选择性地透过膜，达到分离或提纯目的的水处理工艺。其推动力可是压力差、温度差、浓度差或电位差。在水处理领域中，广泛使用的推动力为压力差和电位差，其中压力差驱动膜处理工艺主要有微滤、超滤、纳滤、反渗透等，电位差驱动膜处理工艺主要有电渗析。前四种膜滤都是在压差推动力作用下进行的筛孔分离过程。微滤可滤除粒径为0.01〖KG-1.3mm〗～10μm的微粒，超滤能截留水中相对分子质量在300〖KG-1.3mm〗～300000的物质，以及细菌、病毒、胶体等微粒。反渗透和纳滤用于将低分子量的溶质(如无机盐、葡萄糖、蔗糖等)从水中分离出来，两者差别在于分离溶质的大小，反渗透需要较高的压力，纳滤所需压力则介于反渗透与超滤之间。电渗析是在直流电场作用下，以电位差为推动力，利用离子交换膜的选择透过性，使水中阴、阳离子作定向迁移，从而实现溶液的浓缩、淡化、精制和提纯。主要应用于工业用水和海水淡化等。
        
        "
用水量 water consumption,"用户所消耗的水量。主要包括： (1) 居民生活用水量。居民日常生活所需用的水，包括饮用、洗涤、冲厕、洗澡用水等。(2) 公共建筑用水量。公共建筑所需用的水，包括机关、部队、学校、医院、商业、文体场所用水等。(3) 工业用水量。包括工业企业生产过程和职工生活所需用的水。(4) 消防用水量。只是在发生火警时才由给水管网供给，用水对水质没有特殊要求。一般城镇给水皆采用低压制消防系统，即当发生火警时，由消防车自管网中取水加压进行灭火。工业企业也有采用高压消防系统，即当发生火警时，通过提高整个管网的水压，保证必需的灭火水柱。有关消防水量、火灾次数和相应管网压力，应按照消防规范确定。(5) 自用水量。净水厂内部生产工艺过程和其他用途所需用的水量。(6) 城市杂用水量。用于道路清扫、绿化、车辆冲洗、建筑施工等的非饮用水。
        
        "
工业用水重复利用率 repetitive use rate of industrial water,"在一定的计量时间(年或月)内，生产过程中使用的重复利用水量占总用水量的比例。
        
        "
循环给水系统 recycling water supply system,"按水质要求不同，水经使用后不予排放而循环利用或处理后循环利用的给水系统。在循环过程中，蒸发、飞散、风吹、排污和渗漏等所损耗的部分水量，由水源或城镇管网不断向系统补充。具有节约能源和水资源、减少水源污染、提高供水可靠性和企业经济效益等优点，是工业给水中普遍采用的给水系统。
        
        "
排水系统 wastewater engineering system,"收集、输送、处理、再生和处置污水和雨水的设施以一定方式组合成的总体。水在被用户使用后，水质受到不同程度的污染，成为污(废)水。这些污(废)水携带着不同来源的污染物质，会对人体健康、生活环境和自然生态环境带来严重危害，需要及时收集和处理后才可排放到自然水体或重复利用。城市化地区的降水会造成地面积水，甚至造成洪涝灾害，需要建设雨水排水系统及时排除。只有建立合理、经济和可靠的排水系统，才能达到保护环境、保护水资源、促进生产和保障人们生活和生产活动安全的目的。
        
        "
排水体制 sewerage system,"在一个区域内收集、输送污水和雨水的方式。有合流制和分流制两种基本体制。前者用同一管渠系统收集和输送城市污水和雨水的排水方式。早期建设的排水系统，是将排除的混合污水不经处理直接就近排入水体，称“直排式合流制排水系统”。由于污水未经处理就排放，使受纳水体遭受严重污染。现常采用截流式合流制排水系统，该系统建造一条截流干管，在合流干管与截流干管相交前或相交处设置溢流井，并在截流干管下游设置污水厂。晴天和降雨初期时，所有污水都输送至污水处理厂，经处理后排入水体。随着降雨量增加、雨水径流量增大，当混合污水量超过截流管输水能力时，以雨水占主要比例的混合污水经溢流井溢出，直接排入水体。截流式合流制排水系统仍有部分混合污水未经处理直接排放，水体仍会遭受污染。后者将生活污水、工业废水和雨水分别在两套或两套以上管道(渠)系统内排放的排水系统。排除城市污水或工业废水的管网系统称“污水管网系统”;排除雨水的管网系统称“雨水管网系统”。由于排除雨水方式的不同，分流制排水系统又分为完全分流制和不完全分流制两种排水系统。完全分流制排水系统包括污水排水系统和雨水排水系统;不完全分流制排水系统只有污水排水系统，未建雨水排水系统，雨水沿天然地面、街道边沟、水渠等渠道系统排泄，或为补充原有渠道系统输水能力的不足而修建部分雨水管道，待城市进一步发展后再修建雨水排水系统，使之成为完全分流制排水系统。
        
        "
排放标准 discharge standard,"为保护水环境，结合污水受纳水体功能区，对排放的污染物种类和排放量进行控制的指标和限值。当污染物排放量低于受纳水体的自净能力时，水体质量不会下降，这是制定污水排放标准最基本的出发点。在中国，《地表水环境质量标准》是水污染物排放标准制定的基本依据。污水排放标准的制定应根据污水受纳水体的功能区区分，对不同的受纳水体功能区，执行不同的排放标准，高功能区执行高标准，低功能区执行低标准，保证受纳水体生态平衡、污染物降解和水体自净。制定排放标准还要考虑实际经济能力和对污染物的监测水平和能力。
        
        "
污水处理 wastewater treatment,"对污水采用物理、化学、生物等方法进行净化的过程。将污水中所含的污染物质分离去除、回收利用，或将其转化为无害物质。按原理，分： (1) 物理处理法。利用物理作用分离污水中呈悬浮状态的固体污染物质，如筛滤、气浮、过滤和膜滤等。(2) 化学处理法。利用化学反应的作用，分离回收污水中处于各种形态的污染物质(包括悬浮态、溶解态、胶体态等)，主要方法有中和、混凝、电解、氧化还原、汽提、萃取、吸附、离子交换和电渗析等。(3) 生物化学处理法。利用微生物的代谢作用，使污水中呈溶解、胶体态的有机污染物转化为稳定的无害物质，主要方法分为利用好氧微生物作用的好氧法(好氧氧化法)和利用厌氧微生物作用的厌氧法(厌氧还原法)两大类。前者广泛用于处理城市污水和有机性生产污水，主要包括活性污泥法和生物膜法;后者多用于处理高浓度有机污水和污水处理过程中产生的污泥，现可应用于城市污水和低浓度有机污水处理。按处理程度，分： (1) 一级处理。采用机械方法和沉淀过程去除污水中悬浮物的过程。(2) 二级处理。污水一级处理后，再用生物方法进一步去除污水中胶体和溶解性有机物的过程。(3) 三级处理。在一级、二级处理后，进一步处理难降解有机物、氮和磷等能够导致水体富营养化的可溶性无机物等，主要方法有生物脱氮除磷、混凝沉淀、砂滤、活性炭吸附等。
        
        "
格栅 bar screen,"拦截水中较大尺寸的漂浮物或其他杂物的装置。能减轻后续处理构筑物处理负荷，并使之正常运行。由一组平行的金属栅条或筛网制成，安装在污水渠道、泵房集水井进口处或污水处理厂端部。按格栅形状，分平面格栅和曲面格栅;按栅条净间隙，分粗格栅、中格栅和细格栅。
        
        "
沉砂池 grit chamber,"去除水中自重较大、能自然沉降的较大粒径砂粒或颗粒的构筑物。一般设于泵站、倒虹管前，以便减轻无机颗粒对水泵、管道的磨损;也设于初次沉淀池前，以减轻沉淀池负荷，以及改善污泥处理构筑物的处理条件。常用的有平流沉砂池、曝气沉砂池和钟式沉砂池等。
        
        "
初次沉淀池 primary settling tank,"设在生物处理构筑物前的沉淀池。用以降低污水中固体物浓度。是一级污水处理厂的主体处理构筑物，或作为二级污水处理厂的预处理构筑物。处理对象是悬浮物，同时可去除部分生化需氧量，可改善生物处理构筑物运行条件并降低其生化需氧量负荷。按池内水流方向不同，可分为平流式沉淀池、辐流式沉淀池和竖流式沉淀池。
        
        "
活性污泥法 activated sludge process,"用活性污泥(充满微生物的絮状泥花)稳定和澄清废水的污水处理方法。先在人工条件下，对污水中各类微生物群体进行连续混合和培养，形成悬浮状态的活性污泥。再利用活性污泥的生物作用，分解去除污水中的有机污染物，然后使污泥与水分离，大部分污泥回流到生物反应池，多余部分作为剩余污泥排出活性污泥系统。处理技术有传统活性污泥法、氧化沟工艺(卡罗塞尔氧化沟、奥贝尔氧化沟、交替运行式氧化沟)、序批式活性污泥法等。
        
        "
生物膜法 biofilm process,"在充分供氧条件下，用生物膜(表面生长微生物的黏性膜)稳定和澄清废水的污水处理方法。先采用各种载体，通过污水与载体的不断接触，使微生物在载体表面生长和繁殖，由微生物群落内向外伸展的胞外多聚物使微生物群落形成孔状结构的生物膜。再利用生物膜对有机污染物的吸附和分解作用使污水得到净化。处理技术有生物滤池(普通生物滤池、高负荷生物滤池、塔式生物滤池)、生物转盘、生物接触氧化设备和生物流化床等。相对于活性污泥法，生物膜法在微生物相方面的特征有： 参与净化反应的微生物多样，生物食物链长，能够存活世代时间较长的微生物;在处理工艺方面的特征有： 对水质、水量变动有较强适应性，污泥沉降性能良好且易于固液分离，能够处理低浓度污水，易于维护运行且节能。
        
        "
二次沉淀池 secondary settling tank,"设在生物处理构筑物(活性污泥法或生物膜法)后的沉淀池。用于污泥(活性污泥或腐殖污泥)与水分离，是生物处理系统的重要组成部分。
        
        "
自然生物处理 natural bio-treatment,"利用自然生态系统的调节、自净功能消除污染的处理方法。分为： (1) 稳定塘。经过人工适当修整，设围堤和防渗层的污水池塘，通过水生生态系统的物理和生物作用对污水进行自然处理。污水在塘中的净化过程与自然水体的自净过程相近。污水在塘内缓慢流动，经较长时间贮留，通过污水中微生物的代谢活动和多种水生植物的综合作用，使有机污染物降解，污水得到净化。能充分利用地形，工程简单、建设投资省，能够实现污水资源化，且能耗少，维护方便，成本低廉。根据塘水中微生物优势群体类型和溶解氧浓度，分好氧塘、兼性塘、厌氧塘和曝气塘。(2) 土地处理系统。利用土壤、微生物和植物组成的生态系统处理污水。营养物质和水分的循环利用，使植物生长繁殖并不断被利用，达到污水净化目的。常用的工艺形式有慢速渗滤处理系统、快速渗滤系统、地表漫流处理系统、湿地处理系统、污水地下渗滤处理系统等。
        
        "
脱氮除磷 nitrogen and phosphorus removal process,"去除污水中氮、磷的污水处理工艺。一般包括生物脱氮、生物除磷或化学除磷等过程。中国脱氮除磷工艺以厌氧/缺氧/好氧活性污泥法(亦称“A2/O活性污泥法”)为代表。污水经过厌氧、缺氧、好氧交替状态处理，提高总氮和总磷去除效率。污水先进入厌氧池，同步进入的还有从沉淀池回流的含磷污泥，本池主要功能是释磷，同时部分有机物进行氨化;污水经过厌氧池进入缺氧池实现脱氮，硝态氮通过内回流由好氧池补充;混合液从缺氧池进入好氧池，完成BOD去除、氨氮硝化和过量吸磷等多项生化反应。传统A2/O工艺因脱氮和除磷所需的污泥龄差距大、缺氧段有机碳不足、缺氧和好氧段污泥浓度较低等缺陷，导致脱氮效果不理想，后出现分段进水A2/O工艺、倒置A2/O工艺等改良工艺，提高脱氮效果，尤其是总氮去除效果。
        
        "
污泥处理 sludge treatment,"对污泥进行减量化、稳定化和无害化的处理过程。一般包括浓缩、调理、脱水、稳定、干化或焚烧等加工过程。污水处理过程中产生的污泥数量占处理水量的0.3%〖KG-1.3mm〗～0.5%(以含水率为97%计)。污泥中含有大量的有害有毒物质，如寄生虫卵、病原微生物、细菌、持久性有机污染物和重金属离子等，有用物质如植物营养素(氮、磷、钾)、有机物和水分等。因此污泥需要及时处理和处置，以便达到如下目的： (1) 使污水处理厂能够正常运行，确保污水处理效果;(2) 使有毒有害物质得到妥善处理或利用;(3) 使容易腐化发臭的有机物得到稳定处理;(4) 使有用物质能够得到综合利用，变害为利。总之，污泥处理和处置是对污泥进行减量化、稳定化和无害化并进行最终消纳的过程。
        
        "
污泥处置 sludge disposal,"对处理后污泥的最终消纳过程。一般包括土地利用、填埋和建筑材料利用等。参见“污泥处理”。
        
        "
城市污水再生利用 urban wastewater reclamation,"污水回收、再生和利用的统称。城市污水经过以生物处理技术为中心的二级处理和一定程度的深度处理后，能满足特定用水目的的水质要求和安全性要求的净化水称“再生水”。再生水利用的直接途径有城市景观用水、城市杂用水和工业用水等。主要用于城市园林浇灌、浇洒马路、补给市政景观水域等;再生水也可作为办公楼、学校、公共建筑物、工厂或家庭冲厕的冲洗水，但需单独设置再生水系统;再生水还可用于补充地下水、农田灌溉等。再生水利用在水循环、水资源调配中占有重要位置，是城市可依赖的水资源，同时也是保护和恢复水环境，维持健康水循环的重要途径。再生水利用应与水源保护、水环境改善、景观和生态环境建设等结合，综合考虑地理位置、自然环境条件、社会经济发展水平和水质特性等因素。
        
        "
城镇雨洪利用 rainwater harvesting and utilization,"采用工程性和非工程性措施对雨水资源进行保护和利用的全过程。是实现开发新的水资源、保护城镇区域水环境和减少城镇区域洪涝灾害等多重目的的系统工程。主要包括雨水收集、储存和净化后的直接利用，以及通过各种人工或自然渗透设施使雨水渗入地下，补充地下水资源等间接利用。目的是利用雨水时空分布不匀的特点，采用拦蓄、储存的方式使雨水变弃为宝，化害为利。
        
        "
落差 fall,"按同一基准面同时测得的河道(段)上、下两断面之间的水位差。单位以m计。河源与河口间的落差称“总落差”。河段两端的河底高程差或最低水位差，表征单位质量水体具有的水能，是估算该段河流水能蕴藏量的最主要参数之一。在重力作用下河水不断向下游流动，因克服流动阻力、冲蚀河床，使水能分散地消耗掉。水力发电的任务，就是采取适当工程措施，将这些被无益消耗掉的水能转化为人们需要的电能。河道某一河段比降陡，即单位长度河段落差大，有利于筑坝壅高水头，或有利于用较短的引水道集中较大落差。
        
        "
水能 water energy,"陆地和沿海水体中蕴藏的天然水能源。水电站生产电能所必需的一种不污染环境又可再生的一次能源。主要包括河川水能资源和沿海潮汐水能资源。是水利资源的重要组成部分。河川径流相对于海平面具有一定的势能，在其流动过程中又有部分势能转化为动能，这种势能和动能即构成河川天然水能。潮汐水能主要是由日、月、天体引潮力和太阳辐射等作用所形成的潮差而成。天然水能在被开发利用前，常被水流消耗于克服流动阻力、冲蚀河床或海岸、挟带运送泥沙和漂浮物等，使所含水能分散地消耗掉。水力发电的任务，就是要通过一系列工程措施，利用水能生产电能。
        
        "
水能利用 hydroenergy utilization,"通过一定工程措施，将天然水能开发出来为人类服务的活动。近代常以天然水能转化为电能的水力发电作为水能利用的主要方式。借助于坝、闸或水电站引水建筑物，将天然水能集中起来，再引取集中了水能的水流驱动水轮机，并带动发电机旋转，由此生产出电能。水流在流过水轮机并将其大部分水能传给水轮机后，成为“尾水”泄向下游，其水量并未消耗。这种水能利用方式不消耗燃料，可获得大量廉价的电能，不污染环境，还可实现水资源的综合利用。
        
        "
水力发电 hydropower,"采用一系列工程措施将水流所具有的位能、压能、动能转化为电能的过程。水力发电具有下列主要特点： (1) 水流的能量用来发电后，在自然界的循环中还会产生新的水能;(2) 不污染环境;(3) 发电成本很低;(4) 机电设备较简单，操作调节灵活;(5) 需较多的投资，施工期较长;(6) 造成一定的淹没和浸没损失;(7) 可与灌溉、航运等水利事业相结合，达到综合利用的目的。
        
        "
水能资源理论蕴藏量 theoretical calculation result of hydroenergy resource,"按河流多年平均年径流量和全部落差逐段算出的天然水能总量。其数值与径流量和落差有关。以年发电量和平均功率表示。根据1981年联合国新能源、可再生能源大会水电专家小组报告，全世界水能资源理论蕴藏量约为44.3万亿kW·h/a。 根据2003年全国水能资源普查结果，除台湾省外，中国河川水能资源理论蕴藏量约6.08万亿kW·h/a(或6.94亿kW)，居世界首位。因种种条件限制，不可能全部被开发。
        
        "
水能资源技术可开发量 technically developable amount of hydroenergy resource,"在当前技术水平条件下可开发利用的水能资源量。用河流规划和以前阶段确定的电站的年发电量和装机容量表示。年发电量为河流规划梯级联合运转情况下各梯级电站年发电量之和，装机容量为各梯级电站装机容量之和。
        
        "
水能资源经济可开发量 cost-effectively developable amount of hydroenergy resource,"在当前技术经济条件下，技术可开发量中具有经济开发价值的水能资源量。用年发电量和装机容量表示。即与其他能源相比具有竞争力，在水库淹没处理、水生态和环境保护等方面无制约性因素的梯级水电站的合计量。
        
        "
十三大水电基地 thirteen hydropower bases of China,"中国十三个水能资源丰富、开发利用条件优越的河流区段或地区。包括： 金沙江水电基地、雅砻江水电基地、大渡河水电基地、乌江水电基地、长江上游水电基地、南盘江红水河水电基地、澜沧江干流水电基地、黄河上游水电基地、黄河中游水电基地、湘西水电基地、闽浙赣水电基地、东北水电基地、怒江水电基地。十三大水电基地的大中型水电站(装机容量50MW及以上)的总装机规模为275772MW。
        
        "
西电东送 electricity transmission from West to East China,"开发贵州、云南、广西、四川、甘肃、内蒙古、山西等西部省区的电力资源，将其输送到东部电力紧缺的广东、上海、江苏、浙江和京津冀地区的电力发展战略性工程。西部大开发的标志性工程之一。实施西电东送是中国资源分布和生产力布局的客观要求，也是变西部地区资源优势为经济优势、促进东西部地区经济共同发展的重要措施。从南到北形成三条从西到东的送电通道。南线是将贵州乌江、云南澜沧江和桂、滇、黔三省区交界处的南盘江、北盘江、红水河的水电，以及黔、滇两省坑口火电向华南电网输电;中线是将三峡和金沙江干支流水电送往华中、华东电网;北线是将黄河上游水电和内蒙古、山西坑口火电向华北电网输电。
        
        "
水力发电站 hydropower station,"简称“水电站”。为水力发电而建设的由一系列建筑物和机电设备组成的综合工程设施。一般包括水库、挡水建筑物、泄水建筑物、进水建筑物、引水建筑物、尾水建筑物、发电厂房，以及各种机电设备等。如为综合利用枢纽，则尚有过船、过木、过鱼等设施。按水力资源分常规水电站、潮汐电站、抽水蓄能电站等;按调节性能分多年调节水电站、年调节水电站、日调节水电站、无调节水电站等;按集中水头和取得流量的方式分坝式水电站、引水式水电站、混合式水电站、集水网道式水电站等;也可按主厂房的结构特征分地面水电站、地下水电站、坝后式水电站、河床式水电站、露天式水电站等。对于综合利用的水利工程，当以水力发电为主要任务时常称“水电站”，如新安江水电站;当水力发电为次要任务时，则常称“水库”或“水利枢纽”，如官厅水库，丹江口水利枢纽等，这时的水电站则指该枢纽中专门为发电而采取的工程措施，即水电站引水建筑物、厂房、变压器场和开关站等。
        
        "
水电站开发方式 development type of hydropower station,"水电站为集中落差形成水头和引取发电流量所采取的工程总体布置方式。按集中落差形成水头的方式，分坝式开发、引水式开发和混合式开发三种基本方式;按引取流量的方式，分蓄水式开发和径流式开发。此外，还有跨流域开发、集水网道式开发等。对于潮汐电站，其主要开发方式有单库式、双库式、多库式等。一般应通过技术经济分析论证确定。
        
        "
坝式水电站 dam-type hydropower station,"亦称“抬水式水电站”、“壅水式水电站”。通过拦河筑坝壅高水位，使原河段的落差集中到坝址处，从而获得发电水头的水电站。采用坝式开发的水电站，一般需要具备较好的筑坝建库条件，且坝址上游常因形成水库而发生淹没。坝式开发方式有时可以形成比较大的水库，因而使水电站能进行径流调节，成为蓄水式水电站。若不能形成供径流调节用的水库，则水电站只能引取天然流量发电，成为径流式水电站。坝式开发的水电站，按其建筑物布置特点，分坝后式、河床式等。
        
        "
坝后式水电站 hydropower station at dam-toe,"亦称“坝下式水电站”。电站厂房位于坝后的水电站。是坝式开发水电站中水头相对较高的一类水电站。因水头较高，故将厂房建在坝的下游侧(或一岸地下)，可不承受上游的巨大水压力。常借助于较短的管道，穿过坝身、坝基或坝端岸上(地面或地下)，将水电站所需水量从坝上游引入厂房。
        
        "
河床式水电站 hydropower station in river channel,"电站厂房为挡水建筑物一部分的水电站。坝式开发水电站中水头较低的一种水电站。因其水头较低，坝上游侧的水压力不大，为节省工程量，常将水电站厂房与坝相衔接，作为挡水建筑物的一部分。水电站所需水量直接从厂房上游侧引入厂房，而不必修建专门的引水建筑物。
        
        "
引水式水电站 diversion type hydropower station,"通过长引水道，引取水流并形成发电水头的水电站。主体工程为较长的水电站引水建筑物和水电站厂房。通常没有拦河坝，只有很矮的堰或闸(有时甚至只有一段导水堤)以便截取河水进入引水建筑物，因此没有可供径流调节的水库，往往是径流式水电站。若其引水建筑物中的水流为有压流，则称“有压引水式水电站”，引水建筑物多采用有压隧洞，并通过调压室将隧洞与压力水管相联结。若其引水建筑物中的水流为无压流，则称“无压引水式水电站”，引水建筑物多采用引水渠道，并通过压力前池将渠道与压力水管相联结。
        
        "
混合式水电站 mixed-type hydropower station,"由坝和引水道共同集中形成发电水头的水电站。在开发河段的中部筑坝，从坝的上游侧开始，修建水电站引水建筑物(常为有压隧洞)，向下游侧延伸至开发河段的末端，通过调压室与水电站的压力水管相联结。它常具有可进行径流调节的水库，因而往往是蓄水式水电站。
        
        "
径流式水电站 run-of-river hydropower station,"不能进行径流调节的水电站。坝式开发的水电站，若其水库很小，有可能是径流式水电站;引水式开发的水电站，若没有水库，也是径流式水电站。它只能在水电站装机容量的范围内，按天然来水流量的大小，发出相应的水电站出力，不能适应电力系统负荷变化的要求，也不能蓄存洪水期多余的河川径流。因而供电质量较差，水能资源利用...
        
            阅读全文>>
        
        "
  ,"
        
            阅读全文>>
        
        "